Ch1_MAV,Ch1_RMS,Ch1_FFTMax,Ch2_MAV,Ch2_RMS,Ch2_FFTMax,Ch3_MAV,Ch3_RMS,Ch3_FFTMax,Ch4_MAV,Ch4_RMS,Ch4_FFTMax,Label
11.1414837268001,16.9663419840895,8.12410678601462,5.38056813983372,8.04797618468977,3.82391324824621,3.92691936427665,5.02599698799282,1.08714468072951,15.4323082147987,22.7838455175057,10.8339924426164,rest
5.83585481985167,7.23337855891917,4.07254789446689,2.71485734363089,3.2717738241114,1.8945483385759,3.85179172375751,5.04588599450704,1.16127038386332,7.67006066948761,9.10824655464293,5.30624081067573,rest
15.6840078264542,21.7055781712415,10.0758914248514,7.4408970423706,10.262533780176,4.73253669948546,4.14901587856991,5.51189894112802,1.59434227347868,21.3037136476791,29.7641316636398,14.0024559231825,rest
22.89582621166,27.8629366163594,11.1973326124107,10.8642970709415,13.0551919059402,5.26516818902228,4.35192852195293,5.66175522907236,1.31304997906193,31.2647559802182,38.2834623504138,15.5723405619023,rest
13.1646669365284,18.9043814172608,9.95108565213219,6.26880766014442,8.77491520141312,4.65100889551441,3.90457715736368,5.24159255603083,1.0698468489991,17.5309558269011,25.7891435128266,13.6621236813396,rest
5.92922171699346,7.0383681462147,3.61117515741411,2.95247627791186,3.45822743857302,1.58049059107689,2.8919223578685,4.03050777181083,0.889660156482073,7.34450449703789,9.28945685304354,4.74320179783463,rest
15.8812198567434,21.8511490440606,9.06083632420138,7.42969548931673,10.1913520572633,4.31065999281549,3.23502133204525,4.37849656439132,1.04962583033122,22.0464359819927,31.4554620520799,12.7813435085551,rest
22.8851371135629,27.3210513170045,10.7277910354431,10.8755095037134,13.0456505363746,5.22100410217817,3.82545331607941,4.81399224081935,1.52797698107113,31.42236557287,38.491207988712,15.3797776289699,rest
12.9063101771295,17.8637372650142,9.91679005165773,8.83357324684531,10.6489853234248,6.3016991355751,3.81501156251564,4.94196077828907,1.11217495458904,16.0689407553239,23.8074308335866,12.4085156528282,rest
7.24249335722145,9.08838885448678,5.55233248469654,19.0437436024469,27.0144161513402,14.8958427635995,9.30151406436446,13.4968437104065,6.8042657944689,5.21971161062497,6.77621728556866,2.21534476782003,rest
25.8483000619229,46.5966904191826,19.3396375840808,117.947748688661,246.387078301447,78.7239429105884,56.278723802532,108.868212374511,37.7327480342443,25.0659498020288,71.3657433416829,17.8411532071746,rest
54.8588582730456,151.065833234648,24.8713783802269,387.787506281226,1187.6800064204,158.804489298335,219.574372621599,627.222553157648,96.9183462327281,187.223744002112,535.553208676413,85.6867427140971,rest
38.7038855490632,144.343825575262,22.7094547212494,302.520444669693,1162.51279850503,163.547369616822,180.23812651928,618.061365181591,96.2173535447715,188.215262087283,532.855377928001,90.6691145262725,rest
7.85133503417437,12.1875024288356,3.03974902379884,21.4662420600948,30.2495912760583,16.4245835702877,12.2036347546811,17.2170937978691,8.54828473962416,33.1113902550768,49.646192209361,14.6694684347798,rest
13.1347805124301,18.5919202825209,9.54486342721906,9.34294029582097,11.2830658909718,6.17735915068564,4.36124122560472,5.42873542623429,2.43574044714216,23.9431607814472,30.2633556122772,16.008790221715,rest
21.7242693351689,26.3485878487863,10.4236553758709,10.8740355999913,13.1688953655628,5.41171391066056,3.43352973090296,4.15231060279761,1.11650005875704,31.4608306558454,37.7978244239667,14.8541953848819,rest
14.3127838434461,20.012749683426,9.7117237939991,6.96877967385434,9.88971323067676,4.85624420679914,3.01728906063337,3.72134848108454,0.998071153717628,21.5911783513542,29.1909433090298,13.6598870319566,rest
6.03547957616367,7.36960739017689,3.42807013252021,2.75870569955829,3.39613874565303,1.68746197591595,2.65649530420722,3.41077618311798,0.96384828953335,8.67636172542533,10.8694154898839,4.89168459741126,rest
13.4726194339669,18.6472721723806,9.94912830605261,6.49404032451284,9.08410763506969,4.87293177276094,2.46844316243826,3.31814879408863,0.813396562604814,18.9136566181053,26.8320792987672,13.8673977133532,rest
21.8046440451175,26.3193691062514,10.8542471227807,11.4233962447198,13.559163095466,5.44737738428111,3.27921639560153,4.10718002102079,1.43624621614541,30.3104035622574,36.8980507267926,14.7330116945519,rest
14.993619569118,20.1780518218167,10.7742784327924,10.9142403326477,12.7381295836982,8.04372165334881,6.19475692238065,7.75227987531761,4.36184903772209,20.0085893983762,27.5898299527378,13.0590695795217,rest
9.08761276332941,10.7900777363652,6.71282809187042,21.4105398505843,29.2489832797033,16.5325480849906,21.9153539699082,31.4779249327584,17.0124963779593,6.44556420432445,8.80890999047087,2.38070243010289,rest
36.9511664134491,67.9272616048515,24.5166749958994,123.606615710416,254.303413866896,84.100529874975,143.556778101768,307.884210542341,92.8448261823396,27.8202921523021,77.7486929815424,16.6086771918505,rest
102.398730735131,296.839844307214,41.2166518719767,393.777660879979,1196.48649493268,156.338882011122,479.047525611747,1340.30099529127,209.872011586799,141.407520667949,386.361242286976,61.8583392532254,rest
79.7494306675267,289.711090838853,42.2748455166193,303.229208981782,1169.83186377426,162.474831315068,374.963515277562,1305.37900180916,191.606673357337,141.344660691922,381.747861787643,63.4659667622832,rest
12.1821198906063,19.5685243381017,5.98970478244056,19.1835107852235,28.7306204509627,14.5336112858593,26.1113371616524,38.9506883624376,20.3195952361726,36.6689178751301,53.9082522478328,12.7144951872661,rest
13.8852583988498,19.1418770449072,9.3747227054972,7.39319099391703,9.68421007719135,3.2884424785723,6.88527412886746,9.04521656512775,3.04284032869032,26.2577230065187,34.4912933211527,14.795983152769,rest
21.8062170349181,26.3366913489842,10.2951864476815,10.0921177209655,12.4113757235449,4.82281078267947,4.88023688205193,6.31095226306499,1.596770679271,31.6329021380049,39.5049369452331,13.8766939738507,rest
14.1602088365313,19.6010899974089,10.1955584502504,6.99564860660259,9.71175957578899,5.01266765955088,4.18567770984889,5.23429913168119,1.71422251286437,22.9097899792647,30.5022212968289,12.7312212105662,rest
6.22749116842187,7.66477049683595,3.34618978984669,2.62945853620987,3.12969486995021,1.54093394183113,2.95599719446421,3.83563536920155,0.937307676635524,12.5284417471389,16.2228471601675,3.77025267126505,rest
13.41270806276,18.6232184584476,9.83644066082925,6.20136306601568,8.89303544430234,4.66877036219709,3.26372142889948,4.14361859981072,1.72445754690554,20.4990603763092,27.7100830916377,10.8425917452543,rest
21.6056199752054,26.2043823764758,10.4108388278072,10.562511833125,12.7636388791514,5.11264532608102,4.65968073440958,5.60717318977813,2.22975299548073,28.1101105197852,34.2584081104505,12.8470342428427,rest
14.3130334843863,19.9561671031772,9.29084082302238,10.1285242350307,12.0144111388938,6.25372036287081,6.35049545462944,7.51138948841427,3.68781554120669,21.8567625709701,27.3123244157267,13.128703073524,rest
4.9418497120484,6.47338261984985,2.23189812469286,22.9879101101944,33.106122355586,18.1061708219972,18.6237535412387,25.9710156173962,14.1122105177131,20.9473225410613,25.6378087136113,12.1310473269419,rest
19.8761156881152,55.2053258025605,11.9728951053796,140.350727209856,305.938412646224,97.1384921538662,117.898529087769,252.116644369268,76.4150639328903,86.328738405588,170.349329290504,53.083551744104,rest
98.66662930095,295.629936615734,39.1828010029783,461.947584452734,1335.7503844326,201.752152745721,394.336438183702,1081.76891114005,172.690712469595,302.758864287025,889.777920847132,126.327076446855,rest
88.3912423179762,290.740710716877,40.2795281159263,359.031316145023,1301.08143787645,187.4932888846,308.66614458482,1052.70105784308,156.266699377869,243.794647660542,873.924789219377,127.776226824945,rest
10.4962563923251,13.7139108582121,7.51937467644794,22.59907298575,34.4371468635074,18.1122742013384,20.8055611698313,30.3264817032545,16.1933163561627,20.7139933423058,26.6271911284202,15.9606520187047,rest
13.6920159079858,19.5147860273169,10.4498532811379,7.97879969716301,10.3349157892636,3.96617174841701,5.37608207916074,6.99967686095209,2.73479491690048,19.8501417169145,24.6403143759397,15.2277275415472,rest
21.7824254759841,26.8404616391418,11.0684378756568,9.6817126521382,12.1520006376044,4.71741648707438,4.00717341034281,4.80716058012963,2.12606053548477,27.6547418122855,32.5525977761465,13.686330885109,rest
13.8291198720423,19.6251010205456,10.187126828045,6.57010394788955,9.43382368406763,4.79136463567912,3.09911159969369,3.98062316382906,1.73788693816364,17.2463797188725,23.982040085722,12.2498651594418,rest
4.98620728027586,6.28579098686342,3.14126096238145,2.4577646924093,3.00693073078094,1.38605148768991,1.73305891839233,2.26624522788425,0.562493362791955,6.4860628460198,7.77935509600667,3.74084793728469,rest
12.7983279804601,18.5489039780656,9.83259243244631,6.1588942216681,8.76232750913751,4.6132871540393,2.69362836328259,3.61021238444673,1.74752843266426,15.6366375190006,23.0490545450441,12.1618937403553,rest
22.6855687941409,27.1973056476131,10.9211724803853,10.8051034402421,12.8596339369416,5.27239245485078,4.09034400351591,4.90846101719656,1.84810793205332,26.579988192903,32.6379057533878,13.380458758827,rest
16.6531822303417,21.5122775997841,11.5695226189876,10.3989834940191,12.2378622137049,6.79212797292759,5.04983056957282,6.16909437040087,2.26550284071096,16.7421284029798,24.1829577554293,11.3392428880973,rest
15.1678839809987,19.3166117095855,11.7617926331122,22.5813131253273,31.9870358559863,17.6192190715041,16.9249017661119,24.2809401697181,12.9204062217562,7.09952489518381,8.94029735945606,3.12173766994341,rest
77.9828825376763,157.018212242573,52.3091698155286,135.713087592029,295.740231216171,93.5365386252791,114.085189650671,249.060147856931,73.096803943807,45.7559428160759,115.758324660171,26.8780238029152,rest
250.740871707445,753.734928474879,100.518740158488,446.994522651486,1302.51090192199,193.809142944679,393.202678141386,1080.43036559845,172.959554669995,197.564262557605,538.209378536697,88.1413175821629,rest
194.549084719224,737.664144818794,103.551475565515,347.91450584777,1269.29935466918,180.281458210201,311.411253874213,1052.06161777483,156.182310440032,168.208740291725,526.131390454633,79.4481616404485,rest
15.3874276295689,20.2916957483959,12.1017958458904,22.9361999449227,33.7236104478051,18.3463491044184,22.0783031732578,31.8532514041839,17.1579554045055,19.3544885741411,25.7620377175785,11.22915467846,rest
15.2956888009345,19.9592819184989,11.8476876599534,9.51504249329932,11.5846686368505,6.36592316864856,5.88572632246722,7.57872212154458,3.62949209499084,20.9415254760594,27.9586330747072,12.6796150783121,rest
22.6564769684045,26.7305838417833,10.8253123530163,10.5893029937643,12.7375382897955,5.14555954774593,4.19873717973376,5.11864818581843,1.99757353777971,28.6399149692932,35.8446787547231,15.1903141207488,rest
14.518950368842,19.7238762701333,9.98616498441723,6.8416160273095,9.48498638300225,4.65362534811951,3.26124353383449,4.15429540209778,1.63602487373299,21.0778664264254,28.3120580453465,12.2304717593346,rest
5.45258453789815,6.57504376597344,3.31967022785367,2.57062484390398,3.31604133372774,1.56851018699655,2.5969590462454,3.33784695384421,0.746356380221375,11.7202972759741,15.1767785113843,3.23316054558212,rest
12.7783173596817,18.389313118301,9.85905188585596,6.00013696723354,8.71547081899227,4.60288974826583,3.34481938533121,4.1860016444262,1.50074580926002,20.056713559037,26.4175968417013,12.621175132755,rest
22.0776063120912,26.654620852709,11.1387617625284,10.2004100189342,12.424419977096,5.212069438494,4.52050166399333,5.3466272874533,2.39800380957633,29.6760109614129,35.9798987290338,13.839810967472,rest
16.5502776482347,21.1855045935416,11.7830258074699,6.56994245987881,9.34446225374822,4.59972816411712,5.33966238666622,6.22595112318419,3.53103106481096,23.2195852577326,29.8714518376554,13.3738442663121,rest
18.6410995033906,24.5172300335292,14.2387070710917,1.99357842529664,2.57367438500953,1.12440459246049,13.8690234372718,19.2008574296519,10.5280756768092,20.8569023042815,25.8544729938432,13.3081999747698,rest
102.050484704669,216.358790743695,68.8893473972216,1.81185809308199,2.48196829349598,0.857768866878107,86.1931244746954,185.40141029696,57.9183600941338,88.8935532405368,180.336317757831,59.7463500274206,rest
343.926260416409,1045.12831254436,137.281807871274,3.39648225497594,7.21680565157862,1.46279127212101,294.688915290231,894.919144521372,117.196951474377,288.044263551953,891.425091019949,123.184703812979,rest
271.646371816905,1023.10951567756,141.783558390095,3.31802646496452,7.11177622737407,1.40547515113668,233.775298198955,876.027513889522,121.227372163083,224.98697022196,873.540554748536,124.104521006106,rest
18.6898414150511,27.4139727975172,13.230217653962,2.28607823141114,2.84737634579483,1.23038071218608,17.0324094791456,24.411639638736,12.6317685595568,17.6183798066866,23.1046192662686,13.2736920258261,rest
12.5738356603703,17.9146555156327,7.08493194862932,6.02645774603527,8.61646324580074,4.61163725995986,4.91532584117298,6.28279105192621,1.61732789764707,17.9753434286089,23.9054890482365,13.5438898270701,rest
21.7125248844591,26.595932591201,10.5804205759551,10.1681250570102,12.490176334516,5.04311542604052,4.36621045478222,5.49716632839603,1.39488383635664,27.2345538699688,32.5161069532921,13.7647672330722,rest
14.698109583824,20.8202959510866,9.97701864256842,6.87997390494933,9.6338795456394,4.56159980302729,3.74904121171322,4.81614173289061,1.33547403107663,17.3875533952892,24.1942607582496,12.1060126349902,rest
5.04535962485549,6.3389224052958,3.05952935180113,2.57225769481982,3.07729299181368,1.36946675922486,3.02800938395581,3.74896168413697,0.92866450359218,6.77292735211875,8.58586462950081,3.99020128894335,rest
13.2940862674039,19.4012026647411,10.2954059810512,6.36652682814722,9.09529566416581,4.80853181996846,3.82961695017001,4.72401237756748,1.377967390627,15.8896284255446,22.6473642847598,12.0912545167433,rest
22.2794338129978,27.2054166946916,11.079703767617,10.6324950940846,12.7104974108403,5.29542667857196,4.51981095817611,5.62094146652546,1.5782898997228,26.5268393753769,32.2006194498522,13.0009844437166,rest
14.9551054967088,20.4227779606391,9.29496030733921,6.80843572371423,9.37635995019896,4.73912633592,5.58631629122725,7.25298992886561,2.80184270415201,18.0392422441577,24.5744668858476,12.7287807670972,rest
17.9005090027082,25.2164398739718,12.8691298614338,4.17978122764531,5.35620587661783,2.67289163711322,19.0495110096664,27.5076734018466,14.7255791091784,8.49092478997377,10.2529488504944,6.17781008331559,rest
108.19015136053,227.965319659474,75.8052389416421,18.8755224487694,36.8436519753499,14.116101850598,117.999445300069,233.086915911216,82.1552053188519,33.2060739153572,84.9560771033825,22.6711341839432,rest
343.521920265369,1042.85526280686,136.691794967281,49.1955801020571,144.068784579243,20.0134069418668,492.757089521715,1388.36040780497,224.875042437735,204.012417068652,580.265290567993,90.4654205331848,rest
263.607882479238,1018.21006116907,140.02300498926,34.6853161872854,139.388819739779,19.2882141369734,409.217891491356,1369.30896000033,219.335877527066,187.656243700404,574.440530998956,91.0935738078731,rest
16.8793669550162,24.4755537465532,11.3206153316501,2.74176295705699,3.43812665466609,1.13616495943712,23.5958159933703,33.7981329368706,18.0663056846136,17.8521372414276,22.8259992844407,12.9430633183572,rest
12.9858219659527,19.0497896608964,7.56904576305704,6.22711311426046,9.35335290296023,4.67972576373443,7.42567013720354,9.51029753471113,4.68573288237889,19.3164140156635,25.9677193460917,13.9022914822062,rest
22.4370665037209,27.893060508234,11.2010788066978,10.8155400073997,13.4870724716292,5.28818957703786,4.80807157978891,6.18335865445524,1.79639091421689,27.6762253892294,34.1850923424102,12.6642445003427,rest
15.4664535605731,21.7203823216363,10.465654327525,7.21634318576016,10.2675670087336,4.955560634545,4.55326450704832,5.94081237663128,1.90228979220431,18.987338578633,26.0833561235636,12.1232468764241,rest
6.10024282308157,7.64431022856305,3.43642733905614,2.85916314809859,3.54159395139301,1.72917493192057,4.50132819050337,5.66172785218519,1.73686629535092,9.50241753695667,12.457774815188,4.76322325864119,rest
13.7799670907001,19.86679551608,10.5871159942979,6.89184996125646,9.89016286345634,5.2995744410542,5.20989987946343,6.29879237805854,1.42417587085163,18.5701448316164,25.5159357029102,13.3027186836558,rest
23.4056046137135,28.8832402681907,11.6743161366335,10.7800599412933,13.266302313859,5.38473549821563,5.2982017718434,6.4260988551276,1.83096142121464,29.9231684261353,35.769961651551,14.2313180461768,rest
17.3782591650842,22.990368875238,11.1505997477716,9.27275199510295,11.4103371842655,4.10889317671688,5.71557337654902,7.22739254808678,2.11859328805701,20.5554066440249,27.5654334570184,14.5604310830707,rest
20.1842183055411,27.5618368502673,14.851531060909,24.4501121142597,35.3569417446259,18.5564708105104,14.4298584955099,19.5074739098954,10.0375622829277,12.8296835644194,16.2164225184693,9.43488440251589,rest
113.075159125348,230.353537761879,78.9629984188079,160.171147930746,347.845769602375,106.051955746982,80.8246610590237,171.449407775927,54.91693653992,52.7344513380833,111.45382774201,30.35010983438,rest
344.935459220895,1046.38437887109,138.160048567269,539.276076028276,1493.68411214913,236.836670318821,269.329025649543,820.739871223556,108.473293022441,174.805049467989,469.032685986786,77.6022586375719,rest
261.532539506753,1021.37471210547,141.54292449334,423.386162907015,1453.64629874973,215.874596119662,212.377435075281,803.219477659449,111.671053120306,147.676506443522,457.036547442844,68.6943103683647,rest
16.9191227474366,25.9042370121456,11.2975976060176,27.6932545052196,42.9096615646324,21.9054593094445,16.5228170650057,25.3369137804709,11.8023843340212,24.0488091310879,35.35217535264,12.9112129185082,rest
12.8115179979197,18.0332107873944,7.71383763991307,7.96795303651452,10.4109748904077,3.87343350760684,6.37238738106308,8.04656875582701,1.72658631026114,19.4657799799295,25.181933200586,12.4582624467611,rest
21.695600203197,26.2354690573385,10.5001674176908,9.66334508375395,11.9924103469015,4.66413189407496,5.69803239753559,6.65806771108949,1.88473153243846,27.3590600815884,34.5301977157882,13.149707608189,rest
14.6204904111009,20.2810938132817,10.0725114333049,7.06940936150706,9.76165364862055,4.88880653388447,5.22780251744982,6.19771844584845,1.61281047852222,18.1564057984795,26.9613481535726,11.531109399041,rest
6.16727980940177,7.38188750806603,3.47557019581967,2.92319783679232,3.57427647072164,1.70067119462216,3.85877104742536,4.81718158406832,1.26847807628075,8.28298246723473,10.155601831114,3.8922328741413,rest
13.7941206466776,19.8455347435136,10.3615578071109,6.54590072979351,9.28905647247139,4.91584043733475,4.38692204581095,5.91406677310886,1.56533852978868,18.0276123770577,24.8650035183701,12.5110125884892,rest
22.0705002422234,27.2842963812921,11.3551715225398,10.1629180848043,12.5225044983262,5.38362743134016,5.52836239966776,6.98694789457883,2.160597762786,26.8134476431931,33.157497769643,12.7234967834732,rest
14.2545486209822,20.0428988182561,9.89492088580089,8.81682607184336,10.9241475902668,4.26857221833323,5.53311346474262,6.80029307972965,3.08680779681483,16.5643478536959,24.0739762085344,9.86479017676917,rest
11.4084385105688,15.4129081581755,7.61386085957702,23.3359076854064,34.2479337079164,18.0536224854926,10.1441638140566,13.45556479802,6.98768656920229,14.3254808956556,20.8838114636026,8.10096208079557,rest
67.3503680490445,150.264415769965,45.0128904606277,153.569504774794,335.786045481316,102.136131693868,57.0195415101887,111.441087117277,37.7443811708255,86.8737845158345,173.33295641923,58.7353043679927,rest
243.429278158046,740.637152209487,97.1423162235288,519.756853068232,1450.15379617565,227.8706549846,209.076703509732,607.013337209579,91.4835959312695,297.362226979345,884.088411675021,126.787223630785,rest
196.972799600396,725.700320370531,101.112507783759,408.714514020997,1411.70292580366,207.744639717077,168.782004756269,597.029780999776,90.9366908004019,235.905843975736,867.532818833368,128.37378898676,rest
16.4599418839419,23.1175449561054,10.2765729187216,28.184829235665,40.7205812209907,22.1588313493727,12.3545953469055,16.440471220418,8.13656790204949,19.4437390856234,26.8544841453333,8.78610441857545,rest
14.9155934682362,21.1107449657727,7.90029058992175,10.8141442991091,12.8091242217529,7.69642287915304,6.5921259838312,8.29003454280255,3.11301056012535,17.5700661377496,23.90131947847,10.3494872086063,rest
23.7748658794136,28.6035507061072,11.0656795673538,11.3014927246339,13.2776396714902,5.51899675962398,6.34571876000064,7.94277617273459,2.28623210504374,27.1453370821641,33.5827725836135,12.840901896494,rest
16.4669634489451,21.9272611482594,10.103618816245,7.07856481472889,9.72649465480562,4.55662566542328,5.57916535081883,7.52101600537646,1.87388798693167,19.2615693196683,26.4059361291301,12.4871856502783,rest
6.80678090085969,8.36687192786636,2.82191203695115,2.72403221212438,3.28013878731763,1.50222684863352,5.05546628320885,7.10200067623287,1.84439183793201,8.18636362830951,10.1415642090631,4.01392994011549,rest
14.209795286568,19.7096650909383,10.0472603307766,6.48899606280236,9.07846551863068,4.67681495499836,5.33636924134408,7.12883105508167,1.46667007328003,17.0353544709602,24.2799465653263,12.0845918256977,rest
23.0538374564591,27.7490647903079,11.6156211413298,11.1717268565585,13.3136057350659,5.75161944090878,5.87351988791411,7.34093306927597,2.14509588578994,28.5480830962361,35.1762999122246,13.8549888725335,rest
15.3739283772194,21.1566815740799,10.229681500376,10.028180274439,12.026505489016,7.24516564414779,7.48613817392156,9.29850027871907,4.03846453167259,21.0685575642277,27.9604685838349,14.8805081941241,rest
6.90350763241062,8.78453530316324,3.41267764628333,20.1743401046859,28.0834166006755,15.6317391420204,22.0025888845277,31.8616275043222,16.758091133589,20.2135256715031,25.9722795698647,15.1931363868081,rest
11.5823568940969,15.4098915594351,7.51204058757901,120.835739091044,231.701796974572,82.830113835528,123.63566567174,253.73098149421,90.8836442852626,103.472746300114,211.799183173443,69.8510966447172,rest
17.7207235413285,22.0721366798236,8.94494135613636,467.718609309654,1319.69132418245,210.832292462188,538.82327574895,1518.10631891988,248.387150947372,325.379441494156,984.894086515393,128.740984005053,rest
12.3305944322608,17.6650910944524,7.19527839061698,380.659119788286,1299.81895002848,205.1854715235,452.256165836792,1497.47916028795,241.855902258341,249.214684200326,962.430461222413,133.513580540711,rest
5.67372237829567,6.69045584637966,3.85861821841989,20.9301619227335,30.3517658145257,15.9860319035306,24.6051045053763,36.0559932226592,19.2832887392225,16.1090580926511,23.7980898023149,10.925714045693,rest
14.138773995073,19.6786812741477,10.3842029639263,8.22490008324149,10.4294094170781,4.00527824478984,7.81114248678359,10.2790700937628,4.24649324137472,15.749616238196,22.7058549659057,10.2692274395224,rest
22.6523581195325,27.3869494989122,10.9707963366823,10.2392698581305,12.5939195590127,4.94135134452035,5.79142656998349,7.55505726902104,1.92770205407689,27.1237581500345,32.8476454729253,13.217004758501,rest
14.6037685187666,20.3848896028034,10.1068233313959,6.98735965366197,9.65315222945163,4.83983865830787,5.20711621657515,6.28008623745272,1.97573126778601,17.7437791406203,25.0430488308959,12.3040188112966,rest
5.52301084773759,6.90764249944341,3.22271453022927,2.93762966169572,3.56631435278625,1.63499618277537,4.68625427079066,6.06209476072483,1.23656241262146,6.88845135759055,8.55066854855189,3.71073786170002,rest
13.1949466645718,19.0156064596389,10.0744477182382,6.35415571452645,8.85985305412587,4.67539011487022,5.03229460204363,7.11988856515869,1.71309158755809,16.4790141221059,23.6953162783292,12.4671950228575,rest
22.5144422199266,27.2727252054142,10.9927336463192,10.7625333187598,12.7145295779631,5.31225287870456,6.19445143258161,7.97519325959541,2.04675414517271,26.3967347539815,32.7174030022486,13.4044380904786,rest
15.3315354695395,20.9151856915447,10.651346459777,10.889841932159,12.8516707677176,6.46561879928799,6.74834528893117,8.26310762861493,2.96160709560521,16.6696698160469,24.0285985136919,10.807945069142,rest
9.40267780755405,12.0318888168533,6.76800881721196,29.4048873883265,41.7163786789801,22.4631987192274,17.2135492878264,24.2346833842023,12.7272032125544,13.2991258721159,18.3267268306785,7.84724147571377,rest
39.190254376015,70.74191955946,27.5154269561894,185.921588380013,398.021676410185,122.140843614375,108.417769322629,235.996225004792,69.2195561171631,81.5535730684839,191.951686242627,57.2896236828515,rest
103.004809890396,305.263286902554,42.1375584623491,621.189690239698,1695.61174449765,271.94108156442,372.833077461335,1018.87497136255,163.91889686006,356.964832829849,1058.44684842081,155.589009433347,rest
75.9370816706654,297.345055727197,42.8063506586055,487.196890390689,1649.44195509238,246.549112726459,295.145949037407,991.855352435101,147.790355853533,314.890673248005,1042.83134151817,158.650324553961,rest
9.89706617538761,13.0604610378803,4.83441979760026,33.44032443431,49.1031546903233,25.8609171482557,21.2586065440963,29.547369936803,15.6149444205057,36.1816561686873,62.3551765451434,19.124636998984,rest
14.7717544663756,20.9059030656728,10.6921118850974,11.2246741004729,13.3265922797718,7.22189170481376,6.90031974478601,9.08090903473924,3.6269947868458,21.6510472069713,28.3463692223673,11.0407260888394,rest
22.2574837132729,28.3856820782344,10.7934323765355,10.8490427362673,13.1375402457753,5.23732898053674,5.72915708262012,7.68868558279165,2.03427287683043,29.3212160752621,35.3308915864543,14.9117786163386,rest
14.9069939314095,21.4839812253306,10.0669178965957,6.74042566229076,9.75273919583279,4.66777125947151,5.63708567902157,7.56034718130316,2.16705569297535,19.8649066726345,26.5655549901811,12.6433569243633,rest
7.18208780992803,8.83880480374491,3.0685131093029,2.64720155077402,3.33152163370999,1.35481779178791,4.407322625371,5.60154255427078,1.29773093871825,11.9604031927285,14.7804412108474,4.17143332579967,rest
14.3331343169468,19.3507129808353,9.85908979356488,6.42933579932211,9.18096372253702,4.76203948806787,4.88697995174482,6.17977644232598,1.43495742258967,20.2228493917647,27.2475766160082,11.8812734779376,rest
22.1679257278116,26.7749135194282,10.9371195068584,10.6730116696093,12.8467867900561,5.33681610056755,6.10393485016049,7.73258583734284,2.42284943324015,30.3641442412082,38.5828575525036,15.0705011031015,rest
14.8656016332196,20.4016190930017,9.77067400511213,6.94291221213299,9.56182770822382,4.68376729770441,5.54517669169751,7.13681398163076,1.67424792051486,21.8240692431438,30.8583764556284,12.7100234577236,rest
5.3885180530393,7.23770038996579,3.14385112636268,2.37305555545844,3.02035333911354,1.41566901120949,4.57532965762189,5.73093912032034,2.02954709409843,9.14213374687849,12.1192476212189,3.26787120034248,rest
5.20379939517501,6.86671359471054,2.79152396783389,2.71311722896311,3.52024955296868,1.67435232147727,5.04025915257651,6.62948842794601,1.55467893643384,8.80597464705936,11.8605674527951,3.7352893350093,rest
9.11692176485925,11.1768393338174,3.95157909532609,6.39001911733859,8.44180966574286,2.83365096846789,5.91877834796412,8.09115884138944,1.57493780925501,18.3325890472642,27.1773217968743,6.70202498665625,index
15.992607083934,20.6303947292233,11.7565818910846,10.1565644392017,12.3985208547267,6.11087676488199,7.15688203420324,9.72978707462832,2.35737360668799,30.6246478956059,39.2721492888084,14.2019469820213,index
22.6408007597452,28.0378260170694,11.5074486274085,12.3590452673458,14.6189343587069,6.48698286730115,7.58106244416224,9.62419784609408,2.36852074260011,34.5284425430051,44.2869028061269,13.5512533179911,index
15.4641972805234,21.8850609814815,9.24006265482304,9.7056638892096,12.3162040225012,4.58452389048208,6.83176620756686,8.19304737022602,1.84597822665283,29.3519939445621,38.9071655721228,11.9922602057733,index
5.98369177356726,7.32611316879577,3.13537728597768,6.74886897787592,8.93577872805293,2.17194824813421,6.63326830268339,8.07355962033604,2.31901724909796,23.5053855552586,29.005058622511,6.72779232180829,index
12.5947521938156,17.6394448370703,9.15166466575701,9.59956834368785,12.6478376198442,5.17739925584701,6.90279657189413,8.69502199145851,2.54639590723476,25.4668768846075,30.9838268472339,9.54680747932299,index
22.3268408775316,27.7243284435806,10.7496207086017,12.4983419137541,15.9101361430795,5.97707977074413,7.78410507866349,9.68226290498186,2.98519352322738,29.406080516001,37.4427023686483,9.59704224650486,index
16.1429551882852,22.8000399687174,9.22081807764341,10.4847461081003,13.7047245677559,4.93328548490296,7.21031469525527,8.72698976624063,2.16250907581911,26.4894942834631,35.5232214466266,9.45841522285213,index
6.41566361080214,7.85356017923805,2.94031492238548,6.64212168204645,8.53361804059252,2.04333866738969,6.04514908542817,7.23139048500064,1.79529583103452,21.5089206946318,28.0737274659191,7.42251968928777,index
13.3067217182264,18.1781969496178,9.65334404631804,8.24316834953346,10.7166515714475,4.24589139858569,6.57797373695581,7.96655510159769,1.77985839925338,25.7002777546215,32.3556135916921,10.3646730785249,index
23.1721421513719,28.2215300167774,12.6603292965013,12.0412208398505,15.4223969115252,6.0728234390319,6.78718585969463,8.47258068940182,2.44913307960383,30.7373063786899,38.8345569933056,13.7146453749531,index
15.7528658594391,22.8135891048205,9.47554378525316,9.61251938385644,13.3597859475795,4.18374351972627,6.16758669340076,7.73111107333158,2.55181786288403,26.1459504053276,34.2964053527178,10.2765561376954,index
5.77881870126359,7.40222462954026,2.84411458040708,5.44052502850881,6.9453847086457,1.60514447157545,5.7611064893149,7.1458938974031,1.80873678790743,20.5788006938183,26.4713935369538,5.96466631845954,index
12.6994444350148,17.8767512601767,9.29785007595227,7.47703084007573,9.64444808479709,4.28270708425714,6.13775953882983,7.83803239467904,1.86153654524684,25.5093589462517,33.1761479574591,11.1247741282346,index
21.2758499375757,26.1671611959441,10.6936770005096,10.3012208368063,12.8374637750739,5.60136840310002,7.14416594840392,8.78340402820138,1.94323865402515,35.5064278117615,44.1630198946528,14.6920209030243,index
15.1090114385964,20.7958318334014,9.31213500636608,7.99326967873832,10.6331462863931,4.24908402482723,7.07722698177432,8.6989562250886,2.38025735002458,29.4200853408256,38.7636885891764,10.5525791915589,index
6.2856983955365,8.02361585236327,3.61508371353569,4.79309461373015,5.98200657654018,1.62739737774653,5.89413250978139,7.50711433122933,1.69585537069687,18.1508617514774,23.0285626519901,4.9984926767096,index
13.2668392994141,18.9009891756914,9.74613466402105,8.19917226572934,10.7689731996003,4.66808104305825,6.85168105222135,8.82307796169743,2.13640273205729,27.5358953028385,36.0874100092828,11.5683781120119,index
21.6202643985329,27.0003245759775,9.88071576549226,12.1231965591723,14.8980030744898,5.38684560178615,18.5597834283021,25.7898844147616,12.2849802931221,36.7468706006451,43.8910154956028,12.3279345558536,index
36.7535453042544,81.3024199573845,14.4917980534496,14.4182379817342,30.1038287372378,5.06248682036878,103.035221146219,217.985070743212,69.6044212535648,75.4433858349558,172.219563113791,38.1419095645053,index
145.153927779842,445.351100022599,58.4864882061256,50.2715340778163,152.105934723369,20.4086302234188,344.018415352967,1044.79737485424,137.162600743548,332.486682348577,988.833081592422,146.553874103245,rest
131.721027996412,438.870244489296,64.2423406377509,53.8691611615357,151.148916459862,23.2058082776375,271.545416465684,1022.49060266917,142.598073387481,303.947702887184,975.661969011446,149.692438881669,rest
17.3777324055246,23.6172996790595,11.1608234092778,15.3763398554617,23.4835210229369,5.69059312051699,21.6430157691963,29.8777264172603,15.0477856864592,48.1913182239314,64.1229239197693,20.1159592409078,rest
15.9673799463414,21.0905472976578,11.4595061415916,9.06796363213141,12.128755459995,5.67769160245136,8.4127358860882,11.3673913811272,3.137103956392,35.8266777979734,44.2614075521986,17.5660607479821,rest
22.6546389283768,27.7098545025539,11.0932935946543,11.1074637021397,13.3217641731545,5.46204126548198,6.42719786466346,8.24789807040508,2.27528626733214,31.5744351272298,39.0895610737173,12.0081356094719,rest
14.4751516927186,20.4474397608727,9.67562513994064,6.86178601348994,9.6720373101691,4.64324492424049,6.00331605848675,7.63387823631575,1.58076163956842,25.3257971995115,32.4523615568565,13.0871084889375,rest
5.67802022068666,6.85613460014449,2.63816275493306,2.81945522638182,3.51988553010714,1.4350179830994,4.93983812924102,6.27519783520815,1.43034003915366,18.204939410998,22.1719893179149,5.29416548248741,rest
13.7912889341425,19.4888926545757,10.400097074872,6.63654229663727,9.34744254773278,4.83894354100499,5.35146343255822,6.91666907967034,1.8957304541515,21.2764251822775,27.8895745637447,11.5427394207327,rest
22.1960036822897,27.1390228203032,11.3868928012906,10.4457229069821,12.9358353115016,5.31078069333094,5.81958305019731,7.32143809229973,2.14570650227654,27.2349009572438,34.0569154133491,12.532404499405,rest
14.2911200578884,20.1926182608801,9.90616718974368,6.54416051773288,9.59742062202525,4.70842318910923,5.53770230031428,7.21273794510542,1.73747921002153,21.4681197709082,27.7633772960559,12.1822000456446,rest
5.4495243241782,6.67534373002784,2.79284392143282,2.48791077301923,3.21672545685653,1.42202641416362,4.69820661147446,6.33958669109693,1.56397132737567,15.2067678603333,19.4248558534078,4.063464930055,rest
5.45193824810813,6.66551026357209,2.99362616219477,2.86826507395383,3.60578825861964,1.53401498024293,3.82618089885879,5.03896291836468,1.22119108234888,14.3975187428016,18.3200986318271,5.02780099463386,rest
8.49010368841162,10.6588025671811,3.67033050029125,7.02484953543682,9.57417110300328,2.86953134539087,6.3957651654771,9.13780805875609,1.99248505077581,24.3426140377695,34.4315834841827,7.25439723848045,index
15.2449031090895,18.9731561203757,11.325205490676,11.2101659579157,13.4835591843833,5.60979161924865,8.57098855639325,11.0169007943844,3.23059157364335,40.1892841930496,52.0585111459287,15.7260116298747,index
21.6607200661446,26.6575038420424,10.5432684713906,13.5718030313965,16.5515148571591,4.78632432280486,9.3513096031061,12.1082803014167,3.23572344922844,47.3262361350683,58.4775737665205,18.1848705540143,index
16.1589716151944,22.2348261322097,8.66957013075685,12.1708295425222,15.4359297908586,4.5154192899866,9.16892721309487,11.9887125546691,3.19825670302915,41.1345456017112,51.5287108250101,13.6266255082273,index
7.64697185708044,9.54364977778658,3.52993629128315,7.91945393094297,10.410138585415,2.50031117850052,6.76165242126446,8.55887289181529,2.60203937840145,29.7572793246186,38.8322552435364,10.6094390700249,index
13.1711933265795,17.6322974519584,9.4966774684411,9.45142779730146,12.2933390531565,5.0030981332613,6.90452030896438,8.68124296388289,2.21212493148417,34.8033674722342,43.742702271462,10.3198619961307,index
21.3481255418604,26.0129936796843,10.595503916039,12.37150777508,15.5048884504558,5.14313616546022,7.87475559148149,9.90198555073583,2.41166899952065,40.8993765330492,48.9917552322275,15.2036633205736,index
15.0865263268398,20.9663795068149,9.17794197991484,11.2617440633601,14.9079088136394,4.95338835817744,8.76230559403176,11.1468085558995,2.86447396434103,36.5193814330514,45.9628248579707,12.6236603115268,index
6.50783711499445,8.27118744351517,2.9420863963221,9.51989191389428,12.5063867097264,3.25294591495691,8.64846157215395,11.1297832032212,2.62877282429364,31.5216613636761,41.6371507929384,10.7570768629693,index
13.5405020190556,18.7913959357198,9.06767086358486,12.5699302249382,16.0077594909078,4.97285601460322,8.39511918097381,10.9862063335484,2.98916376723987,35.6087365999473,46.0044246512885,12.133092201683,index
23.3354325572183,28.6907406399766,11.2969650662745,17.4696752824356,22.6876763051492,6.57289335270523,8.50963311748372,11.5246340083105,3.03143417634225,43.7256024192034,55.5974115432751,14.2127310745182,index
16.3577144954724,23.2750562900239,9.16775775316802,15.459328019892,20.852142018092,4.73634679980162,7.93253919666092,10.444279763405,2.7207169901785,44.4938212146264,57.1859440694841,13.714853768865,index
6.94987041441866,8.80932119267738,3.3349829498516,12.5228104064768,16.2697432062291,4.50568747577198,8.24606935518386,10.4797566691452,2.23513257051124,43.462931529799,54.2818930469229,14.1560787386527,index
14.0030968763502,19.6529233113749,9.60820938825916,15.0657329077055,19.7043631784074,5.46505527409282,9.43027491186982,11.6078220199399,2.87769697521219,39.5881420657185,49.8371528869678,12.1902031356156,index
22.7931074797467,28.3401945832559,11.7212814890468,15.5168216819935,20.0879390828774,6.24543175883227,8.74456035745993,10.9182624432857,2.7323918363157,38.6337041893704,51.6401523529537,11.9978720186034,index
15.5880751129292,22.1643078906357,9.5882150498851,12.0724415111133,16.0545914868881,4.34291018029644,7.31858337145972,9.50058958693429,2.72794941833592,35.8018315299095,50.0944076606077,11.8441296404211,index
6.31748618916569,8.30510955453782,3.56186372386536,9.61825335003174,12.0836494837595,2.88322993976126,6.42488197993657,8.22146030358737,2.02363213601407,27.9882806146848,38.3258483519891,9.64113702070125,index
14.1550320355822,19.7111484724129,10.7132534315706,12.6896689000638,15.5792606860351,6.11161170837761,6.45471869390358,8.16076836923863,1.98966732984593,32.601474258018,41.0092918110096,14.6282471542874,index
24.3540067973443,28.4691969638131,10.2153325288049,19.7683433209992,24.6636919867094,12.86801110727,9.85392592836729,12.8086797769264,3.9333994154868,43.7075150289097,53.4865666390607,15.7840789621776,index
78.1463137428646,162.428725702711,50.3844860061086,99.9385670987036,217.642488028617,68.2486798491891,37.3264657376196,76.9752310568649,24.1929655115566,127.387956875344,272.407734620474,64.9852075358812,index
243.442922539791,744.525929173227,99.5858124297461,341.085798297337,1040.95066197179,137.477449362801,122.913367313106,373.673693526964,49.3818178536714,428.063912270968,1177.34472722489,190.678596699674,rest
188.682929842793,727.131893487547,99.8291910968235,268.619318740119,1018.5078195967,140.874412740536,98.1467096927889,366.0104377784,51.6102027170407,344.436639466891,1146.67316243995,172.590140796116,rest
12.0933522969452,18.6096929927019,8.06666357933992,18.4693931040456,27.3026861913403,13.8972093707351,8.97402558930448,12.5385980500944,6.14351098539788,24.2993672328158,36.1036203875586,18.0902660129628,rest
11.6165920672436,18.260200972465,7.85609015073649,7.00598911549784,9.53238439011839,3.30456841763663,5.09452223687663,6.37631465221233,2.83652363795334,16.4426703555287,22.1952300126658,9.49679778198708,rest
21.3200203996451,26.8320731416417,10.6830950589528,9.94643938493445,12.6648741133007,4.90111320217595,4.9582177932045,6.02905384209704,1.7011244194615,26.4695842655708,31.7989680273436,12.8338254413735,rest
14.3273465307579,20.5663051730851,9.88830219028607,6.99798661236562,9.91037976161499,4.79382120798358,4.3636231485321,5.57094842383628,1.53819432563756,17.3457699982454,24.509138317196,11.8993282925174,rest
5.43358162442322,6.62048449558006,3.07387565816348,2.51151146074255,3.10017061282898,1.41067149062531,4.3338693397025,5.65193098942254,1.53847767697351,6.28025422252535,7.86298844237196,3.62634339707311,rest
13.579432658904,19.629186601641,10.1686964603145,6.27709903319969,9.31781730588461,4.83454542476457,4.39113351447034,5.60032518558501,1.76880895289987,16.3902285942801,23.582478664493,12.6493302721177,rest
22.5758634967062,27.7814860873373,11.4062501472116,10.6442391227648,13.1685641225109,5.40680238520349,4.97227728060988,6.65076432906034,1.71746102436139,26.8073311566621,32.9611525072062,13.634607123252,rest
14.1804634754188,20.6683590826795,10.271799163414,6.84878540670258,9.78827426100142,4.89096720787057,4.83108902093931,6.57366337001245,1.83070669702454,17.2494406016042,24.4496978295081,12.8329512506077,rest
4.41811503887875,5.62985298018048,2.90490398202779,2.24748427258576,2.68712633177018,1.33604753757087,3.6737219991119,4.85137354866772,1.15124431500806,5.26774998280112,6.71358791639645,3.54058509333348,rest
4.49411223636693,5.56497274833531,2.82908282773737,2.48064768805359,3.20774596632637,1.52200630084129,3.81211061861646,4.99645207924004,1.10629846420163,5.0948057923177,6.90136011464694,3.44981196826707,rest
7.81201555223778,9.73261843705549,3.41859117106303,9.22718374790166,14.5992013918074,3.97099397470166,6.5623737660279,9.06373810243105,1.98061055652233,17.5526487639987,24.432132450152,5.1961516634151,index
15.3957901611364,19.6861548202772,11.4391071152392,13.7679696254522,18.0378213448989,5.15337039284055,9.91744233883689,12.4375850567733,3.37385567406419,33.4766204123863,40.4603816969056,14.0661736643136,index
22.5691155530595,27.3646005267512,11.03957788922,14.980604356431,18.8125049019095,7.05807336807875,11.7512153792903,14.0636380839805,4.43135954069913,39.2795347658327,47.1835449606411,11.4239204936664,index
15.556124133971,21.6202571940347,8.37082754913231,18.6915887883755,23.5608149690143,5.94049646714847,11.3197752103142,14.1989569021871,3.43856458462583,40.1551717022247,50.5321748963013,13.04700286865,index
6.95465770317297,8.78689386830471,3.46696963872449,17.84031963323,23.2069988034586,6.53326986447357,9.38219925956792,12.8999384628764,3.1028717072025,35.1606760090339,46.3736641918505,12.5198667226962,index
13.8608982134585,18.8232240674175,9.99765624364893,15.3607532755098,19.210233101903,4.64222607453891,7.61027855679802,10.4419140357057,2.40814086941105,32.9779993662446,41.1393455873779,10.465799010185,index
22.2864011884429,27.4311224495979,11.4005290284347,16.1504279245721,19.7277238207496,5.38513320247222,7.59100223022058,9.43536298023574,2.3467183768087,33.0410682548413,41.8404458430259,15.7434687567621,index
15.28401980614,21.7636109555622,9.70269476443059,13.2402099808345,17.5979090936322,4.21023362217407,7.98857969343995,9.86443211651557,2.67119576963889,31.3647691064034,40.8209767161243,11.069877291828,index
5.9290061019051,7.52096538837078,2.84829924198248,8.34211110281013,10.9287043174962,3.25584026325729,6.67828104783745,8.28803809565239,2.02250777220099,28.2167625778516,36.4193424705702,10.7623592557527,index
12.5951714108282,17.7310375754968,9.15718363264642,10.5297512391832,13.2114078988726,4.59791025970049,6.8914992443244,8.44210477878687,1.82483916785906,34.1496943402237,43.4348205297664,12.5425609572219,index
22.1139378408363,27.6819193388481,10.6817039537533,14.2290670201338,17.2612577385997,5.46294737530877,6.8949434545544,8.47367070665076,1.94054272090275,44.2011115812382,52.8102323894115,21.3378382683425,index
15.7361753132764,22.7689297937078,8.81107482676744,12.7382792399477,16.0945528817579,4.40199468330212,6.59928962066054,8.15892447410686,2.30756096841827,36.4764392453387,45.5179164066713,15.2161161529886,index
6.98311567474529,8.67224339116835,3.25985595851366,10.2227587006111,13.1746348318247,3.34859247146183,6.76228708427277,8.42211352604322,2.57233155944448,26.3702684478934,33.4385214797243,8.77898777838677,index
13.6746380088784,18.4477455473776,9.73318107601123,10.7781749857088,13.4107133020612,4.4807333384684,6.50523863049173,8.22530927350014,1.85964770998649,26.533293653312,33.9421069208415,10.079508794176,index
21.7798289852553,26.9116375405206,10.7090281620155,12.1097804624414,15.0448250355264,4.42245819918797,7.12982646534106,9.00434159648627,2.65511016233966,36.0033328906606,45.3567583741099,16.1131766653716,index
14.9324758997454,21.2741232728692,9.21172149472774,11.4770357910187,14.622072103426,4.38960797039732,6.67267521907162,8.59652349123082,1.89876242060279,33.4498414628134,42.7774238793575,11.859881544668,index
5.98704893852068,7.67497335430413,3.10593785491158,10.4437395347323,13.037419355221,3.4577582878236,6.05351313719225,7.93647951930502,1.88569688796246,24.9284430562829,31.7125581529069,8.56503604099213,index
12.9596641177312,17.7294150988522,9.34997865386618,9.55448980106119,11.919622510186,2.1965312510723,7.6497979478422,9.59830851433338,2.75554661685553,26.6712588926131,33.2627932889813,9.34541610343288,index
22.9609097994271,27.5658587467195,11.3190542654384,20.7104710147314,28.6900044239931,10.7428572468977,11.0575889565138,13.7873496306068,6.95947259718394,37.1841835882276,46.1357265766569,16.3939221032615,index
34.0800360069952,63.4548795802523,17.5306161991594,102.550750579248,206.15066741234,67.7686996945094,55.0911402170638,123.023241469514,36.3595468588837,66.4347342742705,100.856796663047,42.2117458284853,index
100.605489580444,301.282969804864,41.9802152674238,322.77859618289,972.723932056858,128.101145143119,195.81662616766,596.787658054639,78.7484990812213,111.698213548506,313.56206708807,47.7325183379162,rest
86.2289145952721,295.579829377477,41.3419111433904,251.190224713889,951.347126751348,132.333996404395,157.280554191285,584.322654712887,81.1146272769468,70.8908550845779,299.467568686936,42.0931032636077,rest
10.4109741199058,13.4591345013228,7.70285355189963,17.8453857023343,25.1069377273808,13.5321398457375,12.2939857635998,17.1935843089781,9.37841199816628,5.1553650327272,6.58331585245503,2.33995532530205,rest
14.6225375132842,19.9105739663483,11.0862949802704,8.54696688158427,10.5163377900073,5.60286279260306,4.56081987410862,5.63249599196204,2.87864661614833,15.8763024264794,22.9229397437065,12.135462778701,rest
22.5494594444157,27.1787452178927,11.3531121168091,10.5378781043705,12.7294207010555,5.20675897745787,4.08121958024662,5.00661215080988,1.71467767692203,26.7695161633988,32.4425944990313,12.7863723971967,rest
14.1997118389341,19.8809702771059,10.345723638728,6.65345720606438,9.38303216832912,4.80399142031118,3.42382011259249,4.24997041606816,1.52010969126063,16.7410639980356,24.1121143456717,12.123332113467,rest
5.3954275844495,6.66500124231805,3.26504737632139,2.55485448924412,3.20907910977392,1.52672238765936,2.24134523426757,2.92043184994603,0.604592887706379,6.39818765036955,7.63238774936346,4.09424277872166,rest
13.1034205905575,19.0170224983438,10.0475776700237,6.15311491099864,8.87852609017381,4.67224066262423,2.8448139941034,3.92131643899713,1.622445006823,16.2793167818031,22.8614451257256,12.3942283850951,rest
22.1097620012832,26.9905785000104,10.8771446605572,10.277246658737,12.6668959502517,5.17020617069011,4.01941410584208,5.10215412378218,2.03454962482588,27.1778514775704,32.4714151135974,13.3562255811455,rest
14.1976537443709,20.2128120182039,9.72417972327178,6.73611042747068,9.59957928175551,4.57362504365938,3.05832938831751,4.24734379671272,1.4561203196488,17.4072161655859,24.3577571551416,11.8626579818877,rest
4.69070840824776,5.9534754709367,2.77868048447731,2.17973819579513,2.82129918550054,1.18982706706139,2.01831617507164,2.82619333540297,0.873601251049634,5.56744760999707,6.95777310226527,3.15690027381894,rest
9.45295640161774,13.4538981089649,7.01119173423552,4.53761206635451,6.43965981530316,3.28618943527132,2.36278707978778,2.97404524938083,0.861142259273484,12.1858010221524,17.6174654899394,9.18436683366282,rest
15.3619129687322,18.5763983775557,7.78335875094209,9.46728580338781,11.8976247449699,2.82637323437088,4.81092454843654,6.35520427722238,1.53948933919754,29.9978653460936,39.2987929207627,13.3154769074657,index
19.0509701231476,23.3751424338728,12.1404568879764,13.566676495407,16.7781944783506,6.26706153365702,7.42649524667179,8.89860478724862,2.19852575402496,38.2759321993452,48.0459067810975,14.9113496014654,index
22.6769661209499,27.5172053313704,11.1220860048919,14.7666888257277,18.1889107962014,5.76203558861779,7.67912011856376,9.20870648640516,2.68149117519184,37.1350523306373,46.9279403453934,13.5936313973714,index
14.9419777268442,20.5644453908206,10.9544821245677,11.2831182655536,14.5351314334675,5.40355529534943,6.9693182375779,8.56978259326965,2.14975747596233,33.2906565681804,42.375669101812,11.8287631977579,index
6.74601714533774,8.29781468403562,3.51625565412415,8.89155628723388,11.0658786092771,2.65387782302591,8.26479186450209,10.181855796382,2.63639963840316,32.0625256721474,42.1145804803483,9.82096992934941,index
14.3046351601726,20.5181049828633,10.7244958939923,11.5708227724054,14.9253597048789,5.16015231111054,8.85570013842479,10.8909600968805,2.93760650668098,39.6919114237383,50.6425882641776,15.6530047086378,index
22.0830087796247,27.9022095050603,11.2731816142958,14.2294733318064,18.4173145427745,4.46518586893439,7.87564836485633,9.88519915990195,2.56853776395581,40.3292321461579,51.6284720112571,16.8819610541771,index
14.2233618440332,20.5128556516045,10.9271825260397,12.3977591628827,16.1410548599119,4.96561774922081,7.21389366483778,9.50044190887666,2.1677669477578,33.4983578645236,43.9297899686503,11.8417786105486,index
6.22347157123753,7.88137044239225,3.49526589746911,9.69693647247844,11.9694634683368,3.07909193981463,6.49237698314832,8.70734606580149,2.01399050714174,30.5144381238967,40.8455900688222,8.56789044116116,index
14.2315128679099,20.2244439544615,10.3625593432411,10.9923046228198,13.7331856630907,4.69030804223403,6.45571237030385,8.24138456316225,1.85485212265947,37.4990978557319,49.7580051153877,16.9998916834365,index
22.0365838319147,27.1031437912303,10.7742351588866,12.8398267794643,15.8099930043713,5.47946126229862,6.27169279826756,7.71875443204639,1.85790775868666,46.0466391317547,55.9485264614448,16.3184934363896,index
14.0052161662034,19.6913413488457,10.487558756672,10.9680195445061,13.5403746236998,5.1965177516973,6.06890882555729,7.42852224645151,1.9045032611196,35.4109569741446,44.6562956496217,15.5830407319912,index
6.06850169163319,7.51983830943727,3.41102394308747,8.50044482830211,10.532534917504,2.57155915796115,6.07740733433239,7.75358083159303,2.20072938461752,25.5467210161096,31.2383503046246,7.75457760107914,index
14.1941127732739,19.9116895838037,10.685709215843,11.6577160816028,15.0776955713362,4.7526196911494,6.77285807248807,8.60991259791944,2.20136024570269,33.2020384483871,41.4671184399231,12.5790120961139,index
22.2459521022927,27.1398779332093,10.9908747624339,13.0872046886565,16.7746896086973,6.33379120294478,7.07630970630261,8.93380252410873,2.3057855270265,38.0646626292186,47.6310790271308,15.6708871839483,index
14.1579887983914,20.0699580988085,10.8155424881779,10.4807893437587,13.8321671029256,5.6749147067815,6.30640085558341,8.12518980661408,1.89756965106309,32.0270902783685,41.2529364510691,13.6107936737812,index
6.57566747117152,8.56309079722037,4.41539046271018,9.27835191966525,12.1076714164087,3.53050641692583,6.17043676856693,8.13192399089603,1.87321552610162,27.0903917193356,34.9354098595157,9.47235418842116,index
14.6721087256302,20.6131826350406,11.0429269504954,14.1512109948787,19.0852613353408,8.54775393580983,7.45691597079056,9.4383658316673,2.20249245157476,35.2775052802729,46.4902958572532,15.3319001434763,index
30.512117461839,36.7338028317507,13.8903220278215,23.3847860011429,29.7076954394243,14.7099079739536,19.7581245601041,27.5925713057801,14.1312683768567,40.8307984700586,52.1290288431848,19.4890431932776,index
109.002700780215,217.626670922432,72.9596912191407,119.932210405713,271.689470824773,81.8119099253615,116.612473928383,250.926586896638,74.6716950349514,149.609079601108,324.170484275698,91.6376579277066,index
346.90784229109,1052.80224362778,139.052014667737,418.433722842241,1247.32652874909,178.033232470481,393.616648277019,1080.63674218593,172.97009837879,505.955559521906,1382.83851373207,224.170812849239,rest
273.470533579705,1030.90244658805,143.738848713658,330.553982672438,1218.04853385028,169.088293561979,310.664415004366,1051.88995034246,155.896308785448,398.237438781295,1345.30100772597,200.462642440683,rest
21.4808688486766,28.9321165797065,16.5454281115177,22.7421985855191,33.261519267732,17.8529531244458,21.8041861682064,31.5146195117284,16.9069220495418,28.2443867001232,39.3903962347614,21.238346665751,rest
16.6376639035073,21.2845490821446,12.5966991381922,9.16279907798729,11.3191526027848,5.52356491860383,5.61043365299923,7.32664063764373,3.33690230521112,18.8260259466703,24.5969621001047,13.0194509270563,rest
23.201489255632,27.6989109987981,11.004054396903,10.7092917742706,12.8076994925539,5.43137364384637,4.10270958965949,5.03736325237287,1.50508524281731,26.2078347261564,32.4356460499663,13.016692032258,rest
14.6231495087244,20.2279734404089,10.0178465721066,7.00514234255043,9.66728135129346,4.73853935239412,3.50889258243518,4.29450210076893,1.47219851139578,17.2755329117557,24.2080080020009,12.5845856671312,rest
5.71115244395543,6.93936332512384,3.70550869113961,2.74638567193425,3.45370647347078,1.70544797749037,2.54125466925345,3.11031834225633,0.766858304752451,7.15257606686742,8.58489365757027,4.51882346800239,rest
13.2248123474146,19.0700059153109,10.1993416990257,6.37574570045845,8.95207840343307,4.72921072619645,2.9544828641414,3.79500668046398,1.39199201054346,16.1603529920456,22.7781550045115,12.3006364251894,rest
21.8595235133766,26.8591436493004,11.1302629778729,10.430528902339,12.5648233061994,5.3340160952359,3.58154982061562,4.5582546228904,1.5610819340586,26.9870241693015,32.8549269405187,13.8441150677989,rest
14.5524354510316,20.2008818360937,10.17236734573,6.92790409894745,9.51287783625661,4.73759892192025,3.29249158293071,4.26066030201289,1.54848179273615,17.6418316005278,25.0235992116424,12.2157450125609,rest
5.17249219502855,6.20673658563418,3.67404688078969,2.36635926659901,3.1126515499061,1.60105122327094,3.10494089420518,4.19933020086172,1.01362824054751,5.99342730193573,7.28756807279379,4.33142684323899,rest
9.52312375766935,13.2068946116181,7.1891887932225,4.42689815000286,6.2027737802257,3.29031751206034,3.32400733194172,4.37527934521076,1.08458322611595,10.8507536914784,15.6673502588513,8.41704881790092,rest
17.5565142397359,20.9616069284109,8.90110169074928,11.411119083473,14.5695928340214,4.99725141154507,7.45330360710584,10.6973040210104,2.67207794618295,34.9042522535793,47.7288613021479,11.9240472400746,index
23.7851278527196,28.2996886793141,16.8521681299861,16.6995425205403,20.0585553985403,7.90816317303254,12.1565477344144,15.2171530812924,3.93240590062849,58.9418765684147,73.9469625098509,20.257394648494,index
24.542864741946,29.4695159164445,12.791460431666,15.4895775098771,19.0121779630857,7.18061110634945,11.5346613819367,14.5970445478977,3.99232168342749,54.7550094682039,70.8958712881444,18.9375706750145,index
13.6923767137198,19.2531071496502,9.90515782138733,11.2740478344973,13.9754798402583,5.55716616683323,8.63542582605984,11.2634937253896,2.40680237840878,36.620566837622,46.7267246729721,12.7286698206803,index
6.55963339643329,8.42550121858181,3.537414133784,13.5015411918696,17.3480075858071,4.75793449553258,8.1661815832694,10.4334027333956,2.69984754521663,30.5075404621622,39.798265529693,9.45447611906132,index
14.8961021221855,20.5229280682721,10.4980692262284,16.2354470236101,20.7964880363576,5.61775415319796,9.19235135940661,11.535870255116,2.64370464294385,41.0697727146375,54.0674848735021,13.3683140652594,index
22.6579504121861,28.0697005799396,10.913535734609,14.8307707521132,18.9340027561038,5.67069581358103,9.47322130786505,11.8482887932071,2.7493618327818,51.4495061291151,63.9785943439916,17.5184653714355,index
14.9278345126901,21.1567954787116,10.5620081315614,12.0246173868524,15.2132284580078,5.56317479124621,8.61390368136954,10.8818866847791,2.47009615729636,45.1557646431278,58.401818119129,13.0680086667678,index
6.64871967232513,8.33748540086877,3.61779237218662,8.56195224245038,10.6904633462734,2.81614946655273,7.66445475602837,9.31235801423948,2.40198438727511,34.4350668346503,45.2484787428956,10.195638001531,index
15.2440624991829,21.027675349517,10.4070924565484,10.8244035294063,14.4794091061843,4.83957178475823,7.87240547805176,9.73639041410794,2.22240044871234,35.3588683280985,43.7192636161811,11.3310241282166,index
23.2865297973282,27.8700798060737,11.1726391719875,14.4845818512963,19.0633713788001,5.15022414759199,8.58891684970283,10.6853199735586,2.53493992430842,41.6005732510821,51.2002919809774,13.6238637951904,index
14.5067083203713,19.8973009522847,10.3215135796396,12.1040458472615,16.8062784491877,5.27733386002984,8.18420660333624,9.80943412379673,2.43973078844724,38.4429431671648,49.3307721771888,11.7310222578069,index
6.68679151288025,8.15051488896741,3.46528725063607,8.6347680262528,11.4108977626074,2.37117570241865,6.40457229960594,7.89751637119033,1.7637577731721,35.0535166222251,45.7531615630421,12.5998221817432,index
16.0959348221698,22.4570987253277,10.0769412117406,11.9350074676468,15.2436807246099,4.71161934444169,7.04127252042303,9.00920659581622,2.2260422311298,35.312927030354,46.0148466572578,12.2918019766162,index
23.1576077741017,28.36232971695,11.2685663940448,14.1348333651938,17.4837270710538,6.23932970426418,7.44240607308556,9.314471969101,2.08410550175362,38.3944430719051,47.6434866689181,13.6269965898957,index
13.8237708335008,19.3975087350933,10.1434388641742,9.87522030180495,12.9156401769727,4.96841994900963,6.64790175865597,8.58926192016039,2.27865694758154,36.2340301135163,45.1136349028361,13.9226362784809,index
6.59825174937973,8.1350672103611,3.68809835303631,8.63617732639454,11.4039555580991,3.00932262664416,6.24506919811842,8.00218017678007,2.11037561758042,29.6838785467017,37.3600565034718,10.3411340619791,index
14.1256111062426,18.8054033443227,9.37082109430307,14.8763594094086,18.5484805222329,8.26874564846306,6.25664591451397,7.70332178967639,1.92479101495121,34.4658133861209,43.9702788839474,13.2274770740138,index
29.0740279135777,34.3452632435534,14.4703927636034,22.1046838671927,29.4786148736714,15.5302690649834,11.6494221287096,15.06932940952,6.33884274687334,39.2947586774015,49.6623856910955,12.5869110274918,index
89.564276891113,179.781889749519,57.1777095116883,116.319377490418,265.263965370479,77.9878487819536,59.7641176322033,118.147867986293,39.6469661390281,90.9400529564106,163.516085544236,45.4129859134601,index
296.570495175712,897.136361714657,118.530975817343,405.771282934462,1221.94579068257,170.781105584804,192.777735428184,591.325714231536,80.6646614666253,332.236803002339,940.003546739425,147.078821308494,rest
241.194694116905,879.831512994702,123.054541880377,320.198274399632,1193.47586211445,163.953536704835,150.156210153337,579.760762138097,82.9510996975226,275.51321515527,926.649280159716,143.901449942258,rest
20.0989235190994,27.6027379528555,15.0317137970144,21.5984864892915,31.9788506118744,16.6415257387095,11.3594143530819,15.4986217665858,8.31194303141382,17.2496427520409,24.600994860426,11.6356491272516,rest
15.3646942792331,20.2294948861342,10.8595965306291,7.71204869168349,10.283686179797,3.87855432596651,4.89054451963053,5.83897351764979,3.12093745118812,15.9859833018067,22.7237145870385,10.3285713187302,rest
22.46597558489,26.9733181941441,11.1321576089453,10.0105147368395,12.5495319918247,5.08124581003647,4.30436436295621,5.25969612113601,1.86304385605443,27.372883217245,32.8226980210599,13.5594383499881,rest
14.1811373303553,19.700527842994,10.303841774862,6.98309840031777,9.74134921762071,5.09998981102221,3.4486270661728,4.42263960951241,1.43480636200078,17.5330452200059,24.7967491428767,12.5398830904896,rest
5.29165118917041,6.29315882730204,3.39044177415412,2.72754224118917,3.27576517584091,1.48676711119016,3.04494049120931,4.0112385201391,0.899233503156414,6.40913067641356,7.81551799679012,4.01947119807498,rest
13.0342209025462,18.9504291932781,10.069873140391,6.20569488758146,8.88084804569215,4.71182743567977,3.61074568458056,4.67767452666533,1.5312019405517,16.29009980113,22.8432337767058,12.5063671792858,rest
22.2767926010427,27.2540787020445,10.9473323565085,10.3774459683366,12.692279844099,4.96680127427184,4.14301744016514,5.10183047129382,1.7801800812681,27.2120453230535,32.5068667073095,13.2654346339473,rest
14.3248745171136,20.5467681551253,9.81238455224922,6.83611269722402,9.65574484505159,4.54313567136415,3.15109270081882,4.1177996232948,1.39041760876265,17.6671514919823,24.5643909445252,12.1559523164178,rest
4.50643785226464,5.70605842428798,2.45537538008981,2.52495155696772,3.09115968855283,1.28239073344189,2.19399962242803,2.90034445867465,0.616073553063642,5.73114156787334,7.22557830300031,3.7185456580065,rest
8.82850434999477,12.4469306746691,6.53831802599319,4.63980042570593,6.36673722975172,3.011063761527,3.19212938115917,4.67484450517217,1.17645542669107,15.4182890058286,29.5635602707379,8.58783708080414,rest
14.4216138704889,17.2826494863302,7.66676493166526,7.90171005869043,9.71830854979777,4.09668523070633,6.64865482811833,9.16999969107009,2.8546966513292,31.7665321274984,45.1149282459211,11.6551149234234,index
18.3875079517006,22.9379934927085,11.4974591735824,10.2229522903732,12.4299890606642,5.26437277708179,8.18140286853472,10.1799938659419,2.56098328072296,38.4100935562923,51.6674918509772,11.381041139182,index
22.6195719754476,27.6860898041064,10.9086128601369,12.0612277818145,14.7789569493928,5.49294475222031,7.6560426614039,9.66604979409942,2.30910507307399,39.9136793356102,52.8010892145503,15.4345700087075,index
14.3986552407571,20.4529351230227,10.4508366873026,10.4342160208268,13.3355776519593,4.44274048178104,7.9249719259623,9.99665566515693,2.47849585875483,37.4608406595027,46.7018574205748,12.2429098545764,index
6.20594342723771,7.88248380675695,3.10168712059099,7.66972699127712,10.0968317163055,2.08278409964315,7.06693998853891,8.8054809538666,2.97125221643956,33.2959270555616,42.4043152257504,10.1198458780419,index
14.8690097562837,20.453757043158,10.6201636843292,9.35892793045787,11.8599371710172,5.09796373190666,6.23900004654656,8.22273308960375,1.81584214900871,36.3665497455179,48.50208022287,12.7643473951159,index
22.4301257400731,27.322049005296,10.7422783331546,11.4395860589502,13.7904960169519,5.50843072158016,7.27679441906626,9.83668572649696,2.46968708976176,40.3934489836586,54.0290892071777,14.6982242419992,index
14.3864533977723,19.9798840632248,10.5083846806105,8.34617941321939,10.8170746380525,4.80848720610978,7.41152440965874,9.73726721099691,2.56409901182808,40.1376747181503,53.9299030581266,19.1281949386174,index
6.88314357768364,8.21153977856132,3.50864147196934,6.32373277143831,7.75941870023116,1.69493660887796,6.38327166679642,8.00701489199762,2.0320188791272,35.4250969187976,47.2071427207792,12.7682699228055,index
14.7414646541918,20.1091952936854,10.5267188836698,9.63077052977118,12.0300428882935,5.170520764487,7.3130184149255,8.75513426348493,2.11904285226398,35.3565223790847,44.0936977555563,10.7171385887003,index
23.003870965378,27.67622279981,11.4919579498389,11.8594056428108,14.3284743519651,5.49353842873416,8.80620595952653,10.7604048930506,2.64201564369664,43.545465755644,53.1421250571168,12.8602128471359,index
15.0435107767212,20.7170707736318,10.52625126015,9.55395591393265,12.2725639334448,5.49467383286121,9.51678933676906,13.4727242038333,3.1971355935536,42.0472929066764,51.9559794357118,12.9236066865066,index
6.16268140497454,7.66689898574427,3.73015370942938,6.74941432112869,8.87669142905056,1.90440376909996,7.98722217741427,11.9519764542762,3.35705501704528,34.4346850209699,42.1174921122891,10.0246259227211,index
14.2110337967689,20.3051889757634,10.4738420474157,9.30128769984547,12.2879288358195,4.66902593389797,6.6808434821826,8.2597415584479,2.17605725042431,32.0632032496538,40.6366418161333,12.9353212761285,index
22.0860646109901,27.2151230526992,10.9437307783758,12.1556395442378,15.0988169890237,5.67729625395478,6.9459970485165,8.65586923012006,1.82983220526438,35.3380554203157,46.3670340645764,14.0447971807965,index
13.8648010860493,19.5912510189514,10.5950469459375,8.60834170183338,11.3944302394268,4.98345982135067,5.87902779286502,7.61147166677294,1.86980874170376,32.2386171714038,42.0460451244929,14.7170222171656,index
6.38673376911299,8.01175883595884,3.51414216300591,5.46894229685852,6.83325668110008,1.50265567029718,5.09748376063849,6.38481795849993,2.14438823576172,24.2615623925284,30.6052293078303,7.73624907565715,index
12.4306514826919,16.8917913432161,9.1137658272114,9.11133359337908,11.5708829751194,5.26980945086393,5.91510988196488,7.6491084150024,2.27092753773931,27.8843202910256,36.6100955710658,8.58204901040086,index
32.3419708601989,40.2569777251595,16.0686254804509,11.1257231303374,13.4318977984713,4.61212467613572,19.2678287003372,27.4232895310291,13.6137342631102,47.6388889402137,59.3925656376802,20.1882994798982,index
111.135610386492,200.588761354856,77.925048677231,17.7730907570976,41.2210393918659,8.21963878734837,115.334893553892,226.253185133529,76.9660523266568,125.647032041477,218.695169268577,90.5609197402935,index
299.351176672763,899.384074673394,118.480090104933,70.9397603413979,217.631130190717,28.7409984325312,403.304953265182,1194.1314162863,174.890041675904,364.111910357114,1067.50022789932,155.826126623683,rest
222.475796496485,877.712716301949,121.781135893383,62.6668694942863,214.010454985407,29.5154408029276,321.056119847648,1173.17697720245,173.532021535699,282.990605367518,1046.37921056794,154.389082758403,rest
14.3191111453529,19.5836557450178,10.1307041244325,6.73245393828016,8.86521707238466,4.93186299508851,21.1485539024657,30.5112774540457,16.5049807512765,18.2367469570357,25.3329761893165,11.466292053303,rest
14.2378199504169,19.3432626944954,9.90501626816361,7.18110952599173,9.52191681896371,5.09053895495594,6.76173962328809,9.15689238447374,4.84983773730535,17.8831421339796,24.3327419246817,11.8724412745629,rest
22.4281504072486,26.8875577791656,10.7515216153066,10.6506517761963,12.8675600118141,5.06246025079304,4.39585818696169,5.55125652957614,1.89382465514949,26.6636445311756,32.996816652918,13.3796559997727,rest
14.222132134719,20.0402422733363,10.2339343302486,6.91338548034937,9.55872494501297,4.75017428103409,3.03540592241728,4.02767529086406,1.37452429782543,17.1911382595411,24.6883024701941,12.3958549152248,rest
5.20144639984111,6.56709005183514,3.2115390534988,2.69270053514612,3.38979283303887,1.57803667510652,2.74434851882894,3.69043898138161,0.962050110083167,7.36640817171495,8.90482227297626,4.01098492113494,rest
12.9505516472069,18.8642555149319,9.93313181517103,6.08881839378478,8.92779658621644,4.68062906498826,3.6198359496435,4.5723686180328,1.46163319032198,17.2951101060591,23.907911780347,12.5246785977064,rest
22.1922730024977,26.8272043977418,10.9384987187788,10.571388437038,12.7668908074187,5.32727845050146,4.4764151884384,5.549866017029,1.94766154021456,28.7451470827792,34.214424342143,14.2716208162051,rest
15.0224760620689,20.3795343647141,10.4901334019424,7.16030888802658,9.72365175863556,4.88127996663508,3.69468129308512,4.91771623144492,1.44042638825694,19.0805379958823,26.0666586744437,13.1093817962341,rest
6.59250216171659,7.86249270595891,4.94050191932622,3.05840838383574,3.68436636262387,2.26429778955153,2.73395756612962,3.7628635881316,0.855863292009946,7.88794852610648,9.15000533834561,5.42932798937505,rest
16.4627904654818,23.0523284724065,12.6787652617035,7.95659352946998,11.3081409138041,6.17446671332061,3.92294997782552,5.09042293369658,1.81652427052258,18.8328683998416,26.7020335337528,14.5654878447384,rest
28.9919895026673,34.2174997208191,13.6706808747756,14.8554405115735,18.1571362048616,7.4989218085567,6.97281741485823,8.80784222331394,1.85900866165885,42.4726879325973,52.248999283946,16.7971126911993,index
28.9738033896141,33.8896104864849,21.6439209282352,17.6738793399073,21.2256278129903,10.4048792244671,14.4703369324399,19.8206066152536,4.93879721862978,58.6572935479443,73.3374599101633,27.6447857721739,index
25.6559433338604,30.2137024999931,11.6874742722227,17.0945382818192,20.7264484844986,6.21682002612225,21.2152072466839,26.8101953889518,5.63448277769718,59.6465617380367,76.5330382353072,16.8616157572294,index
17.5663809622559,22.7061570463892,9.20828051349634,14.5799596072195,17.7795308659319,4.16799511926403,19.6977011131815,24.1385822875231,6.51726319406577,53.5897351186567,68.2455553227269,15.7170701118743,index
10.0207607291391,12.2195373204123,3.46242207606771,9.92666444752766,12.6904170721809,3.10955821117327,16.8573703320154,20.1846521514044,5.70071979035987,46.8155827260051,60.031974450879,19.0637395577634,index
15.1956604483648,19.6913076181687,10.0255281927928,10.290097462202,13.4576265177634,5.50806120874222,15.2334856975763,18.7210865591858,4.34919370903827,51.1511833578846,66.9360009044963,16.2474799318584,index
21.7060069401923,26.3725203317963,10.7844251281855,14.5514208602315,18.0839859503974,5.95104813782998,13.5781758674201,17.316811814298,4.02495077520753,62.8366413203001,79.8958391307049,20.0894402729026,index
15.2544747754951,20.4501120279509,9.81108804625631,11.362026255395,15.1477404420077,4.90301501856448,14.621634094849,18.3757733648757,4.24855354194277,53.6216681615665,67.9946786228111,18.3073959768758,index
7.98175267777631,9.91375004145361,3.17870078465008,7.82175511828058,10.169150847173,2.8093297586155,14.8524478094885,18.3681760359109,4.16905336697601,43.5310229334129,53.4228792285155,13.5904370984184,index
15.0222727491457,20.8780799697717,10.4211268578382,10.8924494703519,13.9080068110182,5.26239895295313,12.2925127914699,16.4853051344606,4.36295581790641,47.2238179242425,57.7636021163462,15.4621338784373,index
23.3363625647315,28.8867049360571,11.5054959518872,13.1742069181387,15.9729847464889,5.68269154422026,11.7432484707609,15.6412778776728,3.81704269466378,48.8892279137537,60.8975554601765,16.6271865508264,index
15.7991453624277,22.0571782768012,10.3302921211468,9.21044565685567,11.9503061807169,5.21233674115358,11.1336000633335,14.0797927503386,3.25538524658363,40.0922048282281,52.8262797679561,16.6062687539353,index
7.75219959211456,9.3566816014752,3.68943525750738,6.83799740134219,8.70696971425541,2.38688105584449,11.0990907057069,14.0130029264675,3.45625986422124,38.0354536004064,50.5481411111375,12.9980578946878,index
14.9943011982354,20.5723156560673,10.1838767142233,8.6742415346056,10.997732820059,4.89805137437801,11.9471016052829,15.1048154282987,4.09940790272113,46.0330455834917,58.6643722212946,14.1583440723928,index
22.4283083286659,27.8893817374718,11.5081462340555,11.3803201176642,14.2394490954252,5.440381984508,10.2141949988333,12.6047221656797,3.36926041905176,52.0766841362394,66.3351216972256,18.7468757932198,index
15.080821457676,21.003695353346,10.047284806487,10.2980657653804,13.0569401788502,4.24995388266619,8.21831505811747,10.2949860018281,2.66596404627996,42.653593789156,57.1202587256364,14.3744551076644,index
7.52830603973356,8.97557855477794,3.29414835114586,8.5196144676139,10.6944389104993,2.35840885642561,9.2952914090562,12.3382587349805,2.60209662558746,31.3017780837898,38.3755471102495,11.4539490565538,index
16.0748549668641,22.0138024852053,11.2171724651672,13.3666109001257,17.0453318905813,6.95984919035094,10.5886770544324,13.7998008199867,3.4527938669837,38.2846618256939,48.6110258827362,14.0940112973479,index
21.7698626408281,27.3041767403242,9.97427043907129,24.7802978183694,30.8637460136182,15.6606665962447,10.6406290432366,13.7835620012933,3.93468479044621,46.6447577098001,59.210692617598,16.4529631114415,index
35.608085916363,84.3222232305329,14.7087023525584,126.081403259175,285.933943644844,81.7418355167976,10.4711475144748,13.4687285781822,3.0040435454113,142.043111519954,305.186083113214,72.3081706289168,index
144.671239867049,447.450878062046,59.4250904433552,444.509483422135,1297.68282141206,193.227715629019,8.1329430152337,10.4784791361447,4.1103844105653,484.186566025433,1370.29725320108,217.585112983383,rest
129.428184014138,440.13369836563,61.4896999025715,355.573383304498,1266.63257703182,180.33834162635,6.18543751026867,7.7177362171535,1.73662755120642,394.091898683364,1337.40502817604,193.477336881018,rest
14.4014992085505,18.6413552480844,10.6802759204545,26.2020046616848,38.4337769346564,21.0770432186319,6.03591526190236,7.53483107505906,2.10176753739987,36.4318593478548,48.5102202581808,26.1945579484438,rest
15.3018787700208,20.4002549579764,11.6421487201473,11.309265732073,13.2163627572719,8.74602385662673,5.82300594093637,7.2874189367695,2.00308438575537,25.6929973965575,32.433731656007,18.0800512746831,rest
22.814027063448,27.7580061288523,11.131157988777,11.3521138621351,13.3460646497781,5.48065375047631,5.21661282875628,6.47608551082141,1.65433528745202,30.6919615624619,37.567907002733,14.7308526620035,rest
14.8448727004054,20.6865786555506,9.97713809475058,7.01559549769036,9.42902347252439,4.6181752153724,5.62063238678434,6.9955724164453,1.37013889248788,18.6144371470582,27.0375618116692,12.0096953083507,rest
5.87259416441208,7.24083190038623,3.54704844082701,2.85953542653577,3.61424854633262,1.57502208574959,5.68093501897821,7.19428417068016,1.82130823054726,6.26667210806643,7.91272364921244,3.3447322188641,rest
13.1043847096675,18.5703700665033,9.90436830512876,6.24982568951228,8.90033018543667,4.49093388327891,5.76961738014557,7.2725136935174,2.23256347378001,16.2436065448654,23.7836920745471,12.6590656972478,rest
21.684688375114,26.0834310526068,11.0033076518569,10.2462625952452,12.3553496696023,5.2215343924687,6.33435347590048,8.49984933117775,2.4936752708342,26.7121640220438,33.2053454769801,13.582868469731,rest
14.1496456946876,19.5056545333845,10.1755128154018,6.71441484124816,9.20502742540628,4.86867846862733,5.40433985951462,7.64537754036843,2.37810157966974,17.8056627631659,24.8794817050907,13.276155525831,rest
6.59831790467913,7.83483678449778,4.7529456518665,3.25392735589532,3.96100627935231,2.28865738734482,4.64428341996566,6.03274373820727,1.57020453480473,8.13263535811955,9.60194974531015,5.73956382852883,rest
16.8366649976395,23.5075905246461,12.8841018877901,7.86502894501043,11.0704240277715,5.93608011720774,5.56744012621154,7.24395777461977,2.07776487501629,18.4522286550469,25.8552646402105,14.3087237825164,rest
28.8278886029823,34.4621180441373,14.2869708986185,14.8657372577787,18.6018855339117,7.09642657492493,8.42668385680222,10.9064087568105,2.84704334863527,39.3109191854311,51.0335685356419,16.7202518732491,index
29.2114807032875,34.2156551828108,22.2406520340191,16.8391401967727,20.9565900661595,10.0676202656355,12.2287833094756,16.4989731544871,4.98823161906401,50.8569440343625,63.05127310935,23.3358504165354,index
25.7210476398039,30.2124189259812,12.3767842639199,14.8325197087238,18.8449388751329,6.43846546173964,12.4228964230623,16.9989374968325,4.29240852716756,50.5602289159796,62.1278945333044,14.4812771602323,index
15.7169364059641,21.3664993209605,9.75446418426341,10.9596755724718,14.3420545981877,4.22923256576235,9.8822504420611,12.7522335286885,3.03343581849581,43.0281394524359,57.6327493280885,14.9346662319461,index
6.34587787520215,8.1308030978525,3.30742189969255,7.90810716558468,9.73707242275354,2.30220184823804,9.58428494665429,11.9104388949686,2.84700103312444,38.2161372860736,51.937970397255,13.4565605090287,index
14.0113197031099,19.4464869020653,10.1792216351722,10.5227371610577,13.4183893061863,5.27498286990769,9.85499589487675,12.266967231749,2.7943261481412,44.1395152519739,56.1575644729897,13.5341923946139,index
22.6330373649821,27.3749218632091,11.2516794193406,14.0823416204205,17.1935468756825,6.15679234731196,9.31228961990352,11.3946730263262,2.81452678836442,47.4667549846606,58.5485297633853,18.0807082449806,index
14.5618038453541,20.6899006109583,10.1384248139064,11.5316684401088,14.7909221206408,4.71810997690239,8.11217628252362,9.82167003345161,2.20862032770714,44.1168415094698,54.0141701114386,17.3742679805291,index
6.36590418643966,7.96839950305265,3.33775160677806,8.22978597908289,10.574851214939,2.60075517955567,7.19800470636941,9.15448989642334,2.07823888266777,40.1492581238658,50.9516495626087,15.2758352496375,index
14.3508369980635,20.1060237077716,10.3190631271145,10.7644357302535,13.4689359459749,5.84963343117124,9.32669827066039,11.9972303649186,3.12326926577755,37.8336851493031,49.1184202182491,11.31804648194,index
23.122804109335,27.8535314586823,11.3553483187103,13.9370846707962,16.8037020787003,6.30622675479071,10.7902603853018,13.2520892042612,3.10433699064623,37.9698528520315,47.6773008031024,11.1497355167156,index
15.5166792709215,21.1157430041007,10.366449210316,10.5972504010735,13.6781910421203,4.99877998809117,8.91129978480051,11.6375619805836,3.48258203276432,36.2787149397662,45.1210878633404,11.8571857789586,index
7.00198445254611,8.99800335651895,3.39760492923421,7.31584187831792,9.58675978860781,2.52192590387277,8.0802146508537,10.6994517317625,2.88923342867317,31.1096825456864,40.1880565369666,11.2791930698041,index
14.0488450184215,19.214999002975,10.1583285788656,9.78256097404712,13.1391357326345,4.7760746119671,8.64142708173441,10.8159501052239,2.34386903431111,35.1239711052938,44.8749285591558,12.2468573396114,index
21.8022778436623,26.1860210855305,10.564648183747,12.1983144834598,15.3677059503361,4.93101005736152,8.7845895094112,11.0060470146781,2.66830350743119,42.8033473973729,53.0350225998866,17.049278196051,index
14.7306693984664,19.7152687875994,10.0499951757102,8.56393810736833,11.5703144585136,4.78082797642257,9.80609966715578,11.7271022526541,3.42457436021343,40.4144945383774,50.4520701429941,12.6694432837643,index
6.88714770474729,8.54853637767142,3.4216919084774,6.13432649226937,8.06249618106115,2.13484517308845,9.42224811175272,11.2715971532855,3.26575872041012,34.0183254000005,43.1620585276649,13.2667846625372,index
13.4343512087338,18.5362272864582,9.39732254422567,10.8900427448093,14.28841427188,4.17766104200557,7.99220193697146,9.92501017484686,2.57107846697552,33.6381254257024,43.6230584732575,13.4492988508152,index
27.0608213325304,32.7066880424618,14.0596534180815,29.0504915001448,38.0506874299983,17.7694576547638,15.4846780397587,21.6592339302296,8.72602090608034,45.2143903053859,57.7057815963351,14.7003041631694,index
61.8338852378736,106.357106753562,44.9121746896429,145.435232295442,313.835335279033,97.0894716577205,66.4617960098563,128.778618745379,47.8131284637265,176.891602738841,368.161853621548,110.012099539977,index
151.695819052487,452.679582677073,63.0286998603,480.230291544545,1367.89675441851,210.065503431535,262.016167551719,736.388762205129,121.38672931288,582.640371795641,1584.40391168571,256.018927151398,rest
112.963250005751,441.005372499291,60.8130996518353,378.028337390009,1332.40634896615,192.543592018942,216.535454883332,725.52590210637,116.963471647305,459.689899912556,1542.43435527717,231.182495252227,rest
8.81973850648734,11.6749497602037,5.03548205947666,26.1769650896833,37.9123473372108,20.6049295673712,12.6611383868857,17.7389987521125,8.54918416243894,33.9036885286736,47.5931948915435,25.7711885430381,rest
13.4091471670882,18.7601266954118,9.43054826145298,10.2139576088436,12.2714958221803,6.75453673107927,6.44295280359387,8.11581489321906,2.05588641265492,19.765482979681,25.4530501587985,13.5635624366183,rest
22.6278341287615,26.8391691094266,11.3175818416715,11.0403349737215,13.0446570095443,5.37189568694584,5.67831893391119,7.30020474535948,1.74941735245119,26.4849129571638,32.6483235124345,13.2269365070057,rest
14.9693088652473,20.4520533835579,10.1218456084177,7.14066960342684,9.78048462249872,4.70973219688063,5.27275818062881,7.01939447097285,1.87787552938262,17.263101731012,24.2659922086656,12.2420789885636,rest
5.49624062589411,6.86282868294067,2.82182424454461,2.92922402227397,3.62529960499998,1.4360448972747,5.54100469990096,7.20953300885236,1.88054204838809,6.53050690552995,8.13394553184703,3.67433786034211,rest
13.2649990111075,19.3064310075459,10.0570873219935,6.43599201988715,9.0168705253462,4.73680348500656,5.30740597372154,6.64524826894218,1.53431782346989,15.0724299374231,21.6684794952882,11.5471758120004,rest
22.6510997601942,27.3633063800075,10.9746623896588,10.3651397274904,12.6061730741344,5.17563475946879,5.93112809907709,7.53600175777169,1.64638100942393,25.8816154299946,31.512288401922,12.9100683934719,rest
14.6471821454647,20.501342836277,9.83016879535825,6.787737739923,9.48385314698734,4.61875070224612,6.45644505260914,8.0237553475701,2.06535607652532,17.0232853439302,24.101686067513,11.5226723226379,rest
5.00489995691614,6.22915222730752,2.14539054044916,2.50316691168159,3.14582673648436,0.954137745489129,5.98007385929476,7.22116228231158,1.78989637016832,5.27738048320851,6.67306278016346,2.55917600099761,rest
8.76967732994975,12.1031947265383,6.1479016741956,4.34105407019014,6.14019665984106,2.95987869726823,5.73715149982822,6.94534318863726,1.71967949765074,8.72321976090431,12.1223043620028,6.01596662246095,rest
13.4530071017146,16.8516972352933,6.27680917909562,10.8296434787132,14.49511036847,4.52622005743644,9.06990410098249,12.1917692696959,3.27113917185872,24.7975991470101,33.0372790567713,8.30598704224791,index
17.8861315302349,22.4016494597429,10.4397257250117,15.6582367493473,20.1082999408081,5.75593313236727,12.6836865852237,16.0021828681141,3.98174055764396,42.234064125737,55.9440575936476,13.6328441515624,index
22.3039477515448,27.1736950150491,11.9599190764085,18.825777567879,24.9388735651251,5.96360642626606,10.5915900196175,13.8679458403373,3.08711589143088,46.2382587678779,59.927676776544,21.2352189948187,index
15.2075461289902,20.8406742837864,9.98605764808778,20.1591260722975,26.6930518772074,7.02468778597424,11.1617947233007,14.0528361131981,3.93749892038226,39.7621908613282,48.2184762474634,15.2223277731435,index
8.64167937482661,10.54871255334,3.53843123588629,19.9771621217706,26.1904544831276,6.9423316117104,12.7535437799898,15.888462092461,3.82343911008291,34.3664446396744,42.5020782776288,13.9168302081002,index
17.1867011062214,22.9978196794826,10.9768243905793,34.9094529383717,47.8863524732292,13.4728071599507,17.4786992037213,23.0436438131962,4.53188322116056,44.5008598405325,56.9965082694279,14.7046666404266,index
24.7337746232305,30.8056568896144,11.2370842212021,39.5455940957416,53.1275470053254,14.640082268218,22.6103511625905,28.2402565969096,8.4759744817626,62.5986440649288,78.2758502155874,16.6115725305233,index
17.348476200086,23.8096861148116,10.5527707258782,25.5303073898019,35.3804962127567,7.24588325929525,18.1527540813069,23.4089185369711,6.16277806391276,55.1075773819323,72.3988728695529,20.3340232813397,index
9.02376443489904,11.6877537679353,3.09802755633175,19.8898216117788,26.0511970540723,6.72902719420108,14.4902824455105,17.5525778586418,4.55405956747641,42.3422450448429,53.306651437322,10.9532927280969,index
14.6440177450363,20.0779463102641,10.0380617117996,19.0958862022559,24.5654844089852,6.25286114222013,15.0425227436359,18.3553122144818,4.65561742643829,42.3638235449264,52.301767216577,13.2290473258278,index
21.9182725108362,26.8750087575165,12.0090036273632,17.9441223382336,22.5634185605569,6.43889080398772,14.5133388161214,18.3508535408715,4.078400456845,41.9260464606569,54.9873040704061,18.7215907376655,index
14.563242902844,20.1477997378438,10.5050370344754,14.5114034706187,19.3596328408999,5.03944185351592,12.1268490090934,15.3119486801144,3.71125716976092,38.0447085897942,50.3873199486877,14.4425027174743,index
6.97251393766295,8.26034751243446,3.40748642993606,12.021937644316,15.8496535856183,3.41345577626727,10.2881303450869,12.8964967605968,3.43984648431004,31.5465733692054,38.689288082106,9.39067277821142,index
14.7427446177383,19.4886023226673,10.3839133722583,13.2486672269283,16.7621812198128,4.98066644593657,10.3836197994789,12.8664702608686,2.71592835329777,37.7131311774177,46.3482050062816,15.1539839306656,index
22.7754212034221,27.1630023329489,11.4015851662092,16.0112556535401,21.7323965347778,6.24831559274476,11.4283285202452,13.5437177504198,3.1445632804499,45.7509570765522,56.3902002281241,18.3639014969687,index
14.8253399348802,20.5809227091899,10.5999634346061,13.5546563784307,19.5595330864159,5.24891139308937,10.6989007166779,12.5992924779094,3.44081386198262,35.9521554895819,46.9455668159222,16.2124729266596,index
6.61903172589676,8.34336012857722,3.12247625336151,9.61431185145895,12.8901509877288,3.12611248781649,9.22356437004473,11.8528643738672,2.814004480784,28.6825054515945,37.4692543480243,10.3589110255169,index
15.514433975426,21.426406407316,11.5054835442706,14.2624065058329,18.9697363245201,8.08055721404329,9.45601186301766,12.386847435001,3.23457473727697,33.743815079619,42.9933477191559,11.1391309860606,index
22.3210983959086,27.5847631676025,10.6695126644735,26.8865906443748,34.2657358434911,15.6046771666554,12.1041822851874,15.5657435647547,6.81309043814705,42.6536738054682,52.9337236369797,17.4957870741259,index
36.9049354080738,65.5169926679883,19.3488468798138,121.464290364033,246.425572431982,84.1061758912171,57.4208531636325,117.586277315499,37.533479133054,118.252085749771,227.863987678194,75.8882570527122,index
98.2349155285464,302.731219087393,41.6878720876141,522.662851709833,1472.29699011389,241.000678892588,191.138459479008,590.062634188376,82.6916530842236,352.514499840118,1006.75325402479,152.743740471583,rest
75.7306350397153,296.217028994772,41.5583696371863,437.992721453603,1452.23597102951,234.096411263621,149.842053557142,578.568374665163,82.8002528480576,276.433768055447,982.020897738231,139.336820983773,rest
6.87265576252884,8.51181640214682,4.56593203706413,22.645054025473,34.6242436990819,17.9359084170009,11.8248330428656,16.0048136280748,7.58016875007526,22.9080808580082,31.6114175978082,17.1094775245805,rest
14.6613027718089,20.7966992422514,11.2383699898166,7.90905098540587,10.2628747094672,3.85282594605953,6.0121667126629,7.75660703530257,2.00764962725207,20.1308749209853,27.5588073238108,14.9000737116429,rest
24.0835290119851,29.1651091049251,11.922053153856,10.4024087726592,12.8364603984982,5.30104713305457,6.42439380644867,8.2951999045418,2.53779106469119,30.1325874767007,37.0350795947061,15.2351452925774,rest
15.1800978582925,21.5933587098561,11.0084270692836,7.35003264834979,10.2196024912273,5.27952898530326,5.84976979502305,7.46581408742081,1.60176418154587,19.5101654805146,27.0603915469396,14.1828170347106,rest
5.90451291990803,7.08417392459969,3.45870749636985,2.99213696954357,3.6726956712284,1.70740197903663,4.98121225354414,6.35810846823326,1.14136455232672,7.58237628646514,9.06247786661467,4.61258008246799,rest
14.3364724705883,20.3251881825197,10.8111917064153,6.6195715267037,9.437061576262,5.02194374492721,5.17964620251846,6.54314077738562,1.56757016465625,18.1579207203547,26.2315040041269,13.6969061482182,rest
23.790764051871,29.0769722061817,11.7116177204107,10.931640834215,13.4218434887177,5.43363703373737,5.72112912556073,7.37588440481176,1.76758392492522,30.8574872997619,37.6008330000436,14.8634546763968,rest
15.6373581141277,22.1640761185432,10.711009092833,7.18233614297067,10.238152483086,4.89040049473834,4.73208043818429,6.49462053555536,1.40698149260562,19.769685815533,28.3308186587741,13.6304886846713,rest
4.46861908332481,6.18337012310031,2.83698990664585,2.31118286994794,3.12127194314127,1.35025045112086,3.75356098205552,5.03035135144882,1.04900924157512,5.37447284055178,7.27515316447202,3.56627470371046,rest
2.58711558081524,3.20895521368837,1.20759733183924,1.86995740126667,2.28741289911818,0.744311745765061,4.52322546656421,6.21521413638404,1.77936545014577,4.08784445087366,5.44748655615469,2.33268121460729,rest
4.8208629992726,6.21328133166636,2.07411606409524,5.76470420336074,8.60845834835045,1.91941738574418,6.218139761021,8.25757460878386,2.43612662970726,16.7335811295357,25.0297159364779,6.83370831464584,index
14.5972553135747,20.7193282523257,10.9604206191969,11.3955738383815,14.5846040953746,5.19600245930371,6.93424607437885,9.11139420623881,2.51512906203906,31.4424913624507,39.7695558167966,15.6335414995423,index
24.0657805453889,29.6364236727315,11.4742198764181,13.7609536411297,16.8096197342593,6.63210944202572,6.79048736993611,8.53232499415733,2.84112898368587,37.6488488262899,47.6535168654574,17.6247554578899,index
16.6583706166998,22.880272104341,10.5452358132403,10.811687105763,13.4876119942207,4.68408090051482,7.25840963178675,8.68691070439206,2.10813554394085,31.520042146375,41.3113902120269,12.0224442952078,index
6.82140946748646,8.04680038448573,3.57876211399165,6.88912237859839,8.61137027221759,2.37553014544036,6.88504951331766,8.3111902334839,2.50650577110003,24.8963078558164,30.7536666492959,7.57736692235757,index
14.2486537269336,19.9795843612234,10.4732157643898,9.51687445555734,12.2856397396985,5.51212244640551,6.67665534522223,8.17678507567344,1.88503716997989,31.3595696010609,37.4021645894665,12.162513513081,index
25.3254161964453,30.8645679917883,12.3851683034744,13.756808211448,17.2002169737598,6.28765473992493,6.92546197433645,8.52052252794802,2.3174892447723,36.6719407704991,45.3743253119564,14.8703223561848,index
17.5848439689161,24.8130758022367,10.2348895881387,11.8236332318866,15.7189174245615,5.30469135828681,5.96624843799913,7.5272415467732,1.80567706333101,31.5652959014403,40.3902368124327,12.4538974653411,index
6.64439735240231,8.52540947720488,3.72356208900169,7.68804575533116,10.0452461243165,2.20369559900808,5.80180946438252,7.49447422234242,1.55839481583809,22.1218854800007,27.239131432386,6.66452510329302,index
14.5187539944876,20.5733619084201,10.6024971710042,10.1530052240915,13.7310989450363,4.4695389867401,6.87085914042538,8.7318986899309,2.37600272143416,29.1680770259701,37.8138913615487,12.3075610450895,index
25.5073619757036,31.0688906817469,12.1529373083223,14.2559942923608,17.5886667886929,6.12573489834641,7.54119482724038,9.36250802064309,1.9724213629808,39.573591100427,47.877572243835,15.7901900340912,index
17.8242582616206,24.8176400839616,10.719237197512,11.1108249555904,14.1701058403441,5.01217323445241,7.20697112841705,8.72677796642048,2.43087076787417,31.2174382725632,39.7881316709447,11.9525262118784,index
7.26829923784995,8.82848752053002,4.09395182419583,7.73477450471174,9.95745173900076,2.19305615589211,6.9182348110915,8.40862058145632,1.89413799219491,22.1261264776013,28.5820129827682,6.8020278270268,index
14.3864772468792,20.015415872311,10.5985318697849,10.8846223756387,14.1649802577621,4.88063343107094,6.16211101522086,7.84730224503318,2.07005422445338,28.9873000788154,37.1782043161643,12.8602868413557,index
23.6695755803694,28.8026274979752,11.9897579409107,13.4781708546788,16.6362590915663,7.07962578073314,6.4041540419733,8.33032747921926,1.9885914613147,38.5683867614388,47.7506025657776,19.879905588611,index
16.396611377319,22.4694444687328,10.3555021909178,9.84104267797401,12.5735640743772,4.74812057355692,7.18670457630428,9.052847328509,2.04988067275452,32.671739866909,41.920214507881,13.3225017446848,index
6.67350168311445,8.35834203201583,3.21341167075021,7.28985317670193,9.00051272388143,2.01438739773,7.15547472542038,8.81230689196834,2.20933364106697,23.2760159099946,30.295419318871,6.49656985658817,index
12.5139030178013,16.9795257826352,8.48403306589466,10.0903843183799,13.1842947292632,4.70931331133635,7.792975874675,9.74809000588715,2.31391696549712,26.2571184205326,33.9487845000319,12.5596825335368,index
31.3555363054644,38.3975680047062,15.7856123148107,14.0683558988986,18.0867380631963,6.54570995315734,9.81089754862928,12.1570786435905,3.71138066809681,35.9947368721332,43.9587443402301,14.515309169361,index
88.5659991612097,157.192585852744,55.9071545083868,15.911979591108,20.0195683544099,9.55389592989946,31.8741051917108,62.9425812578625,20.7438430582618,119.674422991863,224.802508482419,85.7221964751094,index
252.887303476417,748.523618633773,101.233604148524,14.8164023308575,18.2632724163349,7.14345357539085,99.816784055317,299.545192159514,40.7658326987196,444.221653689605,1224.76179694485,200.69236706161,rest
199.05873467992,732.996439233298,104.301490968168,8.81538168998403,12.0912245736101,5.84624120137957,78.6305071402326,293.145501264205,41.5744025587666,359.825973369335,1204.72133094334,194.224723593483,rest
17.530612344994,23.5561375755318,13.5680110742835,3.45210783771226,4.19560545588318,2.10993989667144,7.55376326336208,9.90852035630964,4.52377400897627,17.3806101016984,25.3447126036109,11.1899816155251,rest
16.1294877237803,21.0632296818536,12.2298242073448,6.73031111953187,9.30116343169007,4.9531607541849,5.35199400153939,7.04516472358364,2.10481572333182,15.1027625194985,22.5545080762623,9.35268854307927,rest
23.608451884219,28.2455920378665,11.5053435654919,10.8389547864072,13.0107971413532,5.35069275840492,5.27781384175712,6.87656955372528,1.81138767336949,25.8495103803616,32.3715511205587,12.5016853419729,rest
15.2918156782487,21.1637312470501,10.0831208036976,7.13326933037506,9.83613547892506,4.74173096493847,4.51102844741493,5.90520874077359,1.65950649718107,17.532614318713,24.7435166651623,12.3086949032214,rest
6.05304736337659,7.2893747941462,3.28366413639331,2.72699142055347,3.32386883611161,1.6974328719846,3.59381880988341,4.69336243059177,1.87191828436155,7.14007897699969,8.61676205691594,4.47801199545899,rest
13.8362999579927,19.0287438551025,10.0369004171077,6.54825163055262,9.20500307014647,4.90869574840561,4.49239436245101,5.91814734973381,1.32275763471227,15.7793820801975,22.276625877437,12.033115502581,rest
22.5087225520798,27.0537231664198,11.0351968985991,10.7966603096667,12.9776326936356,5.11774797069188,4.95810597168424,6.2579057114589,1.22379442583564,25.8419608162279,31.8546707638111,13.068510442537,rest
15.1352965830773,20.8013028368583,10.1998361604344,7.16818552666846,9.83093566467054,4.91511047377141,4.17948906939967,5.39864388279887,1.20894042770927,17.2260883907729,24.3745738898142,12.0869024298897,rest
7.02487536671809,8.41899164606812,4.68648477843035,3.14808914744712,3.81145465361256,2.13875513579511,3.62898709784039,5.04602705319934,1.40340868192859,7.74846567447881,9.48330469778438,5.58800015098501,rest
16.4779555276645,22.9129882501625,12.3790524230685,7.23896061687326,10.1595199620984,5.43980228611474,4.43541651258216,6.17143480180916,2.07733041650174,18.7338059665968,26.6502009715596,14.6600134094169,rest
28.4637006684811,34.115313952035,14.2239909324367,12.7344436797251,15.3803443583427,6.42695222871248,6.99507849650961,8.89652821848578,2.70451668136366,38.7482211188702,48.7627750995442,18.3853658337576,middle
29.9345066796522,35.4804158308224,19.4798192064115,17.1541254926692,21.2128293240465,8.14008260174285,9.46557735757058,11.3031074415274,2.88943038627457,48.7332769508371,58.4892161660307,23.1932916258872,middle
23.9729522663319,29.6102997138207,11.5085245596644,15.8388658274644,20.8193902716834,6.64376419658113,9.83837500177341,11.9863436440421,2.5569734990002,46.7376815985914,56.728534676548,15.9171776194688,middle
13.8550836776346,18.7560054476472,8.78598667415629,10.4020635030233,14.363690239697,4.4676959161585,8.07381733835492,10.7474768425658,2.53762183502524,33.8350796571766,45.0237240302243,11.4042179191805,middle
8.29738680110763,10.7610475236655,4.0557541899889,9.35225077850494,12.5231130655176,3.54585925743129,6.82819534848899,8.95670173855773,2.50267963399352,23.9846070246364,31.320142079059,6.79073291302083,middle
16.0887436640025,21.4965674712765,9.42205471132773,12.5349045336124,16.3489727998062,5.01967230596847,7.12123081623558,8.82948133584818,2.19950668448205,34.3853389194228,45.856942725994,12.6046748499094,middle
22.3438727547765,27.4584821271009,11.0412291945291,15.5520019791243,19.5827291651861,6.85515504285101,7.56609471776638,9.47525733747823,2.08568516018952,41.0782803148341,52.5809092013073,15.601188980167,middle
14.4794636390933,19.9311580364981,9.39223153659106,12.6803474249387,16.6296473537157,5.15311009831061,7.14712987839665,8.96005160155698,2.64398983258629,31.6730416102275,40.1646705868297,11.7733582196518,middle
9.14382687496202,11.3352670414225,3.9015602021424,10.2795758176663,13.6519364723751,2.69193959068819,7.56216422483633,9.34903637297819,2.31830349655736,30.6100293738121,37.3281312731127,9.87037723514406,middle
16.3516691060502,21.8580700607098,9.33922123136056,14.4614166845765,19.117596624657,4.74878059750013,7.7156218115745,9.51438517614642,2.17129639356773,41.0225957259058,49.5856781610292,13.2575447846227,middle
21.4128918941564,25.9608145847599,10.5398408487304,16.2890159435033,20.7058541142322,6.56400241749599,7.50233384740112,9.50162182045502,2.38690014393283,42.2466181430805,51.9194392351762,17.673455594167,middle
14.8226543552417,18.365248974618,9.26577072588996,11.0782059141609,14.6244085824587,4.62690415629088,7.50367642128239,9.48998972744844,2.71203656166875,31.2797726973979,39.593935617366,12.4019277977838,middle
8.2062159797472,10.9004200553046,3.85743236096481,8.88380259619651,11.8428565634214,3.37813036543744,7.2515110903604,9.20320182368405,2.72588264162441,27.4269945930985,34.2934141080581,8.07930096806231,middle
15.4511683090153,21.728167390496,9.21901499680695,12.5785854292628,16.1350277801559,4.7403597820875,6.66156463185192,8.53104346777725,2.29574520034828,37.8525827961992,49.7374193748542,13.0804879652158,middle
21.8079156101877,26.7769313407562,10.6220812736149,14.3472935478888,17.4834761239725,5.87636865941924,6.90103470466141,8.56638382951123,1.88112826724718,41.3573096641014,53.8641603742187,14.3890414691898,middle
14.2008401397433,18.9718563242591,9.39014880200121,12.8238841590811,16.2034709851939,4.08369888419514,6.72064557311814,8.62155050751576,2.17650680242058,29.5446254841593,39.4542526347553,14.5560455484235,middle
8.41212436662277,10.3494133969804,3.43444964281675,11.1866723679457,14.5186953085162,3.65920004519585,6.19243095672865,8.35415214064206,1.91710531194895,26.343075543147,34.7854873324727,8.56863782915178,middle
16.6297563971324,22.2150820141356,9.47802013081764,11.0215524210153,14.5574579631761,3.72398610293782,8.11072152897294,10.1345869610481,3.37727328043759,38.2029300328592,48.4826344398843,13.9483078778197,middle
29.7242742555649,34.4498374250054,14.3649280122105,26.7974194341887,36.0855772828493,14.7215201297469,14.1842208784316,19.2859261437819,9.19254115239622,40.8926595457528,52.741483938177,17.8830661392842,middle
104.495991610809,258.071642897106,42.9587387907207,192.403641798055,529.908768324714,87.7536796572656,92.9660954565795,257.356396939257,42.7561738787737,133.592925465225,352.354113413267,55.5386193572529,middle
246.773662257766,743.55209180273,98.173051008951,470.129646752956,1321.89199835671,211.536578325132,247.403421235998,747.142242741592,97.6985597500197,309.080008209386,904.965009489417,135.802554437306,rest
173.968508891087,698.389551814399,91.4712067687274,318.817714024838,1212.07800471784,180.076410155236,175.27527434395,701.912997390981,88.695439621665,224.556219959597,835.921494039988,123.137414006628,rest
19.9451105858774,28.8704528856842,7.06793808886533,30.2026634298784,42.4851557546755,15.7326873975805,17.6455075008242,22.5910759999806,10.0168184129263,48.6825732867925,62.2050633384256,13.5442588609072,rest
16.7367098173945,21.9080590606791,8.46732166132742,16.5134331141836,24.0245186445058,6.36880561055419,11.2297007489431,14.336488329494,4.5133756948141,34.9357687427713,45.3812975668232,12.0962987053772,rest
22.6188753169738,27.3727399385568,11.5564107176955,12.6317001996908,15.7126524429068,5.76794492508877,8.76670304335432,11.1856418623715,2.90258734397759,35.1025435912489,43.12552651531,18.2961128428399,rest
14.834786346693,20.1360865452779,10.782398838624,9.22263375695617,12.0920281139847,4.79469419835914,6.47340325269016,8.54957074036688,2.49576922958151,26.1887424765108,35.4285334969018,12.8189530947538,rest
6.27961402307477,8.01249495732537,3.40902577100222,4.52734489913798,6.49232337639112,2.12526010523017,5.30118402655561,6.91254752582182,1.58718305018891,14.4143262038917,20.4676460232179,5.48044978729402,rest
14.3047227404219,20.2054403355413,10.5888833487425,6.71422598181893,9.50760072940795,4.82097153068392,5.25663199587389,6.55973173721837,1.70062488303607,20.406189505927,27.0611121405429,12.4911606156145,rest
23.1668926062873,27.9477404615379,11.4486456616141,10.7156356220744,13.099629908576,5.31319564900832,5.18939335241157,6.58239187580228,1.69834781450704,30.4773960754614,37.9767127505402,13.1755111952451,rest
15.219119848372,20.8166646412685,10.7431234806508,6.87893630318292,9.71431151504004,5.0899041852952,5.05675749793939,6.49972964574222,1.45495241557094,26.2674247687776,34.1195188004713,13.0922451354604,rest
6.27636596588528,7.56595825860264,3.10386855182525,2.97555684223407,3.5963904470861,1.45128159319224,5.13824810574545,6.31666163847326,1.38781334709013,16.9572653650333,21.9725212719963,5.1445871527202,rest
11.528194165047,16.0116557292901,8.24900574290264,6.04114773292184,8.40045556834061,4.46681844382836,5.29262269997655,6.57053781013592,1.40997221549043,18.2501826625101,24.5626411146903,9.9910694116677,rest
19.2112110552785,22.9758484836068,9.50350632507997,14.7326058281517,19.7750109412014,5.17577626792114,6.90016973747443,8.81776091802254,2.3526744702957,28.863890883106,38.9693531281359,10.3868439503381,middle
23.4760634100748,28.8203160293994,14.1584462609462,19.2092441286374,24.7529478697638,7.38020460176404,8.29572832724497,10.0980148290297,2.15513970645911,39.9393413825503,53.2639781032511,17.4139155906256,middle
24.3503920980528,30.9679587410512,12.2524231521302,18.4397795854484,23.8151727102571,6.4085756501811,8.62998147230325,10.559312587417,2.94340347453983,41.7232793541395,54.243953748542,16.3863234946142,middle
16.4384210619555,22.3990583167757,10.9989217430709,14.8451220327982,19.4429468676739,4.61204849483756,7.93257643274974,10.2066081074232,2.16531686772052,33.9766376145959,43.7761489027411,10.920698324173,middle
10.0345191320047,12.200801234759,4.80791459545391,11.3147504223082,14.2422920663877,3.36026348640177,7.99664838052655,10.5326427683496,3.1922615834594,32.2663704721113,43.6937576540618,10.6863051798447,middle
17.7411339477282,23.7249254288543,11.1324411086651,14.0433586137382,17.8661468045658,6.05341108746661,9.4988511542185,11.7770866963306,3.31156465305138,34.4560571696263,46.1434784145962,13.5172745435405,middle
24.3745209947983,29.8834649783655,12.5659251373382,15.9000896417762,19.8861335320015,6.34153491193745,8.39671734131326,10.1232734904823,2.09548744709242,36.2402241810418,45.2630327979703,16.5948787734111,middle
16.2693813424912,21.5049293256799,11.2632379316748,11.8334624102287,15.6244648529396,5.30047568658253,6.57755085680748,7.88560662040543,2.83602993087759,34.2907870077512,42.4431536602601,10.7521304051407,middle
8.42699239271761,10.252379452662,4.14312759176747,9.20431651607939,12.4243586774063,4.22265644429108,6.40786955289006,7.8728132295045,1.97036554397313,28.6010663570176,34.9254194163844,7.39489537306625,middle
16.2486586750082,22.3412831330825,10.300025002818,12.5650145355794,16.0831946460383,5.58926813912868,7.44568446792613,9.38533360694649,1.86631978604513,31.5798485845903,39.183750737334,13.6250724024156,middle
23.9871119959163,29.1289657060885,11.9826407954958,15.1886623244683,18.3780966206173,6.43809197046199,7.58403095451178,9.77628500778658,2.41951210505004,38.1699452278848,46.7561332189506,15.6293842543714,middle
15.1025795495147,20.8288380578486,10.5881815889117,12.5510330631745,16.0945961120571,5.82280797925556,7.40528686603764,9.33556041713773,2.02439310878156,33.6234862213515,42.7867997899342,11.4578244230655,middle
7.80432073417816,9.56521723408572,4.25349351261673,8.91016483022196,12.0007115806731,3.14604015801244,7.36578208253917,9.44759440874485,2.06698832948835,24.5209116221752,32.4297847889313,7.24258421748781,middle
16.3366797403233,22.2242691916569,10.9637401971736,10.4453716174958,13.7804289441701,5.16461350365118,7.31419393706761,9.49817433136564,2.15084748408817,29.8377104225108,37.8372915006432,13.739777050881,middle
24.1017740173851,29.4287398867803,11.2681775132654,13.1131543478872,16.6508279783601,6.48561453707967,7.80738919299306,9.90103649439013,2.53052482879382,35.8679163778086,44.4703879771988,13.0513835499427,middle
15.5486033940338,21.5118872034139,10.69510292614,11.3521174328521,14.7321784981811,5.35261726775106,6.81207001058017,8.91935408358723,2.34236445228541,26.0981797083061,35.4056310228291,14.1748097600884,middle
8.50757172498202,10.2472417256487,3.71150907101405,8.97880217657812,12.5383111362897,3.95565780385683,5.51955727097012,7.28971209085404,2.03003295859456,21.418521505478,28.1486818011401,6.30136161777282,middle
17.2393702385729,23.0820857388841,11.0555431567566,9.22719446369748,13.1170853040876,3.06047651835122,6.75657925905527,9.21144257293261,2.0910431306373,30.48187747572,39.6571206996297,12.837787500668,middle
26.3581283642606,31.3050444003593,14.2399488596456,27.7088241559598,38.6957732069433,16.4412645280986,13.5598845296477,17.6546491395297,7.52477459657641,49.667507011291,63.5204133963522,22.2429401876062,middle
61.8959298195442,119.397153963307,32.9475631529657,132.419691766813,252.969961616683,96.8916442188738,62.0118509745372,117.650795691116,43.2758859650777,141.996742542792,280.440804957784,89.7160884187509,middle
198.082882302473,592.054468814996,78.2078350200274,526.119454446917,1478.5724951266,241.684328535623,246.612010534855,694.786484917177,112.653353967381,435.789428116732,1261.95526154598,190.018340822151,rest
166.816277438806,581.153918381932,84.8183322577709,445.026587007387,1458.22592358042,240.882416481503,206.656245043508,685.316650894411,111.232514915609,360.172991299147,1233.09064770289,180.355268505326,rest
23.2644605135078,32.8081835167351,8.00415433610421,37.1937713249348,55.6272228201164,17.1359332606461,17.9699089622414,24.6662217986628,8.73047046595253,53.3852480971737,69.1152753171381,17.9449789690214,rest
17.6308474981608,22.0781661299457,10.754458437325,13.6252612489515,18.4889916244958,4.62547073894897,8.50180856691645,10.9955753713193,2.19062629068963,39.1331645900897,47.165238333693,13.0822481557532,rest
21.9390740651749,26.7179927265076,10.4172282758185,10.6936764961861,13.0137062779334,5.17943358314402,5.96284520754998,7.56675343645343,2.25718579405539,38.4363459643934,45.9395177954488,13.5431691517629,rest
14.4806500268028,19.7001239785562,10.4600987022371,7.15975405728342,9.85501214679049,5.14247365542006,5.46179431755328,6.69512650152871,1.84173201836925,28.5657700241048,36.5044716320942,9.80591020301403,rest
6.71944456939478,8.56579023600948,3.7993117768057,3.00396945945977,3.76223017626588,1.76913465292763,5.38681260985988,6.51560679437888,2.13333477486971,21.408092772979,28.5605362125047,7.47919626076682,rest
13.7703111380846,19.3559540569447,9.68985916383988,6.79328429367395,9.65879102017642,5.05882159451286,5.87929081007581,7.43010802340063,1.82061311314392,27.6456598754482,37.0344133267206,12.4543244039339,rest
22.0379648661557,26.5281795699528,10.7787536433751,10.9395140589996,13.5473530660679,5.34946169972539,6.10342593782804,7.76900362336058,1.91212177796951,33.9915915013591,42.5351182405815,13.4997037268385,rest
14.619106844208,19.8236898572082,9.65146600645891,7.31646477276099,10.2695508052355,4.90658396890307,5.7056484536495,7.21706884161832,1.60955269634955,23.0144268647013,31.6343007994491,11.9345672554481,rest
5.92044405147727,7.32080535248796,2.96725441519563,3.04599044387604,3.74728866883635,1.48276343716937,5.22100080479622,6.89267174915662,1.3985661906263,12.8541427256045,17.2631764923581,3.73693366725972,rest
10.4827026033031,14.3745661035073,7.12891158424673,5.18783494229258,6.99922042881304,3.55545958389054,5.62038387834639,7.38771504449086,2.17429145322565,22.3568617463264,32.1930854561512,9.14161472957569,rest
16.5268505037103,20.1177428617396,7.90685287487245,10.7427085124643,14.1590224827391,4.08566053237621,7.96933364889644,10.2855215924908,3.03038206824538,36.5839329374438,47.8496012952328,12.6293450610142,middle
20.3069343813741,25.0713726695359,12.1401682174554,15.8260749340625,19.5377676816961,5.73086288932195,8.93713432709024,10.9136342126784,2.55902548341446,38.5137995733746,47.656167998741,15.8490591204402,middle
22.9558923474459,28.095638449952,10.9583703256406,15.9207306847566,19.0500156259845,6.65739697985327,7.16916208029325,8.67684841177798,2.11020170833456,35.0086297280622,43.1211188630697,11.9746614326211,middle
15.3880187974824,20.7623125340094,10.716021567155,10.8688248371568,13.5211938288274,4.96402077629496,7.31909605724711,9.33799590610703,2.35412079085019,34.2114727507227,43.0768152111931,12.9117520256416,middle
8.0827407452458,10.2168600237052,3.412899984369,9.18627479239511,12.3520456673281,3.28593758261908,7.64091078442735,9.61401124085783,2.574397488423,27.4596809381636,35.0691894959888,11.3001505005412,middle
16.7849015724792,23.4006953434383,11.8424033803933,12.5360380974219,16.0416935781554,5.07007230430435,6.65221594869003,8.28114750408148,2.42733632121537,31.9860422886841,40.3699688839278,13.9697129534176,middle
25.3513342704208,31.4403485092295,12.9697370192998,13.7250519635935,16.6331821510378,6.11731447399593,6.55502520463492,8.18069220218815,2.0638711864092,40.6549188820008,49.1272527625302,17.1275734258311,middle
16.3908174815208,23.1848904259746,11.6292869697323,11.37560544098,14.7021729753743,5.30689544064781,7.68565549559832,9.24854288926708,2.0626621953125,33.0403817745597,41.8394519368744,12.0443839282184,middle
7.92702001747565,9.7119017471818,2.96798556771442,10.0187691348023,13.1622459219488,3.78624355905141,8.56576328043485,10.1526561105095,2.55379686398554,26.4287361974057,34.4338913607693,8.5464680465384,middle
15.6926758843853,21.1451809548884,10.9468339474919,12.6394336534152,15.5677618579206,5.55008341183324,8.23441026549705,10.0350580977767,3.58427301061104,33.3984257389285,43.1396775447622,15.9501223714684,middle
22.999257145072,28.3400423050961,11.324580843126,14.0643894436308,17.4375121340016,5.63839166526637,7.55668115929058,9.61188443452078,2.56450782805188,38.0640891328368,46.8743426058357,18.4631845405095,middle
14.6706058454666,21.0091043876639,10.7211620591227,10.2940879103822,13.9177963176801,5.62434194684238,6.19768931024604,8.33675421290481,1.70927363393373,31.4952916910768,39.5470847404238,15.6219938773875,middle
7.7386358658348,9.70517806505328,3.44508342431931,7.36618891477515,9.48829220063457,2.74421358552332,5.74209276610153,7.42992670410988,1.86999236354987,24.4145150192098,32.2014102803987,7.62292127857702,middle
16.3846555086079,21.8180417161387,11.5065733030152,10.7328724991631,13.1630005688925,5.63651841811327,6.36647162214438,8.01975718251,2.22931307826902,28.6691809304663,37.9024719519394,11.8072271973173,middle
24.2425361236429,29.4350924231683,11.9539359818896,14.2549198048573,18.2320115420838,6.12802847028656,6.55197694154018,8.17835870360587,2.50674004835661,36.4631882379128,44.5886576978339,15.4235573370113,middle
16.1829201050952,22.2266488860788,11.4043231090636,11.3805461626266,16.120808732946,5.78443125174097,6.17421019351625,7.64482015680823,2.34127236246597,34.1818234863152,40.8610175848294,11.864382716245,middle
7.55756477995659,9.04790934614947,3.29384796282245,8.40209286481759,10.7820972206137,2.20685952930448,6.24498302108725,8.04861526781512,1.96052320935326,27.9877495470272,33.9010201046276,8.25763472776561,middle
15.8929331470539,21.5281004104969,10.9849945819139,11.7361046560945,14.8189848604181,5.63715831183527,7.98899037871735,9.92090860986828,3.07080506980771,32.6325797270893,41.4750384473402,14.1610219623063,middle
25.093160707389,29.8459382729875,12.5083316067233,15.8967164785019,19.1742588421854,7.44060932261253,23.8939347468328,34.4218671680351,18.0669494457787,42.36650395581,52.3487566562094,19.2986396835906,middle
26.5322808867468,36.8155932268317,18.0322026268561,34.118888979073,66.0969462139513,22.7217970942184,146.905730067739,322.84428942929,97.801274579875,64.5492910132127,110.079715491918,38.3203841882598,middle
53.0363558413347,157.748807562847,22.2570692901633,101.425631238215,309.177816533827,41.7712887779773,500.560253517654,1408.32849093424,219.972555282954,151.508442839355,408.417934098392,72.0398940532109,rest
43.4529600411363,155.050678152276,22.502894560917,81.0355568329033,302.504542861518,42.2166726969117,395.60060108954,1371.78407465324,200.998173039717,120.679644314533,395.771460692637,62.236193935507,rest
7.57274897858285,9.25815372910113,5.1534730864106,7.40707011199016,9.60818675487848,5.67264256602424,27.9265804279882,39.7997411835052,21.411552647945,20.8933868799266,27.8124433378489,6.10435251566012,rest
13.8048773605242,18.7332189575915,9.98684575156152,7.54047917326591,9.84013783074884,5.76521567375219,8.67771910158462,10.9223855779884,4.10906106509654,25.5729913295191,34.0225765148096,11.8964116210183,rest
21.9572569959461,26.8644536750629,10.5224647813174,11.1823676492547,13.484703966117,5.5106584152639,6.89500531592693,8.80080327261821,2.39935357558495,32.2595904355746,41.226943913063,14.2722471359879,rest
14.9333217179453,20.9460603914079,9.75340615251985,7.23234183956015,10.1464766332773,4.85147702620106,6.15628520397301,7.62415142331685,1.69274313946911,24.2942896946925,33.6693275418941,11.8103722331923,rest
6.47684334059858,7.77164751381915,3.67010705309873,3.02665592937301,3.65019110929071,1.7928679426662,5.0201001953456,6.32516954938517,1.30119603746874,21.4924448741724,28.7379227442861,7.85091904713771,rest
14.1783426576487,19.9641070265124,10.1691240025671,6.94770384255435,9.83325867349944,5.09335496893832,5.6536571282122,8.19113134819256,2.0763866143962,29.3493636817904,35.3570580460594,11.1934211864142,rest
22.9171347181019,27.7436065889963,11.3323393749766,11.1769126222986,13.5931749251158,5.49413195616408,6.53193721476193,9.02688447247775,1.93998189600402,31.8879580333554,38.6371143585003,12.4020450775228,rest
14.7239000246338,20.623946430721,10.2993494707175,7.33670516509417,10.1144604717862,5.13207435022697,5.48929908279661,6.9448158956561,1.67200318409425,24.2192765677298,31.7281336309335,11.1862511648673,rest
4.89988475570896,6.08997590258355,2.51379533557634,2.73415732779237,3.27173875159511,1.33476014245782,5.13102056743475,6.66266039141776,1.66663907442625,21.0609183585422,27.6781710192443,6.49197200054826,rest
10.6333057411672,15.1657055585797,7.88343343744298,5.68633782341263,7.88803213106335,4.09595850303045,5.38655880493125,6.88308298627275,1.61751067675601,24.0404688175106,31.1124572393128,7.74517533585321,rest
18.6448298652421,22.5403337775389,9.17363907661779,11.9054709626873,15.1585658854349,4.96228822679539,7.22760442635949,9.61149833081875,2.05079218076067,35.2530558868531,45.5843911454878,11.5924081801242,middle
21.2447413055558,26.416127050281,12.957024552567,15.3439746680479,18.79054812158,6.02966676532968,8.32631395804006,10.8855862487924,2.41143503669812,42.6855792872497,51.9843548760461,14.3480504499574,middle
22.631060936396,28.6508615951355,10.470989008545,15.0948923289365,18.5328353581803,6.35992144192393,8.46769451101741,10.5453917999793,2.31504658192964,38.0753165099841,45.8095517745271,17.1945579160595,middle
16.204581910007,21.8681928123797,10.6687664050287,12.1085097365219,15.5597990617995,4.75279705350363,8.80849432618959,10.5925365558516,2.15198377869826,36.3430030440054,44.0578870773863,12.6917130033221,middle
8.62513268204606,10.751088302029,3.60048519839328,10.3264436136753,13.3009273807366,3.98587128021346,7.18197411447842,8.91840688259163,2.19642054744205,35.7578793113259,43.136428540458,11.7775899954142,middle
15.1582859269981,21.0973601168374,10.495954163939,12.7631264643322,15.9020755324931,5.10905657365455,6.58479611025093,8.25455507195565,2.27587504928478,37.836614101438,46.493907653216,13.4159910635369,middle
22.0118548839494,27.5749774106224,10.6958150737213,15.506629478665,19.14592241612,5.71847680388605,7.0740626032062,8.80056723975622,2.06470386604069,39.558499529674,49.3162145302912,15.6618097771695,middle
15.1232930336115,20.6950994553353,10.7521926228252,12.2666717224067,16.2555032874977,5.24877880835633,7.8468667130456,10.1748748835023,2.45947480470715,42.8495320270635,54.481708711584,11.0887620006348,middle
9.0583891735101,11.2260407593349,3.76809512079149,10.8212306903245,14.45671351247,3.25317414155602,9.00348090551982,11.4421113983062,3.44608759527814,52.1440302176694,63.8778862538316,18.2214061009788,middle
16.0889346026649,21.5967261797233,10.3033757686469,13.8487615420217,17.6438992434251,4.54896294646048,9.64676296287163,12.1737792231301,3.26549866229442,51.1691983914444,61.940233671855,16.6546500713023,middle
23.5612000661891,29.1096016495679,11.2139049222503,15.6051059188573,19.2602342040757,5.18907947440698,8.6671867394786,11.3764255911213,4.14281871057219,39.0526248300365,49.9159280964755,12.7329133109689,middle
16.0166922924808,22.1588788016268,10.1169436915703,14.2280681429474,18.079824292089,5.34602924657271,7.39882887121524,9.56589126064743,2.22425017364248,37.2566003599465,48.6335620405295,11.9333398524789,middle
8.15565796096974,10.1048341639234,3.37933731358246,13.1024030270645,16.3428987621515,5.42843532865201,7.41783237010914,9.18225640555312,2.97695953259582,37.1354162254038,47.6259402937685,13.9881042222859,middle
15.8397957103303,21.958275390087,11.2055850822451,14.134944960435,17.7754958690251,6.57905425731173,7.54072383116404,9.2129977622476,2.38919231057962,33.8410972478769,42.5788762187087,11.9367248278423,middle
23.6697825891475,29.4665224940117,12.1695083214392,14.2021794836038,17.9152144018906,6.07155780848143,6.6216595442224,8.41932472345927,2.05989890095393,34.9076208872601,44.4843496615787,12.2915175508678,middle
16.5139370660534,22.4445918198287,10.8131428230187,13.6080005054576,16.6581485651557,5.5332073715219,6.03926762309218,7.80599839886564,1.89172365546381,37.4563396935014,47.4823469401416,12.2146220757335,middle
7.25104198602024,9.37329717103175,3.00706302016136,11.8938408471389,15.1245829628561,5.05773179134789,6.55743157846145,8.53800483742839,2.1964793339477,36.4132775111876,45.2601631460095,14.1522111972267,middle
13.4551463701591,19.6903674429985,9.43941673096065,14.1289422685035,18.7942722214737,5.43893074023173,9.89891362779852,13.0571947678448,4.40029280554933,39.8118120126706,50.2566185282175,13.0598084032236,middle
28.6953589973388,34.8334638908985,14.9521138124298,35.5939662793271,48.0035093392152,21.0456010754464,20.6046361718937,28.3492108721248,14.2429213138576,52.1278265637289,67.148026933506,17.6822522453964,middle
55.4272448405043,80.9068218471858,40.5692390550068,180.386257507278,376.923527892552,119.272875063234,115.1077423625,225.038950313659,78.4837764096569,162.586603753246,307.289828414142,107.875901516724,middle
103.437337288814,304.034511421196,41.7699620375889,581.406563789994,1592.02035926094,255.407721360783,466.220855092691,1316.57807389642,211.639441013151,451.69872548517,1232.421168161,197.017642470701,rest
69.5212214174391,294.59059340194,41.0807096061388,452.905487296281,1548.00994505475,230.588060941757,382.736101262685,1297.81126803965,205.114774558544,335.395061557555,1195.06141854247,177.159003873864,rest
7.18401800729819,9.38843207482767,2.29857249594324,28.8929274707296,43.296541097679,22.5169218388028,22.4236622715208,31.3411039114886,16.6409116628965,20.8675097073863,30.4517333940884,14.0199317857279,rest
14.2608305468785,19.7017994124655,9.5930233307219,8.09599558401309,10.6936472946859,3.72165528046023,8.36717694777192,10.662268913272,3.78026214254303,16.9857888942285,23.2478748134955,8.89976286275737,rest
21.8076317018288,26.7533220337223,10.5896071456582,9.40945415919324,11.8610489965335,4.58260403509563,6.46189661335678,8.37819350277221,2.15665812151118,27.1428973962636,33.545519620402,13.8785508571087,rest
14.5846594005375,20.2303044672975,9.44243401836771,6.88677502294379,9.57911267686864,4.79074530074978,5.77100296459397,7.55186245304333,1.99837557508348,19.8331524449264,26.7502172049388,12.3365845929128,rest
7.70356765391007,9.55164709303086,3.85552529996214,3.07997617922598,3.74035236079638,1.83144064675177,4.88718340257934,6.08199119760089,1.71223916998926,8.38688495310467,10.4781312543877,4.22398535462767,rest
13.8114097230429,18.174036805308,9.28646144504643,6.19152139923062,8.50095877099685,4.49132238951287,4.98225460975612,6.62788739251367,1.40431907846417,17.4801498411623,25.2493529146473,12.6082972218713,rest
20.2036381331833,24.7495043650988,10.0397851670731,9.65431107774736,11.7362021889345,4.76895876529053,6.6107797636394,8.69076047337103,2.23661709653508,28.2849366214687,34.6049283518096,14.4139099498846,rest
14.7005990772737,19.7055506794124,9.57672830251911,6.48873534485663,8.90634700888369,4.54401897578202,6.37966123300021,8.16840434532991,1.82968325645995,18.5985272502091,25.8190535989257,13.043854031905,rest
8.01701936536326,10.4417806010678,3.4364429256752,2.64256745064635,3.31100913861169,1.62510088547054,5.12894830636202,6.44720031230952,1.8126854277088,8.52882801166794,10.6469170101446,4.47852151200734,rest
11.4167212337544,15.0112977850678,6.66357257740534,4.10114246742922,5.41415216717982,2.86655169804933,5.10487514092026,6.71431687375467,1.3741582933089,13.2382090097517,17.7516946923293,8.8532276903145,rest
17.1427468923196,21.0881941158471,8.45164223504388,11.809460472619,17.1179995006652,4.226128488839,6.33115464687151,8.31019634251538,2.3782320239627,32.7771061861872,42.5915310303314,13.7432009367358,middle
22.5375433171482,27.6353069894376,16.7837662589087,18.4075561250666,23.1807601539217,7.86381608922616,7.87463300599952,10.1132757468425,3.50414619568524,47.3531076796862,57.384759361702,19.5991109679014,middle
24.1272929026484,29.6947845548951,12.2565618367388,18.836496712135,23.8995536377997,6.2713558082403,8.28164105901607,11.1766336419095,2.65800874023524,45.4241604036698,55.6051156814776,16.8747383637214,middle
15.6588272540196,21.310340991437,9.93023057054582,17.3427010887622,22.6813093792822,5.95561814146147,7.97484248240423,10.777766944884,2.54353691959495,33.8675990031419,42.6502090234336,11.8338059521342,middle
8.46655263428701,10.3234089010189,3.26361356347147,16.1354686113936,20.626899290932,5.38839362565457,7.76449753680522,9.69814944437812,2.28773570174147,28.3082992423692,35.4173071804296,7.40034278618383,middle
16.7110686895368,22.5170008123855,9.73436356073127,17.8712184863047,22.5893385956053,5.17460762977279,8.12771801246869,10.2360742135469,2.29737209757257,37.6157678998135,48.3193704702737,12.6429455446744,middle
24.4928949019789,30.0685210057791,11.529411689847,18.9889084250696,23.7037097133924,6.64352977709123,9.26241213035431,11.7076520149138,2.82964115763305,46.8228768894829,60.8937787316501,15.1046179588101,middle
17.1525091976446,22.9018106477934,10.1236767578784,17.1913978194421,22.2726285001449,5.30555062433545,9.26768600890802,11.5909099867319,3.15834216360252,40.448924473783,53.8898329438133,13.1400704206389,middle
9.40385504441473,11.6578886781613,3.12226322798286,15.3252553838912,19.7529836350553,4.69377589337596,7.75770536142603,9.94556607629775,2.38918968851745,36.7392560693256,45.792957594007,10.5441503985169,middle
16.2069852638808,22.0703029287816,9.56160579977408,17.7979580541818,21.6506231227691,5.28137470671896,8.0420776516371,11.0785938890619,3.07322237772877,38.7650338378175,47.6678937329821,11.9307055514085,middle
22.3044090763596,27.4902007589688,11.1535845031295,17.8484534828071,22.6108329794194,6.99202254496057,9.42391391378854,12.5197643990533,3.65623814712492,37.353089276858,46.3717225290979,11.8871391526285,middle
14.3665719404669,19.5067246094707,9.23929356075797,13.9240582911264,18.5997437918933,5.17960530574446,8.6002057495567,11.0133728225497,2.87647258640323,37.9672335045831,45.2742661459133,13.5740548752472,middle
9.24045664683592,11.8245926982427,2.88413352116727,15.5567395221702,21.6993095338377,6.12429975026244,7.38034427227293,9.30210037494242,2.41192656406612,33.4924362630288,40.6912963424047,8.30799793553338,middle
17.2181513882078,22.9515856768106,9.64612514964264,18.7299315251301,25.126414743053,6.44454870511464,6.96982084548986,9.5603351974392,1.98250585191494,38.6871194100917,49.4925718316608,12.2901543117737,middle
23.3512444483866,28.3189018419254,11.267385970274,22.2243539157806,26.7215563620068,5.47474170535213,7.8173318164518,10.5879678764098,2.62778034179873,44.386425730718,52.7908272537698,13.5948121515197,middle
15.8858175043658,20.5071336908725,10.0844327014822,21.9156734578703,25.4930352937559,8.23399688922716,9.66139608407817,11.9649864973742,2.93798304463103,38.705270455413,47.5186434999783,14.5562744292922,middle
9.01849264957438,11.0329615659995,3.80677799218363,17.7460848749161,22.077615881834,5.88942896970209,9.1615561659117,12.2396811749779,3.10816089985382,34.1543345997871,45.0213149506607,12.3667870796699,middle
16.4303897144991,21.409804414032,9.11383608623497,19.3240294628261,25.0781495353967,7.534944410379,9.80455448532184,13.1232259361705,2.96484161309264,34.5970942977735,44.4941307133096,9.25037638569904,middle
27.2698863020608,32.2772913756315,13.5427626875387,32.893878529699,41.4286903937102,16.0892738067648,24.3111026933252,32.9900523733269,15.8312720865919,43.7569797565045,53.8820679954372,16.325951681908,middle
39.4519002033012,52.6518556439055,29.6764407412271,134.37193421879,286.779215554636,85.8914680765125,123.864437505889,272.417030280211,84.7681691173944,100.697033869764,166.130041756651,73.1910448493015,middle
57.2032076580524,154.059693093231,22.5883986143901,447.284903682545,1300.20327723613,193.55834985487,417.469853904228,1244.51102328646,178.726276343787,304.258918574427,839.692185201016,138.646499326174,rest
35.8192257027569,147.073364354161,20.75647808264,355.501411723478,1269.2264311733,180.172658933426,331.398531918084,1215.20463920422,168.53281613667,237.376882402125,824.338824305304,132.333369333519,rest
5.30191914088914,6.76988917534977,1.97523277336803,25.6763681208317,37.261375840534,20.6194056038422,23.5467023613294,34.6374019478191,18.2783954093921,11.1381545633492,15.0942006115846,6.57388664960649,rest
13.0239996726044,18.2472807299974,9.17570141385287,10.761778073126,12.85531925618,8.29817897285724,7.09300358270392,8.93742692609382,3.85956577421715,14.8924472043964,21.0244707642698,10.4945997660999,rest
20.9932269000368,25.5204639310751,10.2816384768131,10.9698046699399,13.2519774298644,5.64139205584589,5.69046965972926,7.04797872153908,1.62697690694438,25.5335822422572,30.612809195972,12.1177581145798,rest
14.5320956764909,20.1248283368796,9.3759975399554,6.76475117837047,9.49072708724195,4.45093483509583,5.69825381655146,7.17679912412807,1.96242242437866,17.4335086478774,23.9098812690025,11.5583398055349,rest
6.39929518239403,9.19708258800251,3.47095023126284,3.10006033239802,3.67202376169836,1.70239842242263,5.74326099862751,7.33587401240024,2.33707033871755,7.52266089324469,9.5091066114611,4.42248990393269,rest
12.6082732071596,17.9593099715216,9.1692696130692,6.31555215247367,8.73027440339482,4.61153406274907,6.21151624838814,8.21620787078063,2.33589390721315,17.015001609119,23.7284357959508,12.5182819381478,rest
20.558837025442,24.8726852907514,9.95842764870155,9.68479141302599,12.0090848860942,4.80573865908682,6.05463342664545,7.93932180507105,1.73967485641784,27.0788279792217,32.8522155556143,13.2359195689949,rest
13.089276931599,18.5195326602029,8.97188911231123,6.36015006406304,9.00410285886259,4.47008094620149,5.21933633522669,6.67870151610069,1.35362875619925,17.4822591757511,24.4669420805446,12.5773054989339,rest
4.83646458537907,6.31123096379677,2.35076941240454,2.33042661864325,2.94860869855282,1.31873442252964,4.9419490589157,6.39969770521906,1.4186465118799,5.29423006704973,6.9467421087289,2.50531549917073,rest
4.06516935494151,5.07458837030479,1.36790003712257,1.96899739413233,2.46049753723193,0.628228598660604,5.15099079366837,6.85775893097069,1.63369428911054,3.80753607501555,5.12825828899374,1.29892085208288,rest
7.07618628301125,9.74985133829695,3.14862411837055,8.80660564780913,13.6167042372066,3.71108626087077,7.50833479363324,10.036611040588,2.61563813730721,19.0227447359443,30.1509827566942,8.44001083966269,middle
15.1600626097969,19.2370010321141,9.57473303426448,15.0515148108655,18.7650038897176,4.77396548550373,9.36913770670051,12.4853301149912,3.18151739518742,36.9196310459078,45.9305616484598,11.91341698476,middle
22.3263423543642,28.070027317651,12.0344466140967,18.0603775226326,23.1570712117321,6.03962743227554,9.85740968068054,12.9063964878207,3.21767368642622,42.1443899697824,53.8584736491468,15.8820292698259,middle
16.384504867434,23.7026231817346,8.76652293334162,19.3468769498693,25.1019622931313,9.05704315277704,9.04573193816216,11.1781926365778,3.1219817857529,38.2287799518936,49.1324357371397,14.2236393703694,middle
7.78834936765304,10.3724387488656,3.18041964167236,16.9769334386673,24.0189076756237,5.55749381826015,8.48102807746021,10.4518690616103,3.35518548618176,32.3934665202934,39.9303721697894,9.62675539124283,middle
14.6324968948912,19.2795795350229,9.08621450568804,16.2911987855933,22.4658497352623,6.33883873724566,7.8980569265126,10.1940846034798,2.86908420018956,30.7377786221986,39.7543430583514,11.3331127346414,middle
22.5666276947205,26.9045201348051,11.3118936885298,16.9930589318206,21.2805888127908,5.84299994349888,6.46072532969322,8.29739510969897,1.78334548554733,37.7056138454571,49.2151767075578,12.0178783167054,middle
16.5588894220787,21.7466343216744,9.35229731878655,17.1489622606879,22.2673031772332,7.92137738798458,7.8365931157285,9.8863301427526,2.79779677383006,41.2221321703291,52.7826842918088,13.4827509965313,middle
9.36559849805286,11.2936790462982,3.21798947418705,17.0294756638628,22.2930366812719,5.17562147494671,8.57210755826028,10.6397911199245,2.74615983910817,32.9974020123813,43.35061561849,12.4920718783232,middle
13.982862690408,18.9888132505222,8.78068997602664,16.9640649240322,21.4517885078341,5.1944275004204,7.45549670840359,9.905955987737,2.73135940225203,32.6339486402392,41.6459012482307,12.4895359675843,middle
21.1226717715425,26.7182435835183,9.8304061694169,18.0587650322001,23.3785263330509,6.23503258892912,7.75186282037155,10.364833891333,2.57421114458571,36.0279392529002,46.1795456085566,20.919142011222,middle
15.5453839872442,21.4891968284883,8.72102325831219,17.4975087720596,22.5546712462099,5.47633607731853,8.51834866041783,10.7731695974986,2.38506013241432,37.5546739712911,51.1850214784819,14.4555595647911,middle
7.5762841462485,9.78748128477604,2.37038437903065,16.211438450355,20.9813138406363,5.71961915150762,7.64665466021541,9.8173291938481,2.32531371317587,31.6134146473654,43.9100881140696,10.2338086651679,middle
13.3585556719199,17.3697147935229,8.29271273824263,17.807738264793,23.1013381586042,6.12594235806855,7.67355197732394,9.67198540118183,2.5572518376778,32.4146546402786,39.7728515250742,10.4944735595189,middle
21.4433502567976,25.9438528950329,10.9167968724783,17.6349718706922,21.6995278914828,5.45013282985073,7.722078624596,9.51475978962534,2.53358137068512,40.1041827941597,46.8135169138652,11.8166681713449,middle
16.1929443473433,21.7709151541055,7.98566534033315,15.1478636596117,19.1012677448671,3.85589518507804,7.19198275725678,8.77644385856767,2.57305765589074,35.6591606759972,43.7815059542574,8.85632263403622,middle
9.90025792688875,12.2240746994927,3.95634990237924,14.9057094125413,19.3248285112856,5.44491794544466,6.51938239023089,7.99556849230413,1.72215118735862,30.0645532406884,38.5371656707317,9.42312016886437,middle
14.2377187504242,18.3348617290886,9.01329152147413,18.4442428788944,23.944075568244,8.11312284146839,6.53145300846816,8.05200785740977,1.94056358190788,39.8641663911674,50.0725672179796,13.8062051641789,middle
20.9483878825484,26.5306614814689,10.4122433623176,21.2370935317698,27.8280334529303,13.4351113400037,12.3718113124023,16.6894993360705,7.42143056826352,43.4755299911479,54.5146935051691,13.33342207656,middle
22.7752793930683,32.913890542271,10.7269685789697,108.600986144103,220.524656059856,71.4358784446584,65.2157233819716,138.832800587691,43.2469572599474,89.510363536102,175.227750132418,44.9186057338316,middle
55.8015353098908,148.950827514931,22.04216291459,439.764093712482,1257.60763955108,197.412995956248,221.852866492353,672.249240575341,88.0884150055061,292.238612116013,881.093667206547,123.472221035639,rest
50.1435240566766,147.089977845808,21.3689848268625,360.55780401315,1238.67227281891,192.196548000041,176.325969105021,658.198032104759,91.9572175113521,236.577987360302,864.681265194083,125.62027362997,rest
9.8311124601475,14.2982846489976,6.07513166958928,21.6203123603193,31.1516027744418,16.3618358983812,14.024258091958,19.4101060872717,9.99074327045284,27.0840689443922,36.1736759642001,12.0203546281208,rest
15.0642951955266,21.2494383281498,10.3380798236889,8.09980874047271,9.8997183070243,3.86369370099972,6.46383423273228,8.16653023874647,2.93999788903473,27.8287426169234,34.9633458296836,12.1873308432152,rest
21.1724432685862,25.8740595602874,10.2488738092215,9.8643722429111,11.9561254928933,4.77965442503467,5.17936812571765,6.35907298130008,1.43606064830616,34.0343925755834,40.4227284708939,15.6549978473973,rest
14.279203929888,19.5515490818483,9.43868831160335,6.87921290341393,9.35788572493592,4.55322221327086,3.84921078326759,4.657845497154,1.23429514506583,26.9150854547539,32.7544747154537,14.103780393941,rest
5.8038972194016,7.23406930010435,3.24208911560703,3.28622631935648,3.89814898954762,1.60712942844072,4.19590042107373,5.31071777047314,1.26782867391151,17.784101443146,21.6742008719029,4.66937939867719,rest
12.3372909586436,17.8900288330373,9.29184565582202,6.39279603041375,8.87389526513098,4.63596914183302,4.22376370996829,5.45002392642364,1.32671917119475,25.6508719395171,33.3133180819693,12.588645744574,rest
20.2958742659526,24.9721087063191,10.089705081396,9.99121423049745,12.2503162207653,4.84705584674906,3.85695087608611,5.22680692784202,1.14466305609771,36.2931884210411,44.3318705298902,15.46707034817,rest
13.5323123528127,18.6271506971356,9.68104416424882,6.91332530498047,9.32737135809837,4.70493030294946,4.13177732687026,5.33749374664156,1.12485951988286,28.2709422746222,36.621396923095,13.9481541691488,rest
6.17924674742135,7.51493919056257,4.38776744315836,3.09322461096279,3.89813655574997,1.996347954228,3.80621322304185,4.68193261897538,1.10562737911531,17.4027504822408,22.4061691582851,6.30870646112568,rest
15.6953463657218,22.1894349190123,11.9970927689806,7.01247166656862,10.0644014952086,5.27891493565005,3.23151243736956,4.64112030394516,1.09979555405171,25.5895768868995,33.799828097609,15.8356110365416,rest
27.3336253134406,33.0408743458619,13.9482922446055,13.41809720922,16.2626513166706,5.79261204343571,5.40355006727673,7.44675132393323,1.76863442934199,39.7026596054253,50.0537929925101,16.9127979438875,middle
26.5323378582117,31.6276661809411,20.1474131111638,16.0168350203009,20.1757377105683,9.90849599190725,7.03611270537527,8.60459107560347,2.45689315507172,43.8332661301355,53.9871874496821,28.6368065759763,middle
22.0233172060494,26.0483412611705,11.1900485802201,15.821028635901,20.3240015449388,7.91627221542985,6.86659864590203,8.52349405156743,2.33239165567098,42.9903582526934,52.6865734045422,16.2644713234174,middle
13.3610497296998,18.4821210208769,8.24030167135423,12.523452511571,16.1934512881204,4.76601529359456,6.68584197960132,8.35118541389295,1.77390086388935,34.7206619980236,45.6554238114074,10.7662565780048,middle
7.41619880628734,9.53472788798254,3.33828357274302,10.8719758516291,14.1548981897215,3.95699848251029,6.32784110637203,7.80263843408937,1.66192960095115,28.7682406355078,37.6179589533034,11.8482560055518,middle
15.0387470085774,20.1368378404686,10.0709913301471,13.1677407268564,16.9232544581828,4.26384425344043,6.3802865030722,7.92496829615399,1.66105356158768,30.9893689943339,38.6624243444979,11.912843608753,middle
22.037915382805,26.5725096402492,11.0356307861487,14.5944497167949,17.9826731351439,5.55214025458933,6.2448119333026,7.71393764063013,1.93211281758391,36.7412885034859,45.366834143668,16.6074891824504,middle
14.8859827543683,19.8400297249961,9.6966527907585,12.5210858564738,15.4345552355916,3.96529744069201,5.68247220731398,7.04929631840419,1.7267526224465,34.3176458385256,43.5261049308429,12.1165327239707,middle
7.51275441713307,9.29068405237734,3.25555757176806,11.244406744744,14.0639316273837,4.06180027603767,5.00534398636793,6.35240567265615,1.35485652948823,26.192270918957,33.981074269704,9.63635483392381,middle
13.8332831320857,18.0997884530346,9.36686422786015,12.4826218111282,15.9792348274202,4.68492825146317,5.02610979136623,6.62872898685211,1.35576384620723,37.7977080572355,49.1517961322555,13.1251511062441,middle
20.8247837199535,24.7828833568657,10.6987125396297,13.8219095994062,17.9111891555324,6.14277775257475,5.59598925045059,7.05859852372781,1.92294330228632,46.4015100523144,57.4440130408601,17.5147046043716,middle
15.0811380113124,19.7495220346552,9.19718298771487,12.5853228492055,16.3158203187702,4.77474538808232,6.09859137035449,7.5263081846608,1.74236911641083,39.8467879178744,49.8150477024642,13.7851049078666,middle
7.14106987887783,9.32029062728256,3.26300672018503,9.10144519380132,12.4509187046526,3.60324995581933,6.81809992101931,8.7089113091961,2.04375470022401,35.7541689472682,45.4121936542511,12.2718718257747,middle
13.2039227971579,18.3809430506299,9.14972956703373,11.6891600767852,16.8298072359846,4.65094019402159,6.90097365806511,9.08398200787501,2.97091827274318,39.2475167733807,50.3595001426383,16.6676562263694,middle
20.4675532413317,24.5548416005703,10.4686766801125,15.6935611854084,20.6004834977897,5.40585417929357,6.18086811246451,8.4201534852108,2.53048220543501,43.192214097647,53.0230362534395,16.8937024143555,middle
14.5297618458881,19.1022961036183,9.26250250341346,12.639843339427,17.079321148992,4.42927489350545,6.39539398617035,8.32534132164119,1.97180414961821,41.0233584230187,50.1852266557048,16.7508756103461,middle
8.03945269255408,10.7393842308665,2.89626000188131,10.6040507973991,14.7410412216558,2.99825088707006,7.2094309784427,9.07213043371748,1.99185753518137,37.6793867748431,46.4347207654755,12.2215734607121,middle
14.4945715989743,19.5087011357823,9.57208065763765,14.3437703357177,18.7001296586782,4.23329557222144,8.27478117125346,10.6388624027792,3.84865608141722,38.2463433888133,49.3337014447516,14.3826895300817,middle
22.4804650274687,26.5969321543893,9.46892222719332,19.1993955572859,23.5737796447646,7.28705936886593,19.7365417413157,28.5035180285636,14.5427532116899,46.7852896384623,59.2186284355068,18.6246532927792,middle
60.3671480379356,120.128771373778,33.0252071426011,33.2010043844855,52.8162600045589,21.5537429436511,116.626642264268,226.915684989799,79.4965422269319,136.79581558062,283.487624541109,81.1931469344705,middle
196.537952390551,591.248737687861,78.8181682714288,76.1689668465039,224.807882861802,32.0213074934665,472.093134295672,1332.6337217811,213.595857202373,453.175129137347,1241.2091885012,200.276550148406,rest
157.73766753638,579.488251343844,81.3674593107604,57.0734329196953,219.364345080282,30.4398257576659,389.240499937197,1313.82817863335,207.87501662873,366.884220839322,1209.9190255645,182.512204280715,rest
13.9104226733346,18.2610456108208,10.2578496693853,4.96706310781707,6.51042785224634,3.16125143077552,23.0020515345094,32.2247045688902,17.3466273257021,31.7537710486197,42.3779410052871,23.9059262933127,rest
16.2217555048665,22.2298989248779,12.2524623685845,6.94039609129812,9.74921642038716,5.03179503073527,6.90179189982608,8.81521213801267,4.56084330305374,24.5933918421343,31.3778386209468,18.4030651031845,rest
25.0284847045345,30.4604300002064,12.3407843230939,11.0081544895622,13.5837178016912,5.53991236420416,4.77151879111612,5.78368892848134,1.43868955083336,32.3661451656321,39.3965946878838,16.7462416561432,rest
15.6051411155942,22.4032732990921,11.4541886610993,7.25928152656677,10.2563151448729,4.91493323098781,4.36873741697318,5.43841008156373,1.28065987526572,21.7820209920945,29.4266596641607,15.4397696661499,rest
5.72273826745154,7.10640736008452,3.71441425864142,3.01623144505713,3.86469998932752,1.72465476992624,3.78153577424445,4.79301708492285,1.02880542783949,10.3956393934942,13.1744652342732,5.27039547265183,rest
14.5185655592387,20.5329035262664,11.0700807577028,6.75170080739968,9.50247101036779,4.94212801639243,3.40761827961842,4.33960811147614,1.17489537099332,20.0235916818323,28.530954053807,14.396905749383,rest
24.2334788058222,29.3400391381559,11.8604961760842,10.8653991749342,13.1564666226119,5.28025290929889,3.57456316517953,4.34344635315479,1.53354292430308,32.9908407789599,40.9117901571552,16.2254600880246,rest
15.6022423311648,22.2078859358593,10.7786027670758,7.08160455250753,9.92553733038051,4.73168841904325,3.52836040688014,4.22512101974638,1.23436006788957,21.4280416386995,31.1090512280735,14.5454642164105,rest
3.86898503047778,5.3260697837392,2.69358166063802,2.29421605225296,3.17651349723292,1.23308931720251,2.66422747868381,3.41246774881599,0.84108101122522,7.12763446855794,9.01798384067064,3.19066316942752,rest
1.85329177420631,2.38089626579634,0.66501883025068,2.17460244415813,2.80956320962435,0.81598851218075,2.2979699806419,2.93784708927628,0.680502049212062,6.36743760285698,8.6633289588805,2.61754822421852,rest
5.31441239913076,8.09618180806289,2.13611370355485,8.92274327421426,15.4192344568267,3.67829604722176,5.18159607713209,6.96990472315277,1.57342201128328,14.2389075910314,21.3460742186903,4.62385162407013,middle
16.9777953989081,22.4517964703069,11.6192276676356,13.9770334269702,19.9230110255493,5.68678645599507,7.78944380630091,9.99171465995353,2.74201222197938,30.4817984193891,39.9328123583841,12.636205808617,middle
26.4459306903314,31.3626688969235,12.6048097682827,13.7575212862508,18.3921327179179,5.94517695899553,7.02470743577106,9.28307907127315,2.49508635587789,43.2886464047406,56.4836653485823,18.2644699232969,middle
18.5070378912219,24.6256367717526,10.9095616803875,14.3099262904323,18.4954117907805,4.59410006954559,6.73067169318258,8.39877708093493,1.92105003787511,33.8369819873592,48.4417706200487,12.6257903236296,middle
8.61767565577924,10.5531945115185,3.96503349340846,14.6149455631046,18.9943590532485,4.49726663482662,8.02594068351781,9.66284154523458,2.64448842341434,23.450823212158,30.4378486262142,6.94858030518314,middle
16.5210885646355,22.336407117201,10.9076458265085,16.2079739538336,20.5294577095785,4.41830278309631,7.44950255717447,8.9771843199516,2.11892712010602,33.3647171399882,45.2275973841913,15.2721886036714,middle
26.2737964318445,32.4574535046291,12.6108358311798,17.7989222718043,22.7688746291283,6.21113531535319,6.89632043732617,8.52761458798617,1.79209363405713,39.193787975714,50.3302991687443,19.4451284386727,middle
18.5674187739165,25.8771162602838,10.9677412363859,17.844236456532,23.512964098537,5.3368055575804,6.99335646921921,8.82649329438564,1.95719639858615,32.5645367705047,41.8893886565946,14.3984032080884,middle
9.40541548900046,11.6045836592602,4.40867231944488,16.284723110675,22.6972825374288,6.32433829464792,6.14027720578423,7.69699803184996,2.0775078301211,26.4693711554084,36.0018779953922,8.90983623560955,middle
15.8233410126894,21.1907115473946,10.3553207415619,17.0970030608858,23.2650269242436,5.93467657436073,6.22363181201118,7.67786165253284,1.90519090306407,29.2980083214041,36.738099414599,15.2927355369425,middle
24.9215947159175,30.136865526226,12.0183052016814,19.5216696898513,24.7577081817737,9.45796443324319,6.5846851069876,8.35450791201487,2.12370982319573,38.0806003232978,47.8006468549714,15.8385120154571,middle
19.4320911379294,24.9073182268822,10.6089245454405,15.6669934680289,20.6000698528797,5.30097556497466,6.88405572162696,8.9557751251184,2.31261342943149,32.5321198958392,43.4858137079361,13.3702840279607,middle
10.0496239567025,12.3299361364671,3.88271275936805,10.8740116484583,13.9341250190487,3.53584995206979,7.26459062691451,9.5856153221145,2.17011309617535,22.6936514526029,28.0952012268452,9.09262159630336,middle
15.7939278179921,22.6589826229747,10.7222541757797,11.2021099955854,14.1747941678217,5.13818429249733,6.53650219032025,8.50898016383623,1.8830660121304,28.7503080078602,36.586523545302,16.3900394750363,middle
24.9564298459012,31.7907628990195,12.0679993614516,13.942537962865,17.8470068228553,5.81908402288523,5.45076705184854,6.8406446350183,1.84503107485793,40.0297763411775,48.8537388458574,19.9806222586207,middle
17.5753397229186,24.7663217228998,10.7143754423341,14.828589285089,18.2131048181439,5.54023167425449,5.14467588829047,6.48641870812986,1.46427354493571,36.0200169913481,46.5546284796787,13.6701331418818,middle
8.14485182770675,10.1706648720876,4.7628300975657,11.2331962709058,14.3817258946158,3.67061704711692,5.64597431138907,7.17318910855685,1.68253473258068,26.4480990146074,36.0727224427651,9.70075924899659,middle
16.2700257393889,22.3954027121552,11.729186198086,12.5856326719663,16.6426999869307,4.19652354378351,8.64323772913976,11.4232059126583,4.14763946035657,31.7639289519607,41.2761721506678,13.4296039073475,middle
22.6929698906028,29.101246516146,10.0382747530085,32.693321994951,43.9476377046242,19.3037543196995,20.8009654759985,28.7780490449608,15.7936829838978,48.8003274619245,59.6201940814867,26.0914596461797,middle
49.6137507113464,115.373860984673,22.1186530668491,157.036326850425,330.219251548129,106.494874723727,120.064007114067,241.469035653773,85.1904563468861,129.803788673976,219.340163190471,78.0277825214288,middle
192.126922439511,593.229807052567,78.968344271505,500.824669235019,1409.42380397554,218.988571078958,507.626783482488,1428.34970027496,232.267757602781,428.898000090246,1225.32971530029,186.850720256527,rest
164.950379135141,582.608127887014,80.4447694530779,388.79844526163,1371.29493034749,200.154468199939,421.869808678669,1408.42784033056,225.860538610347,349.412006757104,1207.02119801593,184.227904382569,rest
15.8847504282795,21.7124207148141,12.060880336811,24.4739308640658,36.4954922401296,19.3006471470517,22.9495160167825,33.3505320546301,17.8514830435304,26.6986580731169,35.0028211789253,20.7674071600414,rest
15.168223569098,20.1283392503754,11.2049949670023,8.51295722290048,11.0388672245251,4.14288799336342,5.40278151072011,7.35151073773511,3.07893919748159,22.4333201230097,28.3397956681843,17.1829648369942,rest
22.7746956259944,27.4688269148036,11.3826051416743,9.92776268223387,12.4811691051885,4.90063490354284,2.96348506485262,3.46954789270576,1.28579958196467,30.1430889240197,36.0680299923948,14.652438197627,rest
14.4321406434737,20.303733906029,10.5809458824543,6.89887181917249,9.61814685960167,5.0018452380601,2.43273314459624,3.06476948748812,1.24842232153896,18.8712025939271,26.0401361263047,13.456042686425,rest
5.33280768811604,6.2552301383262,3.57121254789763,2.57646841201532,3.21023495411234,1.62105708167963,1.96711573451873,2.47360632229361,0.636250116302326,7.27330662899162,8.96822905455209,4.84687756535686,rest
13.1353104078289,18.9418521961186,10.1761494346256,6.04721852900033,8.89069685251397,4.5963962523185,2.6814852400727,3.38963756240504,1.38472993234594,17.8264388254846,25.7248602508015,13.6331924889848,rest
22.6532693906921,27.2115552905081,11.0028929729217,10.3995660668066,12.5124148706801,5.27721973613136,3.44290515375362,4.18573207424807,1.45179678605419,30.2945618803551,36.4858964491311,14.8012017253131,rest
14.5454166803228,20.4626047974147,10.0366464418163,6.84953553963566,9.32478064521577,4.549858200959,2.46033827275785,3.33160469574835,1.21534086690731,19.9659531431815,27.4348629285139,13.3962160666003,rest
4.77078570664146,5.79662771688987,3.02676144410319,2.61220876252994,3.12241185179226,1.38519721225946,1.49289562617692,1.93799761834378,0.490466026525916,9.03246331182706,11.3550465975696,5.71506863820761,rest
10.9650049233702,16.0281059553662,8.00398037241483,6.81943622538745,12.5216814818137,2.56349611291095,4.43275278425195,9.11842668438388,2.02959423734641,30.4162476643118,55.8237682593521,11.9207585287934,rest
18.4945422764466,22.4634723845569,9.53669525202196,17.149043221688,24.0340617028081,5.89765492261546,9.12303036770226,13.4979000483956,3.5915728102365,48.7480071042387,68.9626122335035,15.3888491085117,middle
23.1534402835459,27.9310741921082,14.709970447737,21.2130549071032,26.5306362580018,7.51239017298504,12.5862481957855,15.9345957968135,4.48913732390489,48.8729452484447,65.2034577250346,21.9254188750485,middle
25.8486925706221,31.1927454915797,12.0049919844658,19.4426494692732,25.2117611078589,8.4056785023934,13.158799325946,16.7924092296164,4.02835209042933,50.6603912876457,69.0957833561497,17.519457176856,middle
16.9705088995771,23.000330457928,11.2768343687471,17.9190498809548,23.9204943393007,6.62553841459954,11.0753917884354,14.5315920080288,3.37618185261532,40.5958358949491,53.8321326925056,17.6632599632359,middle
9.09713235725368,12.0847791596629,4.51167091862632,16.1074061991928,20.2010588187463,6.62433522848545,10.1013324746314,12.9835768133799,3.32139303982875,29.4563317572734,36.8598467004535,7.75309892614277,middle
18.3386003831693,25.1895990449906,12.2743169621547,19.9014173983487,24.4747144588711,8.23593905107826,13.3680838907249,16.6628504466976,5.66853125900664,40.0250726227694,51.8904372286685,15.0753521771861,middle
27.6623327217897,33.5637071617182,14.1532643325441,23.7469545747794,28.6923619031585,7.4926188076682,13.8718836468894,16.9788286201787,5.59490458087427,49.8223921194532,60.5671442858416,20.1690642557964,middle
19.1333420409729,25.6348840761653,12.5938157799339,19.1763604456846,24.6383314124386,6.72088904374061,11.8116308474753,15.2372175648672,3.52085505738888,43.5658687120569,52.7384954809724,15.9641117557923,middle
10.305979765445,12.9721376509533,3.84434503029585,17.1546794501314,23.4158312990724,6.06781956451795,11.4304830581695,15.2000895409207,4.37851357546863,37.176150069594,45.1235419104115,13.3502477894374,middle
18.1224895284358,24.4166081765503,12.429649707817,20.0244033892264,26.6356092547949,7.06051729651131,11.281889052775,14.4083394991413,3.08901084004219,40.956800903611,51.1265280130132,15.6567527969294,middle
26.4936742798363,32.1738655008227,13.3266138476312,23.345131136819,30.0466377159141,9.31293504073807,12.0766961107445,15.3381377516961,3.69781120245162,52.2350803271889,65.201897889643,15.9399598564924,middle
18.4314871211336,24.4079840095827,12.2695289795616,21.9044348605041,28.3907738869904,7.78699609205561,10.5993726289755,13.6079297163937,3.79895290503591,47.2943078960979,59.7792088844166,15.7314173874955,middle
9.23789852780279,11.8206669818232,4.22986350752014,15.9927346241508,21.4109123358563,4.98914629258616,8.13504521567587,10.1876742855761,2.69570261507747,33.5462654227664,41.5627247486694,9.60150663653964,middle
17.5602294518518,24.0163758907485,12.3077242097529,16.3618480149692,21.3623761308749,4.984982921835,9.87962361967337,12.7396426855469,3.14626632704449,38.5198403769724,51.056081890227,16.74160383934,middle
27.3687946094643,33.1170380971247,13.4173499002233,18.4168179774007,23.0627831034628,5.35741655230161,11.5720419225682,14.6576805458316,3.62034049529819,45.4650642291453,56.5204223815176,18.73961923257,middle
18.8089861834771,25.3925859925111,12.5266965091808,18.5604532873489,24.3645131681991,7.11969622578985,9.39289564358002,12.1530773840851,3.29601397514173,36.236150884121,44.1492178745245,13.3077110600406,middle
10.164825341943,12.5230228734726,3.48865365414684,16.6871364091603,22.1304908280052,5.74373565522774,8.76053931398145,11.0182840980956,2.2251732203139,34.3759522999294,42.5692422276857,8.86774133175059,middle
17.8587686653933,23.7674368834955,11.5024872604066,18.9824814995375,25.9564564750783,5.76942277343807,9.70845267861673,12.3693993252244,3.33910552119891,39.4447593304074,49.176313336712,16.4115727732072,middle
30.9209787811004,37.1023001741434,15.4627254526376,34.02198533737,43.3667015454634,15.8539033018099,17.7155061421688,23.4759699437497,10.0703293548204,42.6366344434618,55.4347818336292,18.1895913039996,middle
52.9839441703022,75.8027018784608,35.4083224668595,126.719557083368,237.065988570401,86.4036356694482,77.511894105736,164.563032153537,51.0021801736398,94.552326475224,172.362464883592,53.0830081492765,middle
108.02861332666,299.342904696349,44.7770029579163,402.40113606316,1197.31338760136,174.962043597306,250.31331680431,704.736784355199,111.016396956282,391.178519903298,1084.1054870442,182.341700414917,rest
80.0798260603542,291.388671184298,43.0492949617311,313.702261085545,1174.5033159248,172.710055269713,196.904010927106,685.912730810949,100.485130077532,344.888929769373,1072.27019142946,179.531767824314,rest
10.0618188174523,13.450024003939,5.78858071690604,18.4427839761237,27.2414611438478,13.4687323505498,13.8661375830658,21.3310590141853,10.4089174378156,33.1081955105805,50.8001725105463,19.2338225476037,rest
14.3133520907636,19.6355765095864,10.7631475680849,7.001267617185,9.21311980778959,2.93618651920972,3.9529879268283,5.12098057474831,1.59145128604346,24.6838631224648,33.0905220483706,16.6500130800276,rest
22.0910312362334,26.7169665578205,10.8505800127163,9.4483709000717,11.797529230691,4.44823871289192,3.57324982201417,4.47443220744201,1.39523776043402,33.8608992422863,41.4367095957761,15.4855848173897,rest
13.8692206401205,19.584428473768,10.1777669716276,6.76394734785383,9.31952204993505,4.86006025795402,2.94523081497344,3.93350653208991,1.20967641159111,22.7626306224591,30.6717098457556,14.3826710002789,rest
5.22457917139191,6.32980928268566,3.51604610397573,2.85242746474279,3.5328960157587,1.58948120266744,1.99017210441136,2.55621478329464,0.690090039701045,10.9031111716527,13.7400645776827,5.22535876763022,rest
13.5272408492449,19.4388401663032,10.358385353742,6.23566610401413,8.84882706454071,4.53184707231246,2.59187534808818,3.28097070954223,1.31977213138981,19.53655466666,26.8243349779764,13.2062450832924,rest
23.0929903867753,27.7457978424568,11.2875940008029,10.3121763286453,12.5053161582529,5.07687489059743,3.11189986069384,3.89032067234083,1.30687041120881,30.4967478379567,36.7063424662523,15.1462425733072,rest
15.2908377099322,20.9627970652365,10.7416223342419,6.93171970254082,9.51152841874499,4.70142116934935,2.58632129090127,3.25406535126116,1.30936781205692,21.0693292346883,28.2158831303199,13.7924583620724,rest
6.5623566376142,7.88634901678979,5.07856377444498,3.22587401485151,3.90610288425582,2.2715925210001,2.01261795977577,2.64602244187409,0.649354687779145,10.7259164856976,12.9637573462251,6.77221991106123,rest
17.1768755544902,24.5641811862826,13.5160715563226,8.1251011274806,11.3438126550251,6.12928723826536,3.07504708038693,4.09311038992399,1.60613123715124,24.0819122530502,32.4402783104731,17.6014059918481,rest
30.4692032750179,36.7460004483216,15.2761562277057,14.9360905479877,18.4656736195263,8.00809272493616,7.72523217923499,10.5170495894049,2.90514912853168,42.4270118315089,52.2262415233666,20.6413576535461,middle
32.9094828968399,38.6901014968173,25.1254629940435,16.0967106858829,20.2312204489102,10.2820418279979,10.6563692573153,13.19634737822,2.93447510469327,44.2575671363471,55.9216399911454,31.8330888290257,middle
30.2505761316426,35.8841669702235,15.0954578209959,13.4855908980714,17.6098033667044,5.80435353177835,10.0099706197513,12.5377137848367,3.43182946237016,39.5336163525576,50.0543911193396,16.5284600256392,middle
19.2838011089151,25.657578929022,12.0754711345384,13.3585262228083,16.6237767653459,4.34219675244996,8.62178721799401,11.1716693324669,2.69213289784307,31.5667875935375,40.4853256958707,12.6408633682646,middle
10.2117145820146,12.656564597196,3.70146880068567,14.2836040604929,17.647519463018,4.05907694849121,8.78310741818032,11.4528254912795,2.74256041444063,28.8433999090645,37.6080353816557,8.81920127973153,middle
19.402468228349,25.9374433477126,12.5202573700898,16.8271950300075,21.2774123715063,5.25182536368157,10.3565770295542,12.9090638254869,2.90076413680036,38.1910571417398,48.6027167621109,15.2172876732065,middle
28.3752620719726,34.4804792847426,13.416707953467,18.9856269779383,23.4117787322639,7.11882090053995,9.55532556955784,11.6024572931362,2.53611568228665,42.286214666402,52.6286199538524,19.6248431487565,middle
19.1812502104667,25.8658434127424,13.022033473765,15.1308408519633,19.5904901637141,5.12831074827394,8.95047111701428,10.98169267361,2.69791476183162,33.6069796982013,43.7022003826418,15.8876013724572,middle
9.72640824223084,11.8195868329049,4.10530642982747,13.1882001988881,17.3643776062495,4.13837467597173,10.143188135246,12.3476244234671,3.62082700379588,27.1274340796991,34.9682333729231,12.1142402198858,middle
17.6394197194748,24.050247657171,12.0527040970508,16.5079592647282,21.0055312397911,7.14724781476541,10.2495938320481,12.3566818150882,3.06332859644346,33.5088604152107,42.3709344931885,14.6682964785046,middle
27.6656619234694,33.593926163781,13.5489390150057,20.7791762823436,26.591706352549,5.829968024458,9.82922988547091,12.1327792389764,2.88467026250467,37.7470060616615,48.563023461915,12.9750380529558,middle
17.7206170682472,25.3742764286202,12.0378374235922,17.6620049758324,24.1349958634714,6.06231932803192,9.11216878253819,11.2870687290478,2.7000615331742,33.1545367332705,43.4613513441982,15.1740422108417,middle
7.87533725367959,9.92423231041934,4.09405065949626,13.8436688667288,18.8653981653041,5.20143242170092,10.2850073590337,13.8069321459279,3.29522898371825,29.1359101260387,36.4923142028733,9.35553326258734,middle
17.1902380201094,22.9891098414359,11.9482769607127,17.335346636863,23.696976379546,7.62788004800501,11.0354911773555,14.7945884586211,4.95212350257447,35.2940693854952,44.7269022763498,15.7864817411484,middle
26.5099595125839,32.1170296683511,13.2908864090759,22.5803451006605,30.4980646447947,7.25263332615191,9.28521364300523,11.9927126192833,2.53460120293473,40.2488617861194,49.7338610187086,16.7943242722021,middle
19.0754485001864,25.5537795121138,11.3295711333498,21.3465366243659,29.3380245414642,9.31378860988935,9.30958509970487,11.9118943273157,2.61902983842978,32.333991551739,40.7487202411057,16.8470292395942,middle
10.6027795984389,13.3523622682469,3.98299118139293,15.3678134978881,20.9493446854552,4.96751192140808,9.41375905832059,12.1171782136458,3.11411392325165,26.9169584630246,32.8415076472501,7.53126004534062,middle
20.5497113911834,28.4034667155575,13.9969550575015,18.5730929766661,24.483833934663,5.63902948676041,11.3426026786628,14.4092103012355,3.76176977356659,36.3482822456858,45.8218009740863,15.9277458251588,middle
25.5382132351721,32.9892953458945,10.2553769616077,27.5725416254011,33.5034895436994,8.77667238258785,26.6380935430583,36.5719373089532,18.5669242467828,38.1835928843233,48.3357757553644,15.9408933317247,middle
85.9291852460009,254.145662457983,43.0931153391209,88.1570572193797,212.592402138964,34.1206789180174,181.397736997316,451.646759423442,91.5166497797591,85.6014294995417,252.405732040214,40.1447104366201,middle
241.710529746529,742.54463678475,98.9493484552981,201.376465881918,605.060754981659,81.3021785778789,501.194174618435,1409.45253263954,219.495773437599,231.496822234102,660.076608602179,101.996514058249,rest
178.785672010214,698.303100085295,88.7285907224964,137.14512696631,567.245220748504,70.9684517973215,361.54677669913,1336.10060247871,193.164009077118,172.559790667907,610.860571895912,84.2229087600343,rest
16.2877054178182,22.718376860902,10.2640263597996,10.7671348091816,14.2755567757329,8.24147686158257,26.9221417173316,38.290251605126,20.5365353460404,16.472765928842,22.0070857532144,7.33425888591852,rest
14.9284989750554,20.1771933116022,8.50586589777209,8.13095484625855,10.0177730658852,5.98743308614276,8.60160969517979,10.5625850497497,4.7533056104412,19.0380637176056,25.3130115372402,11.7982029771321,rest
22.6348739824343,27.1750960215878,10.9701816857124,10.8198472235177,12.6469101364759,5.10735748692905,6.42394700943684,7.7826736715966,2.61912163313539,27.7342683476532,33.8827263345588,13.6328620011258,rest
15.0082398737175,20.2304207550234,10.6834617272551,6.69744203879615,9.14574467053363,4.69612947790191,5.00882014549819,6.21669926009637,1.62448044007138,18.2681283962072,25.5325905107452,13.1915615194164,rest
6.33059249693562,7.45883828083424,2.98625959315481,2.64202464744265,3.21921457804227,1.30456028304079,4.41673473644818,5.35730216334325,1.44240028464818,8.62775329589843,10.6195875102552,4.21825243504217,rest
14.1225178833166,19.5922361082504,9.95051136599179,6.35773239628998,9.01232527284004,4.64908551409374,5.29832193395596,6.76254257752773,2.10309191345105,18.0952299410646,25.1446311558285,13.017042252104,rest
22.376060771213,26.5453031513117,10.9378660825647,10.1505040559468,12.265393760818,4.95464857839418,5.64916129787032,7.25880952994201,2.32206302031384,27.4985412787801,34.334850634006,13.2152073803908,rest
13.845916124546,19.3857360915498,10.0758375963907,6.5142668610219,9.04167738709626,4.7252341017808,5.79882428868744,7.16441933583805,2.00197058014288,18.7762588457741,26.4360542993771,13.1272287871352,rest
7.53695205939109,9.75232215651429,4.26544635438395,3.08473553505446,4.02753198357496,1.96469785327975,5.60382038568644,6.97110558271367,1.39642317867746,9.66040315225604,12.7803449016172,4.54501804485744,rest
17.0045634357991,23.2105092687652,12.4821096887556,7.90731147497266,11.2689843136326,6.11688722036892,5.63358180976501,7.08237202385946,1.61711399345437,23.9088638278139,36.1510477201538,15.8085044375237,rest
26.8148162486661,33.5639298696026,13.6585954725615,16.7918830291001,21.7728455844052,6.55820844996134,8.26052216794652,10.7965118545411,2.42386352477508,41.6124180013681,51.3509683356543,19.8881809981982,middle
28.4538353630686,34.2890092338494,20.083238036158,19.6156591159009,24.2751108891632,9.27666997655505,10.4518097964395,13.1725954946763,3.28446221673041,45.2879416872596,53.8716990451206,26.6860809219907,middle
28.0046586729486,33.5461833336123,13.5562991429778,16.4442751691538,19.7892520601507,5.49996149633426,10.784180945729,13.3092653447814,3.33935177355746,44.2205302466197,54.4339279954811,19.2142788778123,middle
18.9871053024835,26.1287634214137,10.7602682648699,12.6405373326131,15.8677899477057,3.92747093605098,10.6622554968404,13.3027206105859,4.32135694644057,34.2077233551531,44.9897916008293,14.5328522457,middle
9.37692504076826,11.9221149369631,3.66428828324658,10.4417092807509,13.7520465593651,4.81853258107229,10.4079644743299,13.0466411870354,3.23799349215777,28.6235272255994,36.6984070966762,8.22979410167854,middle
15.3255029196572,19.7387985644668,10.1415645642872,12.3357475472584,15.9506572606314,4.71727664962672,9.72759509158911,12.2070382628832,3.11122186549514,36.4966397746354,45.2246689408164,14.254992324452,middle
24.7443062656146,30.0706043886887,11.1820550419053,15.3275194594078,18.4316968648986,5.48270751641884,8.86929651801051,11.2377011262013,3.01815900077502,46.9590194467332,57.1718761454392,23.8046636583666,middle
19.1896190965525,26.0026961396816,9.62959443793658,13.8133533580693,16.6968385884233,3.9185054124457,10.3862534671088,13.1239864415786,3.31541629149437,42.0538953700902,53.265206908174,15.4192530080728,middle
10.2222299705025,13.4030510202939,4.85264320255697,11.7284312086889,14.6782830912844,3.85740020420854,11.4091354308742,14.3419442779622,3.06243495312161,30.7262939833453,39.035535255185,9.11867201715076,middle
16.9597644464291,23.7918841349218,11.7759141851883,12.4335877312611,16.0360567268583,4.87225907148783,11.0754421765968,13.5555432464484,3.04536130483135,38.7940865138071,46.8847240908422,13.9608378860881,middle
27.2369946168469,34.7259715505071,13.3820450156932,15.093747647013,19.4454151473998,6.27018601264097,10.5688711348267,13.0685916189859,2.97479945968664,45.8807332111289,56.0829916116971,17.7197165484925,middle
21.0395053861089,28.6564719449183,12.1383869250554,13.7548351236162,18.3233625954865,4.83363614498339,10.0048533010448,12.7474884686096,3.08865721326556,34.5268357935621,46.4337584899784,15.0212825844728,middle
11.4612659549678,14.2035635839207,3.4051295931103,10.5607228934346,14.3649146151033,4.8400788489962,10.8000711905555,13.418116521182,3.6259424541339,27.1008623199533,36.389884894021,8.00629667775283,middle
18.1798912608034,23.0471531640831,11.2240742722389,12.56861212942,16.2270959663947,4.07130818574793,12.6764775073121,16.3382011151504,4.16079323945993,33.2445233940252,44.1424354408243,14.964131911492,middle
27.3856141965454,32.6767470735497,13.0944006302715,16.5641488124853,20.9423596559912,7.11446958970863,13.6335391498049,17.1783564528597,4.36680849394512,41.4154115493558,52.4212974757839,14.8468316049856,middle
19.7582888526169,26.690444553923,10.3745714378691,14.5426338376024,19.1317007896185,4.24652390798037,10.9238410008993,13.745371600347,3.08177486060479,33.9400514883318,44.7421994775804,14.326005454606,middle
9.40195738471595,12.0000584419229,4.52146117029967,9.57102547742709,11.9299875541343,2.84053255596795,9.65512315663113,12.5439691982951,2.82257463583388,23.9387868495112,29.0746989559646,6.01907029292865,middle
15.9999837826777,21.3927109051681,10.8563058724358,11.4207095650867,15.0129810645445,3.76935889315671,10.9366463750199,13.6201876363888,3.45200677461844,32.6082482903316,39.6863423353857,13.6182149867978,middle
31.1804121609554,37.4561752747273,13.7509154073827,31.3511628798543,42.7147936648574,19.3948673902453,11.3588143113242,13.7914265603001,3.11803267133493,48.3810403568283,58.1386477308147,25.0404851404199,middle
96.1613660202614,192.196834340436,64.7457912623674,164.790592236311,350.682067534004,109.443177500077,24.4806899315865,49.2665141818785,14.6385040668901,97.6858482970287,146.225186567975,64.6989314806907,middle
296.082249120824,899.731790034505,119.751078863909,540.760025785544,1495.33287695902,236.648271039643,74.7649074995713,225.734458657802,31.4904955993193,252.781912234069,688.245297715936,110.877021246953,rest
234.296067983641,879.916439231426,122.31248354042,423.874353094522,1454.76108732318,214.518226113316,60.0115815295852,220.630684491699,31.4904723043345,194.354933534115,674.481432465236,108.899131619149,rest
19.6952085348158,26.9581115858565,13.9416302534457,27.9603832942093,41.1544430239024,21.6979543492016,6.59728633582071,8.4399406509345,2.8493112100212,16.6776952830264,22.0325154505968,6.15325985511366,rest
15.0204766094517,19.432423080147,10.1336141192387,9.33965367610841,11.5939187964777,5.20383823273405,6.40413087505368,8.06333245170531,2.30630509229543,21.126099154957,27.605172696587,11.1419136520849,rest
20.5515188345002,25.3641507531297,10.7657637623872,9.97289008042411,12.1657246408564,4.74595872528088,7.74612203920137,10.3052289208902,3.0766715828606,30.9157102816361,37.6109188784811,14.4827191125366,rest
14.2107815915387,19.2688330521416,9.59140382045201,6.50932660882009,9.26592402336638,4.60571871166883,6.7886497170135,9.38018181888825,2.38074755018106,22.8905589760735,30.3939849681551,13.2095452535343,rest
7.13945762595077,8.55760756072509,3.28892977848869,2.76914243429855,3.4435265248882,1.48711469906537,5.40661129965207,6.92223230367935,1.89969479809441,14.0633836059198,17.6872297079046,5.23388213045267,rest
13.8720553172419,18.6814967014851,9.47605932402004,6.29772408453836,8.82596765637426,4.44161078175166,5.86384220085107,7.78350840929921,1.72754942804462,21.3121646656287,28.7831446235713,13.5148146346667,rest
22.0514466328706,26.2993833774426,10.5887805408294,10.3620230811433,12.5559586307242,5.20741134877838,6.24870624362925,8.21703205736979,2.04929300841661,30.3151589928699,38.8731244012576,13.901265104037,rest
14.8385043284842,20.1379940213804,9.76845945375996,7.00855109352593,9.61379338524196,4.57406447403943,5.71445264967932,7.20164017870371,1.76763322810095,23.8494658548056,32.2036488109684,12.6678762263385,rest
6.56545588588057,8.11820207862453,4.30500566304685,3.51057912518728,4.33719513070007,2.21047447609831,5.86060414752468,7.45980686262542,1.65022713428605,15.8820268228564,19.7539684653682,6.57411518050857,rest
17.2856736219277,23.9155806309505,12.8006120923996,8.06971774827189,11.0071496228344,5.87282737539294,6.8039482662029,9.5379433672284,1.93544087220105,25.8953499369665,34.1236500427143,16.9380386290464,rest
29.7265505865716,34.9748530839763,15.2117630377535,35.651387566751,61.7557877742801,15.5639115104498,10.2987833067986,13.9238843801965,3.4627237030458,42.9464472945014,53.1449999819452,18.3008980696248,ring
30.0604861955605,35.3799799845869,22.4603904392223,45.8316982193868,68.1579930140981,18.0836302901967,11.9942464892612,15.057170004544,3.00578040255693,50.8692307474447,61.7770064774187,29.8513733728402,ring
26.6197054466175,32.0967445969358,13.3864284446983,43.260145507788,54.5066766495543,17.8775882276025,12.2902254183335,15.2427619388722,3.66065403996506,49.1952379345564,62.3901832294564,19.3616607294918,ring
15.8452424311954,22.4007630851532,10.4524297337054,39.8895312763806,51.4558550398163,14.8352828142189,12.9615673600992,15.9434155970748,4.09154044983387,38.0805451636962,51.2455087692777,13.9526619942022,ring
6.75001562475519,8.28638008540321,2.94213766232136,30.7737777288712,40.6808354588908,10.4258780473136,10.0119700134453,12.8103628753766,3.45363437703035,28.3517067394015,35.9134667665268,9.78754213260265,ring
15.232785131846,20.8994021941084,10.35782848629,38.8902465675754,47.8286588070918,11.2601962383294,8.88807275360582,11.3163867926586,3.05120192922726,31.330538897644,40.5124081978518,13.3920062487548,ring
24.849537522598,29.6089954277497,11.6978407862853,40.3564956373408,47.9880104859962,13.1322734145786,10.7607174183069,13.8715250878209,3.44654586695892,38.7687569663855,48.4146969043952,13.2144521353475,ring
16.5046666510007,22.6326331001929,10.0235537977726,35.9976832998817,46.0734858608982,11.4626046972431,11.6175501295019,15.0878321570521,4.23683970677853,35.406750774019,44.2153326132841,12.7364490751156,ring
7.16666842447658,8.98548129664641,3.40300056724285,30.1623721214727,41.2229370722481,9.03229790588174,11.1840718442166,14.5969594374691,4.09125837007069,26.2470284206827,34.4360947419816,8.2966139672878,ring
14.9521105517312,20.4228405398014,10.2608327216279,30.1740288344941,39.5797689451382,12.8684243273492,9.74871608713551,13.1385086722799,3.64250150550644,29.354549869059,37.8308147147436,12.11055245482,ring
22.7133374179698,27.4474562062503,12.0398651081002,29.3815300199668,38.1355341038184,11.6004806654049,9.37957640471642,12.4182098719221,3.11604771308227,34.0025513211486,42.2194129834605,13.3759118239424,ring
14.6044654927344,20.2002839900576,9.97808655780997,29.0177504930934,38.0027392462927,9.63591621100911,10.2250143503636,12.5849892551581,2.86152651956807,32.6933131393897,40.1644181498817,13.9930605451903,ring
6.99433749616497,8.54809689667986,3.5935107237127,27.6807281862236,37.2704007954692,8.71622175225108,10.3975965389722,12.450469011319,3.15554713523002,31.5077128364985,38.9030228395393,11.1465439518347,ring
14.6193429767556,20.0019924677014,10.2285922305975,25.9392887374377,34.829371090267,7.62293547851468,10.5695744039068,13.0157730042288,2.79699423373072,37.339079308276,47.5415842066967,16.242619648103,ring
22.8174108244902,27.3304936265373,10.4508108117839,27.9855971109529,37.433182775411,9.01756008847938,10.4480892719647,12.7654745879855,3.36142952877756,43.3174869773012,54.3620843543538,18.8062881143531,ring
15.9826650562542,20.9791917785971,10.3686357970453,27.2704767279789,36.0220601884939,9.3852119419425,9.93073375658033,11.7829369819484,3.52318251147966,31.0102104450056,41.5826008387078,15.2963819255873,ring
7.60450387145017,9.58007787511553,3.04954108243494,30.4037249735427,40.6921843749585,10.660143169447,9.57362536544537,11.8725190855891,3.07320987921606,19.9448063934485,24.118071819612,5.8175425031717,ring
14.0247916840683,19.3270784367612,9.68153913456626,31.7741613049983,42.618790831274,9.61876196131021,10.6857289821453,13.953329393657,4.60063602023535,30.5745090536817,38.1699165194937,15.3701678190717,ring
23.7227454343894,28.5707615250334,10.9879116015134,38.9031835311651,49.84187396857,14.7472992521446,20.5588372934388,28.4372293003529,14.4304617931321,33.5786570751247,40.9003526254035,13.1753259886832,ring
31.1239390682799,59.2171844415734,18.647249868293,195.473392310689,562.359124664425,94.210827231207,160.381056173929,429.206441472587,59.0244027528053,120.516392888787,361.875116974901,59.1910931177097,ring
60.28993955313,154.577244491044,26.3619986793328,494.659269451945,1393.62232696949,227.969810200851,393.811921255851,1194.65297760769,157.363800548302,322.428443103567,922.319134160926,141.338642651699,rest
47.6354243719333,144.74455495231,19.413596735293,341.639611968541,1276.18268431437,190.600668065394,265.460410793599,1115.59994689982,130.673372991273,231.439349257054,849.130606739284,120.235618235906,rest
8.93841096876642,10.8651224519637,6.26938608470684,22.6805756295411,32.8584745521097,17.4944031599265,21.3574228376415,30.8175353374905,16.1665177073284,21.7085457839981,29.0217408083156,15.3366642247887,rest
17.1849393926486,23.6719076920374,13.1289218637258,9.9911631407301,12.5167015782981,6.29349855632547,6.86044248258955,9.06014095547404,2.69069074285239,24.179587065045,33.5884787866242,17.9652943888716,rest
26.6277779781809,31.9846000033107,12.9425690317401,12.2370340214127,14.8162928632271,5.96282328157646,5.16988654087008,6.76354509444152,2.11287438597479,36.9693086184349,45.6670542560912,18.2035380293302,rest
16.4145567357867,22.9892440072271,12.5128678051267,7.60146652636047,10.8296024611864,5.67442304131243,4.44139596562464,6.08310036777127,1.88443916039245,23.0244724435761,33.2472440462719,18.0438496936811,rest
6.69059970500278,7.84225386338741,3.96649398600385,3.14700471651345,3.87519857494825,1.75765974884389,4.2485172805349,5.66005843538419,1.68930885225379,8.81473208399826,10.6344748207,5.43418164093477,rest
16.8922004177163,23.4628737419735,12.9721480970965,7.54540055075082,10.4572477276648,5.69992812106787,5.16261537252511,7.8579156407581,1.88539961278466,23.1189940339742,33.9479977008737,17.7709133033692,rest
26.8111573759961,32.6046467280728,13.7835855558954,11.7000972631383,14.308730935629,6.07003349721215,5.64200481228876,8.34839834231095,2.22731593397547,37.3840843786699,46.3554575286297,18.9392644263109,rest
16.9543146673554,24.1505239319359,13.127794488194,7.61467499656007,10.6971595031222,5.70613629098311,5.1111244312992,6.4576912781813,1.41124746454014,23.9324821715183,33.5714255608803,18.7425892933266,rest
7.67633903267869,9.12435904798632,5.68625939160317,3.71252076071586,4.53589196268839,2.53402117042076,4.68759616616109,6.36269005406563,1.4266238150128,11.3221099583593,13.4071424689461,8.41598210651165,rest
20.689596346882,28.6181626437122,15.9335271539979,9.60579450467804,13.6471055467989,7.41776676180014,4.76607167934841,6.6414653260983,1.56183708245643,29.2069968310438,41.6944551206132,23.0735848450778,rest
36.4835983810103,42.6463321445608,17.9145794976071,33.5755393150571,49.5491303937852,14.9348177977066,9.36507038045351,12.3792092672784,3.30346579081438,56.9838286315402,70.143474245861,28.2600332769151,ring
37.4150844156856,43.4011103155573,28.2243010251347,47.759342238496,61.0887769298316,16.7444347701038,12.8697174581591,16.5487766742695,4.61144543263529,59.2742878268983,71.4634396203387,39.6496292650577,ring
31.2420216038833,37.4959726108711,15.1385465719164,44.9029776628164,57.5747683212567,15.0758237033084,12.0056037463447,15.8175850289541,5.16583468033492,47.835901882057,58.3659335332075,19.5482320626827,ring
17.5624526495846,24.7368360871781,12.9135823323912,42.796816764658,56.0967962567452,14.5172692701717,10.8042023917053,13.5964394204237,3.64355245839229,32.043971239105,43.4647148759908,16.486385721268,ring
7.92881291860108,9.58964869995791,4.34304490972256,37.8397210124016,48.4568453124863,13.0238187510997,11.0859984856945,13.726513561631,3.38379020857049,25.7514247960841,34.2083612637259,7.47647759215428,ring
18.8762640544394,25.7300833546387,13.7599446446879,32.9228045989114,43.216657773566,14.0426087324251,12.0303127847466,14.8063407675948,4.38014165782202,35.6478138984347,48.7120574405008,19.1549623062121,ring
29.5264637371979,35.4277152215349,14.6643129055548,30.7262114021672,39.8330235619087,9.33999254211122,10.8786960917523,13.8816013322473,3.77962531723778,40.9525689440666,52.6800650691082,17.6982266168082,ring
19.0819614314843,26.505595819754,13.6712330750565,33.2756955407128,43.2587582101059,10.8555909056185,10.3739168095915,13.4570035714395,3.02190412057152,37.6174854060569,44.9796166949416,17.7745217738281,ring
8.94378337941091,11.162990930478,4.21497681518129,38.3338323388749,49.3918795828697,11.7498779838262,10.9158627791244,14.5752951482977,3.70270064203755,34.2970102685319,42.3418599106499,13.240071318523,ring
18.982311950839,25.7489554529713,13.6380982178222,38.1243565267249,47.8134629877788,12.8324400390087,11.4394464860992,15.2315332085025,3.43836994835501,45.1149351203666,56.7906747041793,19.8877542632361,ring
28.9215146789167,34.6656160557882,13.610699899854,33.4285359317785,41.686182841695,10.9985023954077,10.8043954332106,13.9007419420786,3.26321330727694,52.5361517529233,64.4270211743441,23.1921639636784,ring
19.0594472839225,25.7922016192532,13.4536865036323,31.914809360246,39.0907435116596,11.5525084045829,9.17559550348339,11.504780631821,2.52708286316505,41.0006328586886,52.3596577578939,20.1291477332411,ring
9.97569842820366,12.6910892464641,4.26082260531949,30.410326570376,41.3150479394394,12.6679844610395,9.57696667252256,12.5267672809713,3.44918340317222,30.7918855418042,38.8452535255976,10.105576504401,ring
19.4642770360514,26.2222358814693,13.631974847589,28.9441965525439,41.1907063930339,9.76722385776743,9.92651860667927,13.0053779217975,2.92898285315343,37.9121041390731,46.0138940016565,18.3606391326143,ring
28.0976090707317,34.3590010828719,14.0476070937023,28.2702400377446,36.6269944517744,7.62578866775754,9.48973997803374,11.8546928001598,3.52860048009799,43.9551335050577,52.8083767744376,22.6522847493466,ring
18.1626865304455,25.3170836954333,13.4275306374619,28.1041644571452,35.6234699838463,11.3537899872705,8.88646802719808,11.0685911861534,2.8227477452274,35.0900743785057,44.039343132415,18.1062374522119,ring
7.95998347347939,9.85050636252597,4.5844513182095,27.4610599837537,35.5805236180706,9.50589830647242,7.96241573002063,10.1383861674264,2.51140850187012,25.1830512702235,30.5393167168694,8.50887183969339,ring
17.5388064710766,24.207414811277,13.1498400367474,30.1270683500749,39.0751237960026,11.1372032876539,9.05708826729497,11.5436871751519,2.50924131303681,35.0031166669212,50.881619499702,20.5221233100179,ring
29.3657926698127,34.8063240954876,15.6101460747885,33.435151773302,43.7891482721885,12.5036486334666,21.4925001143414,29.2770162818676,14.1039543424103,48.1836636619694,62.8480296326538,21.748806414632,ring
41.4426257213194,54.7196323947071,28.6372953284465,35.2625367704688,46.9045473483765,12.1029179345554,117.300688567092,223.20882368246,78.8562797819239,87.1594546829288,191.42844484828,48.1211907435683,ring
60.6925359249779,156.95126836916,26.8017102113804,39.9922772560616,75.2038599609641,15.1764006559202,434.870849139082,1246.01367471595,192.271526153625,410.548645353424,1169.18899206654,184.580052748793,rest
37.754841481137,149.453969342921,23.7786765179367,24.4563213076969,67.061766426847,9.4570609642631,351.180791699645,1226.52875760695,188.748939780686,369.487458552269,1154.72484797992,182.973525441936,rest
5.84629320029191,7.22275922990987,2.04590503352259,4.45772211423118,5.93602114080347,3.02975097627734,21.6944586965003,30.4239711438099,16.0800289519289,29.8119625957327,38.1485634023961,21.1379586246136,rest
16.0343645680369,22.6605390726411,11.2900383377823,7.46847670987164,10.4002448433039,5.5513415481004,6.14924865963357,8.09544842997661,3.47087148414743,25.852544932437,34.262121191241,19.215350183039,rest
26.9591546274458,32.2766552630185,13.3327829066635,12.3455458903282,14.7920599849594,6.08120959106854,4.35298506994892,7.14201007580214,1.68358135137886,37.1321698442861,45.8709717654889,18.2618271387544,rest
17.9614095317585,24.5460402455471,11.9729321021966,8.11745268281159,11.2630285068154,5.39744761325373,4.99157310602362,7.75165888055628,1.8872537924995,23.9355323416025,34.2493279216239,16.8240902464715,rest
6.96975941287602,8.91055263353912,4.38873278605997,3.27065736856181,3.95243878075309,1.91708209507044,4.68879933863912,6.21518169305537,1.95223870294225,9.00835964707593,11.1784258392612,5.08526471414326,rest
15.5177137909501,22.6245313023345,11.8534566149339,7.11828868333995,10.0969931454847,5.39941308082079,4.53233574719461,5.89258453673196,1.4960683025729,23.5908218129998,33.473533124179,17.7839413585877,rest
25.5762823666366,31.3612187674739,12.6504138395118,11.487154847041,14.1505395763885,5.88879605433068,4.44947065869053,5.67577141885414,1.3529481233605,38.4161469009604,47.2407645813205,19.7841870842917,rest
17.4740887267055,23.5958779960166,12.5823423875629,7.92722643573532,10.8239008942368,5.56586175052764,5.59039947331502,7.12937058962348,1.77500546850761,24.6634059101979,35.5250366867491,18.1797896249872,rest
7.52803708236486,9.23409200009853,5.30734679405246,3.23816459500016,4.05732780834865,1.76321970875278,5.12112488647124,6.6603005038357,1.63548702118305,9.12313693733896,11.5291475897643,6.83824452146369,rest
13.1663611651937,18.6505505572168,9.94167542821106,3.7976190305226,5.15643924535651,2.26032788600663,4.1944788724945,5.44701089008955,1.25970643222617,19.5956458307092,27.9258714679733,15.4476627020724,rest
23.9792286217456,28.6499414991672,11.3701399310432,31.6371089980639,52.5221335152206,14.1199758815521,9.77724040309228,13.7023020202502,4.40722012096888,42.4141204724821,56.809518790357,21.115258578324,ring
32.1126178007358,37.079488284443,22.9452000961382,66.4419115907699,90.7314781959629,26.4088444221514,14.8791718163041,18.243287042948,4.91301402079306,55.9771890048385,70.6215762365326,33.3500705527426,ring
32.0936223578349,37.4674309387723,15.7150055753376,73.6317003928537,102.799165942103,25.3050452876853,14.739128710995,18.7837605865081,4.53156570578572,52.3918235008584,65.2062825788366,22.4451862285233,ring
18.4826329348012,24.4239952319271,12.6010080086666,68.7867118395064,90.2680587704915,24.8527151478964,13.2684067491848,17.5424877413498,4.34990196828377,36.9442966602895,49.0785375528969,19.0979738541455,ring
10.2005531534942,12.8212363196264,4.38390145297509,59.2081321499318,73.557438272123,34.2164537412614,13.0602474289952,16.1829307212572,6.38087273793707,29.3592915792898,38.2118234494001,9.93679890264329,ring
20.9418898028378,28.3465085756968,13.4175062072916,59.5032913459208,79.8336044021881,21.6205840425667,15.4533377802803,18.7890001299686,4.46382317757294,42.4410204650321,56.0060977607205,18.9245014109863,ring
29.5085211738449,36.31206904707,14.4211486958051,58.4901494624731,81.1364570686081,18.4264386382602,14.7172118367092,17.9768109978643,4.0024731364387,52.6820896379015,68.0937386909339,21.8961035722575,ring
18.2854307619962,25.8642247031243,13.3105409595204,54.919496476869,71.7483093329863,21.9317025757445,14.2135356629034,17.7007241436356,4.32359706395825,43.8470217251212,56.2000367478461,18.7878356424247,ring
8.98189156740797,10.8771784715112,4.32877042975178,63.6608909654216,80.196625719561,21.244096520872,11.9768837287957,16.132106342625,4.563689248666,30.3590857233496,36.2983757225102,7.62857109709623,ring
19.7685115911516,26.754147635001,13.4394038284567,65.947181443451,87.892610295577,22.1237369746829,10.6938328836016,13.8268469319215,3.13899812057845,38.9548200828769,51.0809124078999,19.3005264392161,ring
29.3205577726726,35.7765016248718,14.8504950535747,57.7821100845352,76.3396326524713,19.5672458208144,11.9510978721326,15.0766171311828,3.4582102664962,48.1494552762234,59.2055063691093,20.3468479864456,ring
18.6936066326202,26.1027337633101,13.2372066514939,53.4291647978964,66.2905480042596,15.8737317930707,10.5733542701832,13.6107429925705,4.02332951805603,34.2460837566139,43.186545094693,19.3021182959423,ring
8.77403155555325,10.6863173404673,4.95560577210574,54.9119929344577,70.597384019207,21.4518873065931,10.6997644944583,13.5483692715423,3.53874910801281,23.6269959098426,29.8064419052266,7.32367107303857,ring
19.3690819854721,27.234313862702,12.9674479271623,59.7067878584332,79.222793337278,20.4444769851004,10.3196728352977,12.9357130118824,3.43220440794483,33.6047293501314,43.5559317792693,17.6924797954901,ring
28.6576478214057,35.5325014782715,13.7123354362132,56.6641994863854,76.5818103660968,23.1573021464606,10.1576787872721,12.4654766941796,2.75004562175367,44.3854798240236,53.1244397082836,21.195133172649,ring
18.0462316582302,25.3035497759236,12.5090171199996,42.7526283213606,58.5447703926476,17.6085004404488,10.2015339103712,12.4627230540764,3.14699426731056,29.2472991168518,38.9778646299575,16.8191354904047,ring
9.27837866258175,11.3971688255282,4.4741934834362,50.6797886200371,66.8785352971213,16.9806574061845,9.88711876882916,12.0093824785737,2.77001823729839,17.7976030197379,23.7976682850365,5.5879198721278,ring
18.0436727420729,25.829558116514,11.6144899614208,54.2718138843813,67.4036430583927,14.9092824559124,12.318300006463,15.6327502102617,5.04039143973003,34.041738284736,44.6109633023435,20.9419331419714,ring
36.8479747270687,45.4539532157107,17.5697335439127,45.2253443046852,55.7019538072778,17.421753059318,21.6971850055859,28.7205581803944,13.0013501810688,39.2411350754775,49.2033158476531,18.3444094475399,ring
101.026309285748,189.273544361523,68.0102461523485,98.7594642079017,177.322288415547,54.3984987936288,107.844135259864,232.008119625497,71.7450757972457,89.3104812658736,190.775912613122,39.6076114230255,ring
297.953030324543,897.536745694919,117.548337552899,278.006512778663,819.229004049525,113.453906271072,368.150196865807,1119.29222059645,147.691758946843,286.534542943509,832.344363600442,130.191821423589,rest
235.186870758213,878.53363642377,122.062638339781,216.273645070835,801.19797215872,111.435942528695,292.132454967085,1095.67953772191,152.162219849548,226.052753893792,811.001807664895,117.149839546338,rest
18.7167457564591,25.5471453416112,13.4909152387404,16.3804112019021,23.1392776890284,12.3641083773278,22.4813574778228,30.8041796705624,16.2139353054054,18.4280752224688,24.5241418965684,11.8156494802083,rest
16.9034510669541,23.4007884052658,11.7041386487534,8.78191173296799,11.1470856423023,5.42514327556301,8.32748311213122,10.2582308854748,3.26688418795632,22.7766744467578,32.4877037861264,16.4670076203469,rest
26.0244420909148,32.1294085092497,13.630223753538,11.9901557063292,14.5046141845656,6.22810980052307,5.7493018631052,7.08506798603761,1.63667554578671,36.7151113451774,45.4503604816981,18.2427284077474,rest
16.8050995420466,23.8413739959845,12.2253357170577,7.8797659160449,10.8786303840869,5.61956269659062,4.96014754573157,6.7654466927696,1.62626643791362,23.5977528538614,33.828312599512,17.226760841681,rest
6.28439520534603,7.79228027283163,4.04025180825176,3.25834423592722,3.97751690087292,1.91625381570819,5.18098976226346,7.00806353575552,1.90333883549895,8.94446432535647,10.697895968383,5.78790942943601,rest
15.8186726582158,22.7199030218424,11.8172440573675,7.26438550500472,10.0987015971049,5.30140157798743,6.36002913619461,8.06136978071939,1.87537553634094,21.6533461747355,31.1788294510387,16.5020948014018,rest
26.9263919196616,32.219654439716,13.5633402749952,11.8074113125138,14.1506143769941,5.80562551676126,7.38019077456579,9.57196670831167,2.1314080146664,36.4635112569068,44.3865199522583,18.0866479990349,rest
17.4572010868526,24.2102739037586,11.8632325061945,7.7718869231057,10.6672685613814,5.04259854953927,6.29669304125738,8.55321197046493,1.82255149700055,23.6674532738538,33.2694747167531,16.1457043437848,rest
6.41718327429597,7.89499839646361,3.70681009299525,3.60836854679899,4.3597427054945,1.84850679440562,5.36153769121732,6.76323026512376,1.67354074970078,8.34998475612913,9.96653574494799,5.06146068983128,rest
13.2708410340937,18.7062881141666,9.75383404505299,9.24808506555757,13.6146511148613,6.99523181830551,5.48891293692796,6.7904972272865,1.91874611209186,17.5145252331111,24.7328875101553,13.4868087994016,rest
22.6919034929539,29.0496113200571,11.2422468240615,56.2121562735937,92.3699294316968,28.1082541354527,8.67424313499156,11.5748478415248,3.04534278572024,36.2451754813211,46.5292779364145,15.7970138540672,ring
26.0320336212512,33.077568086409,17.0233335819752,96.0389686768829,124.368559411521,36.1562592489898,13.4646377554716,16.1287911209011,3.65131031448154,47.7863621483023,58.0933273113538,20.8270124989362,ring
27.7067365952972,34.2916816165099,13.2860960847902,98.1821382591532,126.219856686336,30.3184278280632,15.1416585205483,18.357753828293,5.27320051143436,48.9500606269525,60.2184922409685,19.7182941018585,ring
19.7586494374357,26.3097155701067,13.1226865403642,97.1323061900303,122.559146808561,27.3588657805752,16.0586170563998,21.7151078499361,5.04531695758593,45.1596290091358,58.5291877657196,16.6962886276734,ring
10.6689392163637,13.4939793345934,4.77530187839077,90.6684343723545,111.536988979859,24.2608788368061,14.2363015134568,19.6329574976218,5.03587253805173,36.5771739722863,48.5663113707299,12.9583703588014,ring
19.1196540420201,27.720986613624,13.2462189683808,94.333897257763,117.647881712209,39.6854462315487,14.718591351825,18.6017920947341,5.15269613108291,44.6155317773463,58.6444331228523,21.4778512441776,ring
28.538150674506,36.3545298956307,13.8651000647676,89.3459634197112,113.17372545451,31.1171940754431,17.9167670626209,21.4705722918164,5.80289125452394,57.09098134009,72.3108547397198,21.9975771449984,ring
18.8327164225883,26.5518031963153,13.1284439064547,66.1394227809977,88.3859281610188,23.0652353691227,15.9578585598934,18.9087352403754,5.14513189882946,44.1299333503694,58.5746089664937,18.9881804702182,ring
9.13266828502087,11.1405142466505,4.77422598012768,59.7552321496383,82.137079133688,21.7846004264836,14.1257938951817,16.8313275046172,3.57617426118133,36.465287365086,46.374008149817,10.3729869847992,ring
18.6548688445311,25.1342152487347,13.2501028849113,59.5545638734624,80.8726050302231,24.6165132041679,13.4379701720656,16.6027443143436,4.37762850929333,45.9288793280403,56.3595949968776,17.9883571150859,ring
28.0516543891138,33.8192389951538,14.0229712174031,54.8413679525256,77.02908770689,16.4674359337954,12.8585459354623,16.398309896127,4.74429046857743,50.5053400106326,59.7415421786742,19.7458611120434,ring
18.1513440718366,25.0615199871078,12.9460336572904,52.4390991710671,73.2932394094065,19.7729247221668,11.7124069144693,14.6400732133727,3.2355689392513,40.6762439798343,49.6733244614906,18.9717901695941,ring
9.26481993215746,11.40587865612,4.59916781721616,56.0093079372221,73.1441747563836,20.1732745070742,12.3506609205968,14.9044741640184,3.43094736719245,31.9722704892047,39.5179771523332,9.15811755760076,ring
18.9508373217539,25.7506074775976,13.5970321201672,55.9320861057905,73.8730500697046,17.0379431317209,13.3323325599841,15.9207174186573,4.33715114987364,37.6193937771194,46.3070129956465,16.7486780496599,ring
28.0569670226554,34.29175338458,13.9531270486785,46.5025921511221,63.1652454535795,13.8801595471431,11.1943149180741,13.7568157439144,3.18777625581263,43.3254675273952,54.1866070987698,15.7606371363664,ring
18.3905060638408,25.4073875665121,13.1102048185471,48.5892177889807,65.9127392576878,14.1342034302196,9.4661426353441,11.5253842839854,2.57594843170629,39.9453610828835,52.1143914291044,17.2667367371877,ring
8.53120826980212,10.6380342892726,4.32643274662603,51.1088020477168,67.5871930331253,18.2467682311177,12.2040814190988,15.3536356382229,3.73136266244688,29.7399777674228,39.9469997449272,11.8044425981537,ring
19.0854918481763,25.9890029703836,13.2098198020251,49.4352559169651,63.0190860920072,17.5179120992509,14.3828121124109,17.638417651735,4.23816638385377,33.7862845084776,46.325729085268,15.2564361655633,ring
29.2843811695023,35.0209789518775,14.7129671954618,53.7457673092561,69.1455470373474,18.0515742333442,23.3799453917782,31.7135409408127,15.7709966732357,58.7554562478806,72.8824586606306,24.891795195961,ring
25.6930387220604,31.2731256141958,16.4859170965416,126.455498254768,225.674077669186,71.340998575511,122.348603029035,246.100997792524,87.2029682010197,159.124353201146,270.535263059291,113.209725811765,ring
21.1410359655118,26.4401612952096,10.9990177698176,415.515493713009,1216.054642061,188.160887714495,522.414081241063,1469.75439744173,239.509760592609,556.343278081863,1541.215663773,249.283730379919,rest
13.1191257950586,18.9344853533686,9.13506770482919,335.23599299412,1196.56996490466,182.653376192815,436.625731033395,1449.71252502535,233.364487268092,452.953069173084,1518.82899490704,245.166420999797,rest
6.46907192998116,7.93770544055091,3.43344924280747,19.4097519748192,29.3953794796596,14.6549078698684,23.8642281643181,35.0920807146629,18.5653533444478,26.9512972513072,34.8688849338363,20.7836863245179,rest
16.4409393068862,23.3397631120818,12.4806645035357,8.10479874919024,11.1892021981802,3.7032903138372,6.56610802022525,8.51691769305533,3.38181444922525,26.0319980049896,33.7869958922781,19.9407435802178,rest
26.5811557077919,32.6195755741585,13.3387218336789,11.9868328374591,15.2039078988965,5.98276085436074,4.51356918366983,5.94011647334267,1.51230372289129,37.2828036705199,44.9114778425424,18.4641626369774,rest
17.0025534033909,24.2649149274328,12.4852898537823,7.98823359973359,11.6879132999301,5.89410015737716,4.2843391284412,5.7799807769824,1.33695858849575,23.2868115069936,32.8335861000118,16.8304654577555,rest
6.42762991918724,7.81358929530187,3.76957762560433,3.21072666726375,3.89256925880689,1.80999593250383,4.22545187570801,5.47071818843247,1.21158636852195,8.88770311458503,10.8303212192751,5.74150883086691,rest
15.9816822206572,22.6667685654598,12.218006272334,7.58137910142052,10.3331566508311,5.56944296310739,4.71506152292881,6.6267606851069,2.19595200192808,21.3641522474978,30.9841841470745,16.6235601648331,rest
27.289185099783,32.7677537136461,13.6536311290106,12.3614742337832,14.7122244924565,6.00568281707708,4.63179222081467,6.83313621938003,1.76112143510806,36.2671613336842,44.3048009685329,18.0044375793817,rest
17.4540549913609,24.8352754474068,11.6486128215303,8.19333345063794,11.2597944691281,5.29934736540462,4.24378892646176,6.20494110572883,1.32363846460467,23.6195778992924,33.491979115017,16.3246404316012,rest
5.30852397701826,6.52633451022954,2.84662075843206,3.01125065701359,3.64938721310977,1.5834410055569,4.07599934972431,5.77145845743039,1.65951779869399,6.88062724183493,8.86783893021204,4.12761236511027,rest
11.6976650584431,16.8143905080146,8.63821722764333,5.50437416923714,8.16562743190121,3.70511921870621,4.44285119144583,6.11222300496471,1.29817617219024,13.5023382972169,19.4720332552989,10.1459751081461,rest
20.0724322144691,24.3281581836707,9.99523653184698,39.9004470099796,67.5557538562548,14.7374247695421,9.17825266484214,12.4540580997602,2.70033776949378,30.7842380411643,42.221277010198,10.5603133053065,ring
24.9426978403154,30.7041963572812,15.5606514772501,69.0973342525452,92.0487657557839,19.508090326932,13.6831889513715,16.5991919709661,3.98020716422207,48.1387739181721,62.7247047672418,21.9158909079269,ring
29.1606326555955,35.4195651716145,13.9146179019066,64.3525832308633,85.3807850178811,23.9612079893195,12.7513142716971,15.7023582043987,3.74543444322208,55.4492916433991,69.5666224823286,25.8394424283616,ring
19.7005269255615,26.5562959166145,13.6027822597073,54.9117774621051,72.1197093229469,15.4549830739149,9.64416588084062,12.0182645226302,2.80597032779242,41.3086972228439,54.1065284684438,20.4775198729204,ring
9.59456724944123,11.3851650244813,4.23980316986623,61.2001410659153,78.1512038695067,19.3502378107629,10.3620708313064,12.7003217884817,3.08902118865678,26.1303119003402,32.5001900912422,7.92569307790601,ring
19.1562096443154,26.1672088568119,14.1957439634341,64.33458424732,83.7575584062619,21.9531259726732,11.5182225321317,14.3395041658197,3.6590756382515,33.1942274270182,43.6081242258503,15.9006849144724,ring
29.5955756659409,35.742594410166,14.5456994192228,54.8322890072658,71.1043392291636,16.0418781687508,12.1748446913634,15.4526002141893,4.62305367207617,43.8606274954872,54.1972187568302,19.2104635042339,ring
19.1038697577026,26.5504407869432,13.4026655549247,62.0797473930262,76.8477726433402,27.4751864912203,12.7909996735616,16.223443595243,4.27271785529678,38.0641245451285,47.9006459942867,18.6669148786124,ring
9.3825302707754,12.0045307531285,4.55591549743215,79.0445420378507,95.8523471647895,25.3601958664662,11.1372132003575,14.0571010204184,3.49948378346488,33.5258791208561,41.656322040615,11.1793737167199,ring
18.9090642939291,25.9239952504919,13.4642823208991,82.9386219518005,102.32560582417,27.0743621082093,11.5157495763062,14.2844391261555,4.22490252440023,49.4005843695719,63.8270788568579,23.0204599977385,ring
27.932462145664,34.6811836468248,13.3635811385686,78.6968970822221,104.206321095976,29.6196043592304,12.404005018684,15.4298655782657,3.95097602908138,59.7848582654516,78.4916182001231,25.096687555221,ring
18.6394152652729,25.9001847834791,13.4471195470403,74.7544049533018,101.990627283158,32.5841121818857,11.4482573617463,14.0904158061075,3.77480468995953,45.723369587683,62.4332479403534,22.0176735492367,ring
8.58452314940477,10.1926434030771,4.25274253201924,64.2417436000004,86.0986160666386,24.7192777627667,11.0304165367837,13.7703627205817,3.77640051643743,32.1090365303843,39.2156627730526,10.1054027753658,ring
18.348830213686,25.6601193763932,13.1155949795061,65.1533945033845,83.6867979396154,20.9122231820492,11.7390478386238,14.8861334697328,4.12720574764267,38.5754706731767,48.7329644542435,18.1627394136504,ring
28.1384353648236,34.4325372444792,13.9646318214568,58.91288699065,74.9566642671174,21.3902658811038,10.6259277647576,13.6438144976063,3.11707067764958,46.5493518045298,56.2056602972007,19.1061758028044,ring
18.2665955478251,25.2094130852045,13.6510771840636,60.3737636473626,82.5576352774872,22.7355199573617,11.6876359076056,14.9655404603106,3.82620692054344,32.94520946627,42.5737999959436,17.8888955019069,ring
8.19301984087867,10.0011345435085,4.46577466987115,60.6999275678469,84.6463203552375,26.4735123210432,11.9507028162725,15.1956794031546,4.71396222158381,21.6487152058336,28.0830216203212,7.2672774559173,ring
16.4009086565538,22.5346360710236,11.817445894525,49.208615820923,67.3710255006541,22.5845294615406,11.8694588681288,16.6169899120433,4.35919679240842,36.2680257530824,47.529217925537,20.4537166951408,ring
40.3804270470295,49.5447191181079,19.9629205365584,55.193688878294,71.0860896114196,20.5547394304649,26.5972320038438,36.8421440584196,18.4641620453087,55.7043664461438,67.2364696905015,21.7961713570322,ring
131.452560455179,252.883207313577,92.4594596622093,134.92155583709,236.658184795762,90.0508498921242,152.67998233001,335.728437508028,101.161820410453,176.766788747648,365.556516143823,109.754177270075,ring
397.51431893247,1204.20478616534,160.452734983244,466.865359832646,1318.14631796602,211.96674734244,518.73568478655,1448.61341304366,228.523610468509,583.363935553669,1594.05711416154,255.35281052752,rest
312.374181175144,1178.62419514577,164.898771195325,379.966815579212,1298.00501060825,205.989244277274,408.73623861428,1410.15040233404,209.014788606255,466.198646687868,1553.21381540798,232.425283187391,rest
24.9539216947965,33.6086956201649,18.4895690806649,21.1638866232089,30.3899246926704,15.7102427588702,28.6298692963181,40.9985313566811,22.1163798643606,37.7492673226611,51.148479158746,29.4217982902053,rest
20.2889554305961,25.6500666236776,14.3854962841842,8.48967019791343,10.9437941310719,3.96577975121553,8.01580033923431,10.3011287121343,3.45661158991346,28.3497388727604,36.0778750948585,21.9722017838754,rest
27.8306636460749,33.5469361354707,13.2090504818047,11.5958790253971,13.992204525844,5.95801714646798,4.60056131907182,5.99700081857431,1.73877623927065,38.297226340777,46.6319029393145,19.0178218642223,rest
18.1236273900447,25.2085238365426,11.9424124746431,8.00521395758696,10.904773741982,5.51386561822898,4.88939741932099,6.24525875760829,1.76664067326633,24.0524201215434,34.0693838479597,17.2245923254018,rest
8.23036498908619,9.58131931621136,4.48168271871414,3.35121439986895,4.03524577321996,1.84510601750021,4.29946670588131,5.58452846092125,1.1223515901908,9.23783305572946,11.3742511221808,5.59636814151567,rest
17.295597614486,23.8587733053263,12.4689629317017,7.46870844738048,10.4258526467354,5.50547323351443,3.68212726033113,4.54473891028146,1.00865630411037,21.7301247881394,31.5931551512634,16.9543421671654,rest
28.3586252860088,34.2492963833349,13.7177392063041,13.1249983838029,16.3182297328585,5.91472761238022,4.61107422416464,6.15976488298021,1.41624502641983,36.7240324630419,44.7446213012197,18.0654894203734,rest
19.1583504270792,26.4052378717081,13.0300915072473,10.0952969555166,14.2079653776447,5.83202224831379,4.75661782570878,6.6906939572399,1.73656979673394,24.5973054349269,33.7747660030578,17.3805621946526,rest
8.57746180186101,10.8524842599152,5.85607922133757,5.09935676851565,7.39337177591815,2.38690432646852,4.83666995994207,6.27073301513766,1.73755178597292,11.3240081595302,13.5009567882897,8.29697754408731,rest
21.1908034026062,29.4452805348685,15.8682841579674,8.90404978542374,12.0045067307704,6.13310898968184,6.27745088647094,8.49185921119027,1.94361495092502,29.4482911635852,41.0727942404763,22.5556304845582,rest
36.3441944810246,44.276026220287,18.3002192647558,38.2581173190682,55.6795156284809,17.9184664197112,11.3502481298557,15.8918326970306,3.23989886342512,55.3757406016593,68.6353012392061,25.5204596997635,ring
38.2947018118848,46.4783780471052,28.7624210399245,64.9502303003382,83.4472359448276,23.6300594672868,19.6163217368614,26.06308730459,5.78304577068701,72.3129583304196,92.7912806575902,38.6675693515811,ring
33.4989211975777,40.4270227380308,15.7151985336176,58.8341172432977,81.0659369118,17.8942579788805,20.9170841580639,27.3610005529881,5.6309812363685,68.968557259678,90.2269664588611,25.1744861584312,ring
20.449508338775,26.885719539741,13.023341613523,48.156359917243,68.3623914686602,22.3056369025706,15.7389271456497,20.2851718746663,5.94101407948628,42.9237337183712,58.0494824671246,16.0325957731351,ring
10.9697665577573,13.1751877516253,5.89471075225908,40.5731081917842,56.8321646411512,15.854361802866,14.0140103715884,17.7875719878423,4.79767112158486,28.3704407832895,37.0459860852968,8.04765757666544,ring
19.8276640896789,27.0705891815458,13.0453873214038,41.5638597664477,56.2491013119426,17.2251426368595,15.6551748941933,19.6455387015909,4.40459338281839,44.9710386222893,60.4619933757428,17.3174511391755,ring
29.2343852380369,36.3699514495437,13.9531726648834,40.5968611774557,53.6396794842456,11.2397222639536,16.5604676451853,20.6653347752836,5.59010284165571,57.6074373433862,70.7475496970697,23.1324653150481,ring
21.136754644119,28.1884136550196,12.8277832430605,36.3639345267383,46.8963578223026,11.9873413985685,16.6512777262638,21.2267685434897,5.96345619766656,39.6414307386505,50.0629409114018,18.5411534426711,ring
11.2711570782649,13.7968868482065,4.84361235350264,43.7391558668301,55.8884523220558,15.8674216961392,16.3890920633368,20.4533676058892,4.66302433348758,29.7978080228753,36.876867843849,10.49349593847,ring
19.0149264467887,25.9250128705592,13.6716102450361,43.1721583467276,54.0272408820167,14.2134333361147,16.37827732455,20.7808174921427,5.88361687509597,39.8974571420911,50.455291221529,18.1794780700381,ring
29.1283900472047,35.6012764084461,14.0760906135705,34.991577504422,43.6257368148052,10.4683679015296,13.889486755173,18.2431697199118,4.06564988089746,45.1383351852128,56.2127328562182,18.8795781465107,ring
20.2995280103274,27.4512653064632,13.5729026596303,36.4953860724819,44.7906112133882,10.9007883309699,11.3028039129643,13.8340840378346,3.18609775097112,34.5583337080452,43.6755202852255,16.1282715377378,ring
9.43406944809554,11.7508170801624,4.48052950047695,40.6202109662419,50.0262281200773,13.616487080165,13.1262209016484,16.5539819126639,4.35611760779725,29.2854114788514,35.1652275671593,8.08019226514312,ring
19.0419738014986,26.0113600348629,12.732467230849,34.0557787011557,44.0909555671617,10.1956384492571,14.3535982020911,18.0778280805334,5.31141711880501,41.2564310963962,51.1206891796839,19.0638993083636,ring
30.1680264370867,36.105202898562,14.470207282788,33.8134474669732,43.37950985379,10.3009786179746,14.4875141210267,18.356577805084,3.78267053135155,48.3546842750773,59.6448908108416,20.1853816444887,ring
20.4098878978533,27.6037095509705,12.9747106328555,37.7745167654354,48.514190577905,11.8817715196863,15.0227051013975,19.0896476337906,4.4963978340939,38.1293310339231,48.3127305983731,18.2753382951648,ring
9.98232565629745,12.4379923369077,4.68383771971506,36.9441832135673,49.0079139441873,16.0612190353454,15.8732634446332,19.2112510848987,4.57199749445316,25.1504484366271,31.8411080857036,7.74249095742468,ring
19.1870334332364,25.905590985593,13.7598264789054,38.6262266678505,49.4283722855692,16.2395471950981,16.4809304265464,20.5707921303181,5.15960683462789,37.1449863581791,51.0852291297017,20.926457493744,ring
29.2438632416452,35.8765490525067,13.6102970899773,45.6460136179621,59.7717959524348,16.661003446428,20.172416845742,25.5002372192003,10.0151175540643,48.7172650944589,61.2207927761602,22.2310567701714,ring
52.3122883919286,96.20643269947,26.2453387116654,49.4857978588086,68.6040649293371,17.627963266212,76.9001704161689,163.814369147317,48.9501653778546,103.423535293544,215.932988338899,61.8175916531256,ring
144.448289120805,438.637551435899,58.2196807984916,42.8868207711959,90.708502141396,19.1205090020882,256.883106509092,782.567725561121,103.470254485182,427.035741737108,1227.60792905589,193.093087650869,rest
113.515548675157,428.908691647327,59.8586394787427,21.7611826801052,76.8548849017689,10.8266024512296,203.905854800406,765.774006083233,105.732807026816,362.073439242693,1209.43325413562,190.432819869097,rest
8.84043341087571,12.0407607819828,3.7945398163199,3.63209558326087,4.36236919415013,2.34687806330932,15.414744460029,21.3248360028881,11.5452561894521,21.2134930369852,29.1838062265602,13.0394876597867,rest
15.387431687904,23.498051385978,11.0333911553603,7.42256515147335,10.6828094214733,5.65413584087112,6.40730560393767,7.79601795352873,2.36270207729749,22.4866916915965,31.5340794901102,14.4944244643225,rest
27.0854705192128,33.5982998381439,13.9469199004626,12.1130573024357,14.7489581622154,6.42400821338026,5.86610387096864,7.44802004797962,1.74417286762613,37.5539456978749,45.853954445572,19.1277508626784,rest
17.9603546476677,25.2764160212183,12.5376690360904,7.99152182428686,10.9193351454329,5.55715658188921,5.69677131525364,7.0843634301541,1.50552319748483,25.7274175247052,35.8164303292078,17.2353256460017,rest
7.41510930773527,9.00102403498001,4.68433168873443,3.29743972664419,4.04642967727022,1.98715551594606,5.59670375654877,7.0653451076532,1.88880599274932,11.2940689337426,13.6768563830147,6.57040065218202,rest
16.974432567909,23.9164238775309,12.8460174998055,7.3854260862124,10.6584041442891,5.67175132376682,5.98167962142607,7.49315664016888,2.09744759173471,24.9188576604725,34.2272934383005,18.2087570382979,rest
27.4652549866609,33.4568228819961,13.5307850232675,12.0043367842298,14.7992801278332,6.02942023623936,6.42838861712397,7.89685561939983,1.75960609084328,38.6190655336165,46.8342477864125,18.4835280539003,rest
17.9780884193169,25.0222433631934,13.3096492595514,8.02266406090193,11.1201234617289,5.89179773548556,5.73080152063208,7.04085804373385,1.55880020440597,25.3304496706275,35.0686526150612,18.3767149221393,rest
7.90129592763151,9.33877639460878,5.97250161446175,3.62782038186742,4.42892128819924,2.40166804097752,5.13546133650589,6.39034638683311,1.99252824278624,11.6298907587256,14.8017138590366,8.22083010651179,rest
20.2272814845626,28.3774314635776,15.8109821401484,8.92340918859728,13.5009053445804,6.40826562835426,5.68553420856973,7.51347380184303,1.8739881194074,27.1148301368224,38.5526435916228,20.7541740566213,rest
37.6096189135758,44.4063185844134,18.5684232717003,41.2368840302881,64.5462598351312,14.1061517538601,13.0376912158226,17.7871658278834,4.40716922438341,52.8772423889382,67.5006838178145,25.936277259168,ring
38.9592439478578,45.5401173158898,29.4383548744389,58.427317911701,78.5574948153336,16.4612973098915,18.0954655562829,21.7574681669665,4.35427686875005,60.3105340723115,75.7091355512417,38.2935080737529,ring
32.4094260795907,39.5650678195261,16.404934078903,59.0911654451815,84.8334007903528,24.0702811421534,13.919506027324,17.1463506510194,4.87520047725524,53.8762079660531,67.2386618662753,24.6683037297195,ring
20.265439023945,28.3273630816515,13.4355028172717,61.740640398996,87.4200209215579,17.4263699774621,12.4211583735089,16.0085897627493,3.17660150894995,44.3928614438456,56.6474341876321,16.1941183289953,ring
10.4701324445602,12.9163000351098,3.771540288255,45.5000611279152,61.2964500686213,12.2502005918564,13.0503469857272,16.6216081966078,6.20033546057302,34.6042338379135,44.6116682080095,10.9457387705715,ring
20.5247785330364,27.4841897233641,13.3259966982313,40.8660137713821,51.4440391796977,13.4090639418122,12.5793018041022,16.1634661362833,3.80127931372498,43.9166053682181,54.7210479523323,22.2517526753608,ring
31.259257526143,37.5294807406736,15.1144536652998,39.9059817880277,51.4207887461455,14.627473700322,12.0192865576697,15.6246955635529,3.46814703728391,57.4975880723823,71.1273579853993,26.9230619753138,ring
21.556282943983,28.6970215525797,13.5282745148305,35.906324907156,46.1692646760583,10.511273144914,10.9235835995128,13.9920359160183,3.51517445057395,39.4160939043559,56.2793771296012,20.5800597689021,ring
10.987389509121,13.4760085283379,5.32093936029427,31.9543214883552,41.965556578302,10.3368723660128,11.209766217921,14.6126879790933,3.66709963430296,26.1708606629312,33.0944740748332,8.5444970442373,ring
20.4174818753624,27.6097076920671,13.5260720825604,30.0701477639988,40.4841948412126,9.93852166355858,11.5108620312262,14.574416235476,3.54848290853155,40.3443425144293,51.9920317323812,20.0564898226712,ring
30.1669996761033,37.2665051344366,14.3675737274762,33.6078071426067,41.9506694327724,11.2098932678652,11.7797888716968,14.351249542361,3.5314553274481,46.5263445128351,58.0495784889941,22.7253942031227,ring
20.2018023288952,27.9546848667773,13.9107834141117,29.3856327913982,38.6480862162775,8.96895146598809,12.0348092399094,14.8921976568996,3.6431415301799,37.0385657337316,46.3738362523972,17.7027373400082,ring
8.85623184483274,10.8534946721842,4.54833367759628,22.803534851847,33.3165867957762,9.14923383002363,10.5798155323384,13.2701000341363,3.23643247346224,28.1948797085784,35.533209788993,9.06494635567853,ring
19.9216740768597,28.5986678596164,13.7816363279456,26.4247343104623,35.6195982598411,8.40270682579671,10.6105580869069,13.1454679800338,3.78818177417951,31.9354549494284,39.2655458121849,18.6225157612905,ring
32.0481289320592,38.8568483024703,16.2828241104289,37.4907389867487,49.7789480309223,12.6925842834085,12.9981748583428,15.9229215298641,3.89052137945926,40.0400310475271,47.9676513820377,18.0177059085987,ring
20.3267988859022,28.1404913370687,13.6697757643526,35.4557074454422,47.4688100394211,12.1038013679643,12.1975699006534,15.2713167249354,3.81846654101084,32.0692747086692,40.7634098968077,17.9006822171371,ring
8.24261135951637,9.77281160319719,4.51197491672535,27.1684448008182,32.9849724797092,8.37191477956793,8.95469649023124,11.7142227143979,3.81835245176762,23.1410572933326,28.3597120789052,9.1194607815503,ring
17.3164580010071,23.9667046929713,12.8709991331541,31.009971717327,39.0681701936131,8.25655322342813,10.489068703062,13.2026382713468,3.64901323272114,33.7617759472178,44.0835895405606,20.2055540474288,ring
32.23322155424,38.2514037293308,16.0409792106764,35.6241375245542,44.3472759346719,12.8933395737344,17.1632512491477,22.5472521051917,11.0192101726364,42.9306816677611,55.0395125839562,20.0057651827765,ring
45.9426757086987,67.5234960042058,29.8377301656031,112.415377673011,231.753540403622,69.1933725479392,92.5752430665994,201.536113595178,61.8868236632848,54.4548880258543,98.5358490973413,20.2756811437429,ring
106.328243802931,304.984447202353,42.3221561176306,367.699283330947,1118.7315486343,148.665019231642,319.168215233637,969.936512145625,127.911456086916,138.338577378007,382.049059322508,63.5734112456571,rest
86.1703875521604,299.261643811491,43.3615679726083,290.213190929039,1095.29293862794,151.756237987382,252.402257971619,949.315821309749,131.828705997467,112.163087194582,371.364941812939,56.2443419317473,rest
10.4396788140708,14.3011757677833,7.50332116279503,20.0667877899077,29.3571198039304,15.2230652342288,18.1897211630215,26.1087301319162,13.930294124422,10.3624180432249,13.9108144601116,5.45156644324025,rest
16.5966382729757,23.3569835193608,12.6157320632578,8.21857767845472,10.6704522355228,3.94046353779385,4.5639846534676,6.17819595057485,2.01824096255124,20.6506080320146,30.7885715761778,15.508402030907,rest
27.2713897190347,32.818983978644,13.4136306697169,11.315954455087,14.0646938648502,5.62207788557164,3.35635595091103,4.33832709701488,1.25098220894117,37.0984800632827,45.2620644316801,18.4756142239773,rest
17.8583548500815,24.6401156418949,12.3239391407238,7.88029723862441,11.0050479517254,5.44956922458889,3.01223511099298,4.08444513464637,1.24355581212238,24.5606683234173,34.5715180552168,16.7048280105402,rest
6.92239675057632,8.65912877800853,4.6324865873369,3.29403817648264,4.08462536241661,1.9647535399906,2.36134997081544,3.16460783598086,0.856791783454861,9.64873386905322,11.2718110999643,6.22814244376915,rest
16.2740251065509,23.194287416701,12.4451984848841,7.34220174883453,10.2885948304603,5.55232381780151,3.1679210283759,4.1560059730669,1.57270067475889,22.299692864258,32.0020397029871,17.5287250884354,rest
26.792733522285,32.2955051711743,13.2651169579102,11.7595927112016,14.3377211323806,5.99030006947224,4.42661378572243,5.46107977591079,1.96182901811916,36.0466622305403,44.7187790697367,17.8008929285653,rest
17.1530887301371,23.9799037778673,12.3980985823086,7.54522702495956,10.6635871762126,5.35846998054414,3.72226134726547,4.65964345554165,1.60485037144125,22.9680862115157,33.1963008833556,16.6906524834727,rest
5.04650559320861,6.6850638467173,2.65155385779644,3.59922297273256,7.16209730646267,1.53933705956013,2.57450871337683,3.32151557580244,0.936779383030917,6.3526775899857,8.4454382425234,3.23199505591928,rest
3.1342011705038,3.97229809880745,1.04376580431496,3.63394846999205,7.32509463895432,1.48489099943055,2.72974237587912,3.51883824145668,0.79879816002141,4.34568091981291,5.65565481663233,1.50354380158348,rest
6.53741454951171,9.61880001457954,2.41915575977174,24.5868720514453,44.2888716949385,8.8996450685538,6.20762701697738,9.95238361645815,2.71861298069416,15.6454071674801,25.6552716560948,6.10521782123842,ring
18.6834001206551,25.5673419201507,12.847355042316,60.4816226502262,79.7661710031338,23.6778707325059,10.7174829692401,14.177036233258,3.87118276449425,39.9412298578702,52.8402578245357,19.4239654664837,ring
29.4615082050381,36.7579315387882,14.5027667244202,64.2515053312446,86.1366976534243,27.0611802745931,11.6752896685022,14.4389431463434,4.32090242938574,52.9881205617244,65.7907195583714,28.1696002454408,ring
21.9483632528852,30.1339063735076,12.3261084915522,51.7920053415645,73.418070678041,15.1145862261893,11.4697407818115,13.9180941402652,3.56472891714551,45.5798250759368,57.8641721082054,20.3532762296228,ring
12.5905589191134,15.5942160135173,5.45614562378647,57.6427032007693,80.0943363413016,20.0031842583303,12.9839515812737,17.3866638431117,3.98822142489404,39.5424308957163,48.9332483180657,12.7880436693921,ring
19.5622620780773,25.4412464860353,12.9100966796154,56.8976658679324,77.41244423588,16.2682357714732,12.0374372485228,16.7877741182046,4.15034576153364,44.2421674228509,54.2482915956936,15.8768123831154,ring
29.0255415352294,35.9565227235578,14.5402943381613,47.0676594072925,59.7293868981129,14.7207331308401,9.53292451933672,12.0528989723279,2.67857563311881,47.0678942102025,56.099513807468,21.138334332037,ring
21.9226939349677,29.5909215778607,12.7677851819284,46.5188600914104,58.0073597625629,15.8180282123879,11.2242182164585,14.123288349036,2.81461876236765,36.1827609268268,44.5284600721751,17.1453033416442,ring
11.1243487368689,13.7242159989105,5.69167354288701,49.6603136810764,65.9264947768771,16.1152026113719,11.9745627409822,15.1889238723428,3.43408233598936,26.3841680388014,33.7405607557761,7.98660052877126,ring
18.7172805610813,25.7769004382923,13.1194570770443,42.829093740954,59.5300563231292,15.7217595887954,11.1889058165302,14.8178411188781,4.07105222234513,32.3160071663107,43.0667454098068,19.0413978759287,ring
30.2364950443692,36.9323297728594,14.2240175296723,31.7266709539965,42.0602230316664,9.83974325706168,12.8188523291158,16.2636358709349,3.67663440390158,42.9003257680336,54.0051114204301,18.2951860074987,ring
21.0377156936147,28.9407034263297,13.0500539223441,32.858989128774,45.6550573067477,10.4813071659102,11.4568941973257,14.5911671709564,3.48601889558206,36.8964492591664,46.4709538727533,19.287143647281,ring
8.58966460213939,11.1528732727771,5.05252132344771,35.6265885536421,47.9974402412744,12.9038912566331,9.3994707618781,12.83804342844,3.8077358488836,24.0787686904562,30.266984625761,6.81845090602528,ring
17.7526108851685,24.5213543482453,12.9216910172393,32.1048939009039,43.1308159602378,13.8367951434122,9.66622095209907,12.8000414162242,3.80410137684792,32.1923925413528,40.7893894431763,17.2591643691165,ring
30.9389737101456,37.3344521559223,15.1670779217868,34.4270452000583,46.6749062209906,18.8586771355171,9.59657127997073,11.9596437434162,2.54247734727712,44.4378506690457,55.4672869876519,22.3061250611428,ring
21.5454328151628,30.2283556343666,12.4119831752728,33.8658433798943,44.5944303377322,14.0671242315384,9.89624228970637,12.4369363153381,3.22087798399084,34.8244109758676,47.4323973923011,17.1769937334396,ring
8.00822152389432,10.1603181423044,4.66215491443596,28.792520823193,38.153552726425,9.92662214097131,9.4388139544994,11.9261865133635,2.77161913815369,23.1940461412971,30.9225770811099,9.14496496842361,ring
15.6900811910644,22.5794620534919,11.6474711310862,30.6108736615841,41.4143133052832,10.4186704138447,10.8700436779253,13.8597985616857,3.43515980128365,31.9025095989622,40.6318367468186,18.6755459471237,ring
32.7901274430511,40.0591648682223,17.2968754623252,38.1443489116345,47.7024722133943,20.4998077092508,21.7706421561037,29.5086133085956,14.5251995273834,48.5845653823555,58.3231369827065,21.658961380692,ring
70.4030123076149,121.249777782239,40.8438961105187,169.053498252449,367.768443777483,105.955921221776,117.308873977865,255.305831760707,79.6862536767283,53.2874468832214,65.7321792394183,29.8929547080502,ring
204.240515520757,599.550952940119,80.670221318247,578.264795506135,1586.89682169745,254.920560371432,398.153851699452,1207.40186756583,163.631934800042,54.3411985179267,101.167180596185,27.4159183990913,rest
166.825989949201,588.504563835849,82.9287832061111,457.22577369754,1544.76795203328,230.217855386593,315.096188671784,1180.84932437627,163.381608304251,35.0988319762434,91.0310045989894,21.8194417574447,rest
17.1633442860871,22.5639357179509,13.3137795292474,30.1489661430906,44.8065455193569,23.4778369046122,23.3201930202276,33.0375042060837,17.3165494035221,9.85180724590803,12.4578338134481,5.61349377982759,rest
18.9071168072484,24.9521963318477,14.5309935926896,9.09036703995923,11.91169742603,4.53082748540309,7.44514581733783,9.80926461607441,3.60524447445549,22.7024432187679,31.8359233395931,16.4671427081251,rest
27.9205732429713,33.9923269334146,13.8256793462027,10.8443215710354,13.7422618662168,5.47528997051731,6.34622780515276,7.83224649101675,2.55934445107248,38.9403637795259,46.7729797302773,18.6155844335065,rest
18.1793309668995,25.6104820048752,12.4712892113845,8.12460802056683,11.2193405000836,5.52032193359505,6.03745005842126,7.49379485803237,1.80375408175058,25.8378713350951,36.1832279563472,16.8264439265777,rest
7.94944973325826,9.8849556930803,4.79992098097594,3.61866198742658,4.41186856468465,2.13802691389767,5.04502353461071,6.18984739985819,1.29552703038493,10.7250648740792,13.5085335136471,6.47817289868493,rest
17.043191022152,23.773102412832,12.8368375824591,7.35817723528519,10.1965534856994,5.39477597397565,6.5082853765209,8.40621438770242,2.36387721822398,24.2514863061218,33.5077835375347,17.7043934102042,rest
26.7873223680839,32.598402236564,13.2454654200997,11.3877122277389,13.9901265239663,5.54731993926168,7.44317283452567,9.46905159317267,2.66546079623689,38.7766604276238,46.5403521657022,18.8534028553198,rest
18.0343208526954,24.474471297493,13.3252473962412,7.6050071398769,10.5397309307847,5.52356489739192,6.12526880253669,7.99044404123545,2.46827986822197,25.1541694928777,35.0464572249734,18.1961019119935,rest
8.85305751314044,10.6114790073622,6.3951035432566,3.73838126288415,4.6747349786762,2.66224789273254,5.89201296839067,7.61832346275399,1.96519268635445,10.6898177012611,13.1334471174152,7.89826385879328,rest
20.6433312526634,28.7953892057893,15.8101046354361,9.0130392755356,12.6347863724932,6.82772834088588,6.33414641065426,8.0960923520154,2.40215436610845,27.2644219778061,38.9910879165359,21.5404004626083,rest
37.1431686927219,43.8158828523933,18.0440779373901,26.0696132041873,34.5391720542785,12.1115424739818,9.33530190294625,12.1859837229778,3.93229806896223,49.5586673193225,60.2214154684582,25.5942878131585,ring
38.0114439209944,44.2789919362036,28.9361071189881,32.5504013193992,40.9133966311883,10.8681013177187,14.3818555978972,17.6948228532155,4.3748139193108,55.8334520139832,67.9842811559396,41.810931166591,ring
32.0271352396565,38.5676346925088,15.1399575024994,34.1961563373011,44.6414396025176,10.3663115663559,14.154176251449,17.7960656679718,5.48922070317012,51.1439520395367,63.3553178820423,27.5436150016886,ring
19.8243846291302,27.2449035119751,12.737290951552,38.9821415045605,48.9938097671486,13.7845727409802,12.0671195127891,15.4473161242725,4.08744317984473,36.1398314116709,45.5007384772761,21.0236218422966,ring
9.62943407205282,11.6705766791909,4.36141318467943,31.7118476722255,39.6583846801675,9.67530801540051,11.4116381173058,14.5927037487037,3.47043448056298,26.3360694378893,32.5579101129685,8.8583259639374,ring
19.5862415483487,26.2999856956714,13.9055840469824,33.3506769897744,42.5477695188455,10.1934358417702,11.5623740437912,14.4485375350922,2.67157598166138,38.5240634746667,49.6094432447614,18.7508182050184,ring
31.6764705944653,37.9150700307585,15.2048556527563,38.3845645048631,49.512659987202,12.5090348059236,12.5456187182584,15.3263118160267,3.79359337917701,46.4563088258282,56.9973045919743,20.158481206763,ring
21.5973964961584,29.8882535409989,13.6077858441145,32.520756881246,42.8926185986236,12.4905326214828,11.4198855522151,14.4289222660348,2.96646320583939,33.4761207092404,43.2040042357814,19.1458980680528,ring
9.80915061212553,12.4047549392105,4.87099315147765,27.7487344200572,35.4396187602256,9.22522862638729,9.89956557706116,12.5164542081329,2.82704138999172,23.0266775163086,29.3813859018831,7.67792823263395,ring
20.5440808066231,27.5361592059868,13.923889530353,31.2128872948128,40.0116769000703,10.6599191906043,9.80243109217572,11.9954893587846,2.75617738366079,30.6154155205926,39.549539207997,15.9767377610042,ring
31.4402746004261,37.4003657204756,14.9735970196334,34.5408819362681,44.1852805602649,12.1981963588404,10.9638002057716,13.9116317771473,3.21269368434149,42.6008706879506,52.6514191302023,20.0296549517232,ring
20.6960420770785,28.1155591515863,13.6020298796196,30.9628810669671,39.4386869309837,9.27554846131828,12.1015599015964,14.9549282756951,3.86569610447951,34.78922202031,44.9044633708865,19.1006609168824,ring
8.3920452654715,10.8194630635243,4.40136204063301,28.6590197375808,38.4669145561762,9.42966536036361,10.8508955971599,13.4459358509303,4.49470931256058,21.4258613667118,27.1495398919152,5.87323227171115,ring
18.7410458957494,26.5916185105812,13.7585003857122,29.1699899802834,38.9467186395031,9.80659236597595,10.4945654554498,13.147873488339,3.66993982004078,31.676567434116,42.6828301100122,18.9600187574034,ring
30.9176616058629,37.020608662053,14.4680621936808,27.7945824213035,35.9920680653312,10.5448612309478,9.84298725711552,12.4864224513012,3.59718138260943,44.5350436155407,55.9206719571618,21.9798754949009,ring
20.1426468807881,27.6309648278802,13.4799366881543,25.3543032281797,31.9895829436484,9.69606715728879,9.0445974613471,11.8881664040784,2.90033340716821,31.028151222345,42.6247985803893,19.1398976883205,ring
8.50105926633475,10.2567170118299,4.40825813945711,26.2344271723237,33.3715353988071,9.49380795709462,9.04384183715155,11.6120385890611,3.31255099777996,15.9618165475082,19.5705225610559,6.17506236028679,ring
16.7482744225111,22.6040833595347,11.9873407528306,32.1076312650153,43.1732188527285,12.2103076609374,9.3058253586843,11.8238118962005,3.24752925647991,29.7108076595667,40.1137428764901,18.8585729434376,ring
34.76095862722,41.6302736472698,17.7707510977692,40.5302992992218,53.4585530592298,23.7080890512522,25.0137768658972,35.2227563964411,16.8071500300428,46.1048091879447,55.662420986999,22.2960634017657,ring
74.9079422596083,129.42542323013,49.7115689448165,177.48402935299,393.423400219778,110.543443284082,127.493221245215,260.467834244745,93.9228721124487,44.4654648160598,57.9261597645584,29.837531565817,ring
201.468732035401,601.327006370977,79.1541065218457,614.409966777923,1684.75545502561,273.96202512956,554.770268195711,1565.36195726729,256.038396057335,66.0898080060037,178.359288739967,26.3993573719764,rest
158.570043408145,588.568487494151,82.7328361057369,487.50718914375,1639.402783984,244.433802429916,468.064121092401,1544.35431827529,250.321243353804,48.9487105336037,173.64428659604,25.0278924580587,rest
13.8232634973517,18.572435140443,9.65757960419824,33.2751056073586,48.7724792710818,25.7604008343004,25.9962136833283,37.8959974477278,20.1249755592367,8.03990610704215,10.0337615693327,5.16541339009782,rest
16.915882185578,22.6305218886415,12.0512736436176,10.0328107596151,12.7511132668576,4.88246619239467,7.50967037232921,9.76226442968359,3.3688458075177,22.3429775384901,32.0685445082931,16.9696926860344,rest
26.5443653061503,31.4940344819426,13.4055366054582,10.9750862980912,13.5341415305446,5.36139260023346,5.47886554110251,7.14102674282736,1.5568229170836,36.8995719919126,44.7693419989741,17.7942094192987,rest
16.7685483882572,23.6210668487884,11.5993113987956,7.54588936301446,10.6823916610005,5.23039194449018,5.60375108679828,7.20356605676635,1.60243376055475,23.6191781226462,33.1862020885548,17.1460651680764,rest
6.41377099438672,7.96364347019223,3.91263487626453,2.78470705282365,3.33095405403523,1.6378803484746,4.72796990600976,6.16655368868648,1.55040806432236,8.77489426737399,10.8302158205352,5.79862413191542,rest
15.6712270296447,22.1311627520181,11.717360892804,7.04500858462299,9.92705316991153,5.33678192546314,4.60676676895658,5.76170118854842,1.65357331505831,21.1880838653644,30.4785797504803,16.5166256307057,rest
25.9847833125013,31.6577146365673,12.5367161400258,11.5172708661536,13.9734449911631,5.56224440839603,4.84198258170705,5.94250232326179,1.23923359102975,36.1728010305747,43.419176071876,17.6758079492078,rest
18.0001036796536,24.4498251914349,12.2308647208928,7.64781677410872,10.5655007953759,5.12966671116774,4.80458459558056,6.69596834614127,1.44412514876174,24.1952871599059,32.9476980162282,17.100686305504,rest
8.56348472071226,10.2569347825508,6.11513215225282,3.6684252653738,4.54088726896749,2.40944340895025,4.27918814681981,6.13339502650828,1.27808921594438,10.5854003441344,12.5606512582766,7.91493755058062,rest
20.0488987418819,28.838486657249,15.5526077744972,6.89505465363168,9.22051902148728,5.15781551629551,4.27400198527862,5.24127536122277,1.49717994761867,27.0009488234322,37.3142410309432,20.7925260827204,rest
35.7013818915131,43.8698840039432,17.6642912392653,34.3645163193632,56.66543615828,12.9326373339331,8.46457307170678,11.8618307727366,2.36469482505226,49.4620985774229,60.6681211356239,22.2805883190166,ring
37.4974604069538,44.4712891973155,28.4401446350748,57.2991575734947,78.0435938226051,20.6483640827644,14.3513681730075,19.1999062537859,4.743071156946,54.5242396450814,67.2478990478016,36.6808471791241,ring
32.8925177294112,39.4239376214973,15.1206748108681,48.3928672256269,64.0572390824495,17.0876888227188,15.2051707979493,19.7955506033022,5.72924072762987,48.3930355251524,61.044882484255,18.2614764704006,ring
20.2389761675338,28.0747040425105,12.6948312723789,39.6119867092486,49.9955953022114,12.8025713266844,14.666075635589,18.3719931561003,5.0225253483796,43.6940515138278,56.305026542901,15.9796366022524,ring
10.0265441650548,12.238074158497,4.90314345989639,38.5424113396942,50.5785317244227,10.6107653388544,17.5196880178071,21.9852840746538,5.7709817747655,41.4067718609904,52.1084200727716,12.5248241246555,ring
19.72264411578,26.8823838500625,13.5491261545493,35.7267571815159,45.056152502266,17.4432652430072,15.4372661882525,19.8884753354882,5.56300434469435,41.874466710008,50.8412055114628,18.2973079989848,ring
29.8294093905069,36.1351428136407,13.8901495977479,35.2311681213156,46.4816257598177,10.8472322733372,11.9878860567829,15.0460718593435,3.96138477408571,43.7859396879736,53.3519672179963,21.7212054538247,ring
20.4133063790698,27.3423860252065,13.9237395114172,34.3785125880277,46.7713244514173,10.8966183344608,11.8998583218324,14.7529984681053,3.26141669390376,33.7881851356374,42.9480228146482,18.7518725445471,ring
9.70220689487674,12.1411703182815,4.53944783966625,33.1452798970608,42.9423531640725,12.4244330188931,11.7195826416451,14.7346742215935,3.4833033412519,26.2163321601275,32.443464430387,7.96214877607893,ring
18.9026941149419,26.3868624591988,13.0592578027642,47.351645071205,59.6558110342245,18.2233767175451,14.7040032451167,19.9886008433383,4.59202533907965,39.1602896177885,53.8990164553579,21.4579455778841,ring
30.2397226924813,36.5875578096143,15.20378342737,53.047913583583,66.5457152621059,16.2312297762557,16.0337837794151,20.6992638458733,4.45045554726242,52.9192292585693,67.11620806654,22.8972767318158,ring
21.015450095649,28.3296249065173,12.9293015532392,50.5631386262317,66.9512622007779,18.284397828439,14.9129738698367,17.9093786621991,5.79341899690356,41.5321353861688,53.5284959223701,21.1512149267682,ring
9.17273101061715,12.289839535778,4.03839827978154,50.8729611033824,66.2717946054942,13.8835721265465,14.6727476677842,18.1944922734399,5.08239082505244,27.447344355375,35.7511429831328,8.33391168308794,ring
18.7920893686338,26.1361146296023,13.1419234947486,45.1090804220322,57.393683550936,13.5127274385102,13.8371881143801,17.4945780852152,4.33099457063907,34.5765086738543,46.1833904500989,18.3347323738793,ring
30.8494367828742,36.7806315339836,15.1952971020598,37.1993849868336,48.4416976995774,10.3279930428955,12.6910554651012,15.9709411025017,3.90407524325119,46.5662669139085,59.617638878892,19.2453187638438,ring
21.1214476123792,28.4130695384966,13.4713992770081,32.9515708394878,42.7336107131641,9.42062149217739,12.256924786043,15.143936614075,3.84703247909799,37.1258568914021,49.399043714551,18.3288362982457,ring
9.22945549923157,11.6315487829818,4.55736560460039,36.2217459292874,46.7251330637081,11.1214395302684,11.7770273240839,14.7949518700673,4.14176814473273,23.6349928429379,29.6494811437406,7.59981155245168,ring
17.9093393094687,26.1905281974924,12.851427573905,37.4818804800837,48.1522106667833,15.6142759357336,11.9428150134429,15.3827628533544,4.20602866765076,31.598963337202,39.9733061455174,17.5699595879692,ring
37.5184770900969,45.4477442915943,18.4113109651569,39.5791087531055,49.7328131206439,18.5119027190537,21.7798457139687,29.0561614933718,14.5188062809361,48.1447150525072,58.5059935846258,21.9407725785919,ring
117.226557904073,223.47520523412,78.0343953061602,123.243732773896,233.25364725784,77.378808894867,123.330888738198,272.924828882125,84.3628968389988,82.073727682276,133.726334774245,52.9311613657747,ring
348.227181541657,1050.2237305004,138.124189496256,477.355128653459,1349.35516598486,222.838162849853,420.923615114635,1247.25990787774,178.396877148161,208.451202385584,611.115980286873,83.5413177315741,rest
270.742555738618,1027.23986216572,142.355848864943,393.620914139364,1329.90835899643,211.322445721332,331.830772577785,1217.75138528536,169.569434678111,166.224639989479,598.532477863185,84.4104295512839,rest
21.8723437153788,29.1153416750229,16.3088497387377,21.4471552134179,31.6055254325349,16.3126381631045,22.8537967274935,33.0703219868718,17.778872922056,16.2230610821795,21.0275215088889,11.7422897336891,rest
18.7263255148095,23.7210349608048,13.7294923472588,8.07531623371021,10.7271289655046,3.69257335013912,6.00352020878524,8.11578431258618,3.53808942909857,21.8663780601979,31.0131424157369,16.8860273111938,rest
27.3569005901376,32.5593762758769,12.9861652287856,11.281952653186,13.8883468448714,5.31756943448413,3.9968198704447,5.06551095819996,1.21080994453485,34.8014407417222,42.9940336638603,17.5344721110054,rest
18.2801959079343,25.1237204458489,11.2882514294151,8.00854579323279,10.9831144976311,5.39197651278886,3.37265563079214,4.18647239372373,1.12776676928943,22.4314286282841,31.7901624512554,16.3242314178476,rest
7.52314563252956,9.60829917374517,3.82423573365573,3.14184408001631,3.87556015732107,1.88838957160134,2.90187553876721,4.02195168785032,1.00516208595904,8.98389515064472,11.0771865325144,5.70382974342513,rest
16.1429905877752,22.3201007140329,11.8177418148563,7.1188187112589,9.95155874636875,5.24973512755968,3.03248356984957,4.24989491985113,0.956231274926984,20.9912530853186,30.5059048482678,16.3523066897508,rest
25.9114452511789,31.4887274944137,12.539883928631,11.8986976584347,14.2254455514229,5.78606748908635,3.16645668857531,4.20221789433125,1.46811042785183,36.7130606216386,45.3402306881831,17.7873318457691,rest
16.7336556448997,23.8755485094608,11.580801658124,7.72915075052822,10.7834596095607,5.26625235539621,2.82422536542248,3.76418018089829,0.897037355947688,27.9538122361845,36.9401785531651,16.6973621329163,rest
7.62111418935825,9.72266225099564,4.36232185306476,3.22555096690561,4.03337894443908,2.06300208317205,3.01630508121973,3.99932823514352,0.948249814416352,16.3055904931942,20.6158391261063,8.91680781021158,rest
19.2979553819767,27.410715043053,14.356048528774,7.55626220231172,10.6133104007275,5.79950594744022,8.07462136184855,13.8893549795396,4.36836188066062,42.8676147092007,68.2810871595868,15.8978257985596,rest
32.3084351337474,39.0451489183828,15.4628065208152,14.5804121373982,18.2617769584159,7.19863956191401,41.5625901386233,75.7456534444732,19.2745927373133,61.562150913258,81.4665158196863,24.2924137646468,pinky
33.6073526365139,39.0324148232234,22.0681485489588,16.5339515672155,20.6107240260302,8.13751236644506,57.3356929795811,83.9663492460147,24.1788086560622,58.2444702767339,70.1198757153315,28.0768885532432,pinky
27.8166105228802,32.8293865135277,13.4351574543088,15.0821167177414,19.1456677621303,5.23492066445029,65.0822298404219,94.1004248636442,28.5905008958151,53.3411000810391,65.2114471918196,20.6692599742544,pinky
15.3829608138432,20.7665176465608,10.7513091638183,13.0823175696252,17.017568530189,4.42329025745001,60.9842753784751,91.5130191752461,36.38271407581,40.3503884989585,50.1704060590867,15.9863498467254,pinky
7.45705045300891,9.04228180776246,4.32261190564477,10.887537581065,14.3873654732367,3.90539986698597,35.5112895658082,47.0483623254258,12.1511687499273,36.6023025758043,44.0049259737714,9.13134568236587,pinky
18.0450323986085,24.967768956782,11.2927372045175,11.4368212285995,14.2937777093978,4.67210742591913,38.7857557530004,50.2403959186951,10.7214100920703,43.6272121048037,52.540658773609,17.6856446228343,pinky
26.2099195694956,31.8170885856685,12.9484898072816,12.6783974369047,15.3070016173932,4.73125157453776,37.2229469759995,47.15941451727,12.126010240611,45.0223394948955,54.7978481347424,19.5375040231775,pinky
15.4782217748579,21.6516262880726,11.6413906864141,12.0495132567644,15.368988945531,4.92295995588099,35.4534113220203,46.2829971977983,11.0129416228545,32.9842894945177,42.0757387847169,14.4731099907274,pinky
7.26299118068465,9.00770253393735,4.53173482363714,10.7302279534176,14.7723126158763,3.38659088521231,34.0280025221053,43.6473887957332,11.8111866578356,27.9866672932399,34.5569123885748,8.43964165825748,pinky
17.9712012366191,25.5240504109898,10.7017744306739,13.6423895982733,17.9181489334628,4.12061603658887,34.0434625291058,45.5228988631466,12.5200004984252,38.8121450256659,49.7951359416691,18.001731697927,pinky
26.0690559792596,31.4002236012062,12.6451814854715,14.633141857921,18.6108513491625,6.01473355273497,38.4747777586627,51.1821620886715,13.7741730202953,45.5596278556403,56.1381466724374,21.6990615805084,pinky
15.0348866528727,20.2736878235615,11.1160717901979,10.0908831456788,13.8552017412014,4.15063224838166,36.5417915625926,46.4402420135758,10.2758170131964,33.9596546805851,42.8357781142765,15.4232544723418,pinky
7.18344947523407,9.02937779871991,4.1142548972667,7.13159268935256,10.2888103268041,2.31439498667289,33.6016091372529,41.7622571787419,13.4707831589095,22.6236440947119,29.3449457150272,7.86856830558872,pinky
18.5140808025594,26.3516591466048,11.3243188660982,10.257711322995,14.7919817837819,5.046029755636,30.2944677891276,39.5482148778769,10.580364452787,32.6924001112338,43.0222418121896,15.4023787412022,pinky
26.6646119568959,32.6682947501509,13.1590417076813,13.6767825339701,17.2764656920262,5.82182628054035,25.4028857214066,34.5538711472191,10.4897183328546,38.9332073104822,49.2814965859701,18.2214985811905,pinky
15.3170028753189,21.2932885930813,11.5237206271698,11.2721061880105,14.1649494150074,5.2324390565399,24.5939270264933,31.4350415875555,7.27425292288106,26.6706084995586,35.3002343287789,15.343554123196,pinky
6.95251247198428,8.69530153464622,4.17771578301589,8.61375905111176,11.6579790787322,2.40346694607078,24.6787802143392,31.8280976589297,7.98840153772424,18.8414494463767,23.9453850036439,7.92038047266453,pinky
17.5027682482893,24.6362288746852,10.7982334697395,10.2800075673485,14.0462481656818,3.87788314582577,23.3436621400529,30.3330731032656,7.12724908975717,32.0896634621557,43.8065231612159,16.4914795215447,pinky
29.2378149462841,34.4589400254778,13.8608339229237,28.2890325969338,37.7156611880105,16.6424530006549,32.1057030115152,42.5707571828209,15.9203793183227,52.0434551290483,62.9841925914489,24.4324537794536,pinky
36.4705535042319,45.7070111917423,25.9771199859386,131.751033999911,242.397590578413,92.1070364010618,125.55953553105,266.240631734847,82.8408291440037,117.449604978934,215.37082071596,85.781925016438,pinky
66.4329100289259,155.317628258337,31.0538168265437,480.661294394789,1354.85179460619,218.310063105027,408.12976737619,1224.49540971177,170.785782943589,402.403633206611,1128.84512951298,178.987565289023,rest
50.6681528809318,150.803114223424,24.361554784922,387.27939460811,1333.76594653187,212.039705409867,321.240483586181,1196.19051141372,165.267252043826,326.857204019105,1109.38735054469,173.649595093827,rest
9.16486030136914,11.1742065329055,6.60501675767898,19.3566612147425,28.4589890659719,14.721971260332,22.6733098657554,32.7462882637029,17.4734783828377,16.8198903947678,24.0292226305116,10.2650879738975,rest
15.9951325297676,22.0447644845609,12.0798022064908,7.89817449960376,10.3178011888689,3.68997378524115,5.70624416074227,7.72251309897002,2.93626535560961,20.6724178432564,30.0842978381733,14.3742537454153,rest
25.5721421282029,30.8433951528879,12.7736154209582,11.3496513033376,13.8472871396485,5.41615944492879,4.126617487015,5.34568121834578,1.54505620977734,35.5199808712513,43.005438285809,17.3763728815357,rest
16.9709413111793,23.3036248703682,11.3781849472016,7.84062978737905,10.8452949207608,5.29029098782632,3.9029822956293,5.06674827044614,1.15622464241834,22.8916246572288,32.4283966290554,16.6227610132013,rest
6.62607029236526,8.26386103093919,4.05468196055538,2.88121998140313,3.46740884800498,1.73151893542906,2.84320239835509,3.78699491873649,1.02973044787379,8.61858988588369,10.8455767052875,5.70276671578926,rest
14.7889261658925,20.9768832405649,11.2073941771554,6.79073252335566,9.55444965034702,5.11514294215169,3.18131453768477,4.18888256079698,1.10911288133669,21.0185406175732,30.207948064353,16.1695991072842,rest
24.734954458248,29.7922198861519,12.2090800566182,11.3418571803649,13.6069194414849,5.70895546365235,3.4494555098162,4.35114340105781,1.42549175662237,35.5052460130803,43.3312503130712,17.9299239830158,rest
16.0584999986599,22.5587215990033,10.946152436962,7.29274077260924,10.2580908071615,5.02082285786043,2.95606698576501,3.62653356077055,1.12247975029761,23.295452665086,32.8477569290175,16.0415884254958,rest
4.75796231849414,6.25441073118132,2.47764618175447,2.21391650379258,2.75131335078997,1.22264170243007,2.36534793812438,2.92113482453151,0.742919420132045,7.40115983612151,9.81027094810971,3.93445705041949,rest
3.55690121002374,4.40441000881357,1.05209661650963,1.46336023993936,1.89196498935449,0.401797876474868,2.58958439755715,3.36621643182593,0.918100422376067,5.71021309684131,7.91307549287557,2.28576393798587,rest
6.95141755599808,9.40374629214045,2.08971753526526,8.57312962199535,15.1314471393259,4.03455662893407,24.6825256069795,39.4840105782909,9.37617826850996,20.5091010091142,31.3205530015545,8.22061982443758,pinky
18.1488398785848,23.6481605798086,11.3370381999912,16.6157173876058,21.0461236197953,5.41257035149357,50.5448605109126,62.7952880924147,17.8336562700576,45.2056106205671,60.6090447503735,19.1702909192321,pinky
27.0680638010095,32.6249460344535,12.902494945384,17.1883304443324,20.504216670976,6.2951977705153,54.0678717287496,68.1393099544732,17.9461492364061,60.0658869015414,75.6827405043655,23.4473764761031,pinky
19.5085538823732,25.9740221182892,11.4688331869508,14.135439794846,17.3048071549868,4.51446227663929,48.2581755796648,61.5226843103971,16.8296217442966,52.6200153362114,65.5500715362209,18.8652219402746,pinky
10.1133012028283,12.4579207518498,4.66504318778289,12.3915670750707,15.293821188154,4.31736248813261,48.1138060777134,62.4431352380288,15.4518960785726,35.0764653175159,44.2821208054211,12.1015015775419,pinky
15.8499330796161,21.8328650036228,11.2861487131948,14.2325217189322,17.8778879921057,4.24783604680414,51.2929237314746,68.3922060896666,16.6602406278927,42.4191330673871,53.5280544783565,14.0655255475982,pinky
25.3263129431175,31.7435814717808,12.455354623398,13.5941613880429,17.5166564958145,6.18962190506633,42.0983329099838,57.3965336725296,16.3464085525548,53.0788920066856,65.9197991927171,21.391838155615,pinky
18.4087991290311,25.5284770657959,10.4562073881283,12.3389100133606,15.852343482826,3.79049224485198,48.4962226443519,66.8492403875347,15.1722509656645,46.4420610514873,59.1559483995919,17.8390269593796,pinky
7.99136607243026,9.82185925091103,4.61731000299177,12.3814385455097,15.7733987853151,4.0044942018696,55.0049701111466,73.5035982230117,20.1879735750777,41.535696666467,51.091491988124,13.6624555072011,pinky
15.2165888930613,20.3784253672088,10.9614302107939,15.2161016870573,19.5062775127123,5.87069385235255,45.5956517919514,59.4206292082053,15.9825394790574,49.7981506478383,60.2970891039337,16.4135989267232,pinky
25.6422682651533,31.2772621055128,12.4479731828169,18.4847606613593,23.1430162256163,8.85383425653908,42.8145874821374,55.3884030434873,13.7186157809887,57.5591591909858,69.6718336867163,25.0788696085369,pinky
18.1763487838984,25.553642915034,10.4828379011822,14.0741550270644,19.1597995861643,5.7813070662156,41.5713755802331,53.1138248999782,13.110033150584,43.4844942386875,56.4173949442546,15.7717873154154,pinky
8.05216328940332,9.68612336333257,4.67270813172858,9.68374017499465,13.3823782654011,3.84100543131772,42.2978502679091,53.7448372920963,11.991187622358,34.406762031683,42.5903086349785,9.74673778296534,pinky
16.6757618435959,22.5582109445261,11.7872372344117,14.3976626967023,19.4240487314769,6.33300216951933,44.4167203261437,57.9530302227271,17.5082903784339,44.2253915002006,56.9803856835843,20.9038243049806,pinky
27.2838496656549,33.1176534781191,13.0546258493258,19.4302930457802,24.184787130654,8.57585007723062,46.1242962515824,63.7025382471272,20.8099324271516,54.589263293969,68.7039551381723,22.0987437039264,pinky
18.7279319709409,26.1737823244041,11.0536355024084,15.0012634275054,19.569036774944,5.08389269943492,41.5854973200185,55.7648198017337,12.5962212457201,42.5601730246888,55.8726791993337,18.4198663798456,pinky
10.1173691751672,13.597114880748,3.97721415678601,13.6022328783597,17.7921492427139,4.15776198358212,40.8536178929849,49.1173893496698,14.4218165602158,32.2717760015172,42.1426555351535,13.8066472641788,pinky
15.6359743692812,19.9922076832825,8.97372113951123,17.1556317942882,21.1933784736695,5.56084074539188,43.1354261486014,53.078187204505,14.7558788766203,40.0790391932622,51.3014746557719,14.4807460846537,pinky
33.9865764683507,41.7788914237105,17.1246334872953,29.163578493491,37.7859889484053,16.4385352965166,42.7673163777712,53.152450820909,12.7342557639741,51.8080022057982,64.9681003116485,18.0047569571573,pinky
97.0872217134439,168.951321080853,65.5528691345181,125.603459931028,242.969689928612,87.5688988324423,117.079944921346,234.02346322752,71.1938740204891,127.943891060299,231.559326380172,77.3593550539768,pinky
250.041861114856,747.458048925791,98.094790732272,507.408983603932,1429.80336524026,234.0870035865,370.069264403191,1118.82287772672,151.070788548636,472.966384769219,1336.2036875781,213.353051637927,rest
186.486693009621,729.307292239341,101.37022289414,421.060052159228,1409.78929314849,226.751024793705,292.981676203523,1095.18223771306,152.039136480981,397.420179403114,1317.54092529777,207.582169366498,rest
11.7175951428375,16.7945278799773,7.10677598483517,22.0474780717503,32.0998501622693,16.9172107635736,21.6701858224528,30.7794201568128,16.4422922116129,28.8669393885869,37.7075952057702,21.7971239240999,rest
13.5522481384125,19.9700800681722,8.92732352262977,8.1543179017151,10.3756680917665,3.5637511578463,5.93119107150928,7.81694472439288,2.86049558636736,25.5131540088269,33.6583766824146,19.4317113096121,rest
24.2854184628082,29.7024798752721,12.3077902171824,10.4563342943563,12.7813408659325,5.18981926101314,3.53999148522622,4.3697490030261,1.04359712596038,36.8476975487155,44.9164252268098,18.297205762679,rest
16.2233482510817,23.0776080662904,10.8724070402591,7.24733660138272,10.1231104977615,4.86523719534903,3.46637709086942,4.26497450366744,1.13504226231745,24.4793286875842,33.4925143699896,16.0681358727008,rest
6.41381610359277,8.04065467114303,3.74880686477669,3.07073904057777,3.95084180140675,1.75022397117712,3.15646485005687,3.93566201216638,1.06024308197956,10.1842496404903,12.1745163943123,5.34143171293463,rest
15.0778717378975,21.2168789319342,11.1911688146347,6.90554392894298,9.57194638529616,5.08102181221921,3.37722836802777,4.35434009937066,0.935219107451783,22.0963986204812,31.2829344738623,16.5621032361615,rest
24.2886483272812,29.5979756517973,11.8136797328926,11.0209906568512,13.325164656991,5.41406663019805,4.18653606460333,5.40664772920568,1.48631492575424,36.3819000785514,44.3681967166917,17.7083163621757,rest
16.0396223166312,22.2573105206939,11.1782490216645,7.30772942156794,10.0329281333406,5.11396592287788,3.92363400029797,5.12390095613869,1.09845410922876,23.9826768060345,33.6433423394089,16.6594328475126,rest
4.84325481099004,6.56783079484766,2.80251319450394,2.61555343930614,3.18744573662127,1.49336969287247,2.98907823307214,3.88152317748549,0.954798633172352,8.41491761609008,10.7089853372114,4.73109206327914,rest
3.4977105685986,4.69630315210541,1.36116083312706,2.4715796272785,3.13776651025656,1.21355052627572,2.52201069053058,3.41957676450716,0.816213926224852,7.76514367245223,9.73087514558607,2.82222981410555,rest
7.70906331152412,10.856346649939,3.26054815280734,9.66675203948611,14.0597894459408,3.15595752751506,13.7000949505556,22.9697752152136,5.92605755878433,19.8011418603709,29.611769914788,8.42192422212463,pinky
17.5222205662613,23.4075326153571,12.8543541870443,15.7998947680558,19.5007077623331,6.49002081448122,31.5651489859759,43.585553410081,12.7544828393193,39.9977285725521,52.3009946579783,19.7085818578017,pinky
25.6569879310322,32.4982638472723,12.408376719862,18.3983542240686,23.6119710995553,7.01180783043242,34.2882252028874,49.0842495808913,12.3998609585527,47.9740983634512,60.4845863424991,24.447328547898,pinky
17.9978443662121,25.8360988958102,11.0787545580584,17.4466546288768,22.8535380873286,5.31364074894857,27.2775150977005,38.4580497801126,9.13360613388286,37.5446824783513,48.6765230433956,17.3169237152614,pinky
7.89158957264388,10.0849865573091,3.78982828760247,14.172890909104,18.7098925365775,4.6840175801866,24.2924486376893,32.3149068541414,7.82487267623714,23.8004660854683,29.9037599615998,7.81056644254672,pinky
16.1166359376502,21.4105267911932,11.0917632338061,16.1975205254778,20.5629033249306,5.43818402765989,24.1086495918538,34.4015733695196,8.38958545439719,30.6543793785207,39.9250620361318,18.0690835274484,pinky
27.2500186236486,32.6731403809602,12.9796424904142,16.9205163742116,21.9267719036008,6.41937836913871,27.0511846587191,37.3940732760447,9.71034630808666,45.1046325055166,56.5319500305747,19.5215878296924,pinky
19.4072697002761,26.7871721043374,10.8675066050362,15.6655020879217,20.4465076189288,6.15677005884984,31.2373782922536,40.398076227991,9.70858313685967,36.4972988675676,48.7385783140812,16.7231020500852,pinky
8.39165995168512,10.5217036210912,3.90798040176758,12.5289622562028,15.9730776452144,3.33707169003024,33.4069281839879,42.1005179752275,12.0930035018957,23.9864154948329,30.7131328366242,7.35787981966486,pinky
16.2929436073003,22.7949082022253,12.2365323621417,13.4736188610686,17.7625864453042,5.3068900217203,30.0219726489181,38.8365034820063,9.91637663813324,32.2652854892827,41.5102290888772,16.7890908163499,pinky
27.3023976166874,33.6893927253694,12.9856697070981,17.687267941374,22.3638638746144,6.3449270668264,25.9648626198653,34.1998748178847,7.56995836963475,45.2486041548138,55.9832282693172,19.6193945959111,pinky
18.8770556367679,26.8640725970977,11.7166175418527,15.955050492955,20.3081833098065,5.63954853875569,27.904267018265,38.3390250710326,9.87761706945988,36.1409488747172,47.5343105309551,17.3257238091125,pinky
7.8445813784407,10.0626193790083,4.17175894313852,11.9455124375928,15.483392926976,4.48822519953069,26.3554375622519,36.9200519770806,9.01195145428218,22.6953171072826,28.014738040335,7.08164479198122,pinky
15.4906569669324,21.7571770922804,11.2920614006514,13.0653552971084,17.0341479661246,5.41863725519969,21.7157840362883,28.9691732527242,6.84838859468072,32.1433350245531,39.6930346418103,16.1562694090789,pinky
28.1127873687304,34.4493800645199,13.7122112317741,15.7860355260162,19.7499977332041,5.63867430098917,22.7400172933116,30.0695614803733,7.09931251380925,46.2803877475519,56.9722655897921,22.8415047501068,pinky
21.177792414706,28.6635583479375,10.7313903869488,13.6078642132192,17.5623049971441,4.75380677575185,23.861404974066,31.4823632682972,9.02825287657497,40.0789503549588,51.5530336993953,18.0165463840724,pinky
7.70659695314842,9.70586532119658,3.9529090122821,11.2605424355247,14.8618660885091,4.07949265473207,22.8817762648566,29.7794688856595,6.23645229747412,23.5517529569306,29.4321054006719,6.14920441292382,pinky
15.1015992056321,21.4966652725706,10.8988099924761,12.7322929356643,16.1928301435583,5.36383422248792,23.7177594519703,30.2410952390419,7.56555762881757,29.0647307034332,40.5715323165043,15.324809640892,pinky
29.48783357656,35.0042719418736,13.9963079180496,22.1607405254266,28.7372489477282,9.8277557500252,34.3782634609455,45.4464374967355,16.1295297740469,48.7720475824117,58.6638379071541,23.9666246949415,pinky
49.750459319843,86.3541943638217,24.8312574943201,99.3143236069794,212.989738973809,61.846818963326,132.61266072902,284.759337812761,85.5966913077825,77.081853430174,101.958960642131,54.4794922247313,pinky
152.288160077178,446.982253005326,60.6302861802011,345.820681796816,1046.92799375878,137.421267920327,432.94134295962,1271.69736357033,186.362687784825,128.296100724127,332.830315434692,54.0470343027991,rest
130.527950349985,439.84513393896,63.0497574845645,279.504593259135,1025.81555216581,142.650765670218,342.289265249491,1240.53328016202,175.062683955915,84.3419236014537,320.14695375992,49.9292321093252,rest
15.0406565326559,19.7244946232462,11.4559542181296,22.6507670209244,31.3726228365668,17.5658514653307,23.9375776332846,35.1938564592879,18.9155283385643,9.4533291676294,11.6458924934738,5.11984995257202,rest
17.2078960299522,22.5686270924591,12.8236589267897,10.8307873493172,12.6890592793125,8.29688161020857,6.08775769329779,8.34471569698183,3.65387688212167,22.4044155475818,32.4398269495723,16.593037690883,rest
25.6272910438085,30.7473189549255,12.3234474868977,11.7668121878682,14.0549082210096,5.71027583468392,4.17684550184762,5.38140971894671,1.30606727186852,37.144425139721,46.2800082417393,18.2438521854031,rest
16.3707270714227,23.0561741537656,11.2447597258927,7.32330270582497,10.2135226434538,4.82527670782528,4.56798578697161,5.87443595814038,1.74151960110155,24.8556339944007,35.2520524682748,16.8423428966244,rest
6.8013320634956,8.67613991106428,4.00768528165113,3.05130097582538,3.85945386262818,1.6891661161117,3.97596095350898,5.21063907297909,1.46934369119843,10.2676448332098,12.7160970502665,6.1487388707695,rest
15.8752110793179,22.5115989133316,11.7343044878505,7.19983975046053,9.9925365505715,5.29599435417263,3.83805355481133,4.96501494634102,1.19446531268123,22.8916171890024,32.3985950114193,17.0655312752512,rest
26.0742118418078,31.4885676796992,12.4330405628854,11.5066874070226,13.9164713483602,5.61956897158735,3.83079313937754,4.97189724254193,1.30250506608687,37.0007031768402,44.9915913455938,18.3105632055803,rest
16.8262457935462,23.545162935602,12.0041543889349,7.43445182785666,10.410102048075,5.35843337879653,3.26872177939031,4.32991001532774,1.09759312593817,25.1069293874389,34.065963841196,17.9905847820086,rest
7.24883081073246,8.95164433400616,5.30660622864585,3.45921792327825,4.19642526462331,2.45641623439341,2.98216858895027,3.75669042171021,0.831632108172134,12.1568298823463,14.6671606858624,7.82968627343121,rest
18.7833778528396,26.7474736738706,14.7691060113101,7.99933909847798,11.310562018419,6.26899399824538,3.71402649242122,4.74290390077512,1.12620481977015,28.8171349235554,40.8357284068751,21.4089762364383,rest
33.0752537547717,39.4036351197375,17.0245827774031,17.9922047489461,23.0908752378797,7.26414971883873,19.0654354711496,33.9385285243375,7.5651157287693,54.5552142858591,66.5754657352963,27.9719292848025,pinky
35.1192478573295,41.1264118520244,26.9083397319381,21.3589646393983,26.6015167845105,11.4342391965358,35.1258252236691,46.2897339173689,10.5173698305493,57.6399839139892,69.0379928187628,38.5969548522972,pinky
31.3380693991913,37.2054033250856,15.5447331868354,19.6280623983865,24.7690080180013,7.8245375729963,33.7006014408283,43.7951678097918,14.2795199327965,48.9348893820807,59.258087150178,22.2298318759853,pinky
18.9818129137647,25.3042112468387,12.9138547219491,19.0080874976044,23.3823554368344,6.07590794340267,31.5777406781779,41.8563688559284,12.2909395113979,33.4401606238394,44.6270346060251,16.2903674686574,pinky
9.28215494880276,11.6973829560177,3.72310902049557,16.458646837322,20.4048635847671,5.48645056390843,30.4883432474335,39.0609785349912,10.0968156708892,21.7075804934397,27.4560987611472,7.06460483241019,pinky
18.4327732925149,25.2651718504272,12.3097988263257,16.7241601182346,20.8959388607245,4.55003632294692,43.4783166765414,66.5299381989221,19.0655805834617,33.0886111268717,42.7875064938017,18.7795565023348,pinky
28.4389963300851,34.5897078713806,13.6525362171336,18.290369065101,21.8025647770958,5.98632188768138,49.3284290284838,71.0506029815857,26.1833343813022,46.5376216306954,57.3995491850646,19.3857703178667,pinky
19.2392551874743,26.3530161642719,12.6613499439753,16.5642850591756,19.6339642912657,5.80552179120715,36.8373940454556,46.9252018410405,13.5665543642551,38.2687068712927,48.9328506554377,19.4175933406546,pinky
9.68755457545811,11.8263222063109,4.44395740427114,14.2336012156704,17.3524051861143,3.98643702592119,35.0536480335158,46.0042011960093,10.4852727970336,23.88700442374,29.2134640943196,6.77877910965814,pinky
19.1166181727486,26.1650278868265,12.9153071806893,15.2127155547597,18.4909314753091,4.50797127790625,32.5552193425795,42.446783606502,11.6059923799052,35.3802870609179,48.6589073309001,18.0076872461209,pinky
27.8311245696376,34.5123691252266,13.1616185467424,17.8294539184845,22.4497040585851,6.96474011812743,33.318134931412,41.9991623727485,10.4640314186666,48.4147510387705,60.7467436534006,20.9246196154428,pinky
18.2984042023084,25.4624019198046,12.7794623060472,15.3028999075977,20.0939140912943,5.98190341968404,33.4923322637413,42.3842296980778,9.66765665970659,38.3758469447021,48.7908269833036,19.3141269398993,pinky
8.86231285603327,11.1646277265753,4.8652518709465,13.1615413201447,16.5598212945648,3.76681275139252,28.286273537776,34.8967522519397,7.92245534457433,26.588834813467,33.7679306413957,7.46176110567082,pinky
17.2980257641604,23.148060548426,12.1577226468774,15.9059823341186,20.4884322950801,5.94579007079243,25.9096175549271,33.1617636057741,7.86549921521769,33.6923069310963,44.5207849887131,15.0583795919306,pinky
26.9871598166136,32.7865730939608,13.3608607915679,18.119314141706,22.3995789341733,7.2780244598818,25.1716956038707,32.6045844769429,8.5091362487649,43.7829369248885,55.0079080651687,19.4670260564668,pinky
18.5982798806471,25.8869981019202,12.3472979128903,14.9444826879293,19.2401708747371,5.33058373915953,23.3325928464609,29.0934840016968,7.17703898282032,34.5077264045109,44.6436284334306,14.5633107285465,pinky
8.56961345720312,11.1806297813145,5.24522186917924,12.0333513982459,16.144061729086,3.46956472999258,24.7875675902236,31.706390020723,7.60454250884189,25.9526728899946,33.9101241564086,12.6677016382075,pinky
17.6619725238661,24.8948764884945,13.064398871651,15.5929953393651,19.8128373788539,6.33381674695119,25.5613181378595,32.5528366165623,8.30485474149866,35.4706295699721,45.2103487882105,18.2335718956599,pinky
30.1169454695866,36.0645952168761,13.2717960399436,28.5720746641609,36.1835423108108,14.6719901614182,25.131499255966,30.4468872029546,6.54206753020275,57.7564540441577,67.5966337444383,27.8703254242517,pinky
87.3699875772615,208.140677885522,35.111526454242,142.68786390163,383.347989474564,63.7953001662636,37.5857814396845,61.5075076423144,9.88432792411158,194.21687387447,524.88139134814,84.727531279361,pinky
196.630032814313,597.374871895273,78.6554795491069,366.725211317054,1114.24651776961,147.26244097524,55.5759400345728,150.832156996339,22.797350448193,464.12571675586,1304.28822752778,215.335534407624,rest
133.495687725923,560.750686694421,71.0047906670721,259.905673434549,1047.1083549351,131.952550561139,35.1668317018566,139.954256811343,17.6816552097388,321.948488286962,1195.632015348,178.090968203192,rest
11.505509599519,14.5684708582158,8.01858282495913,20.0192292314607,28.6099797064528,15.1938651684915,4.57433431123332,5.84509205728872,2.03139955462849,23.0964692068512,29.6207117798049,17.4561791352323,rest
16.1868906848442,22.4554276038493,12.3355573016132,9.03932556547319,11.3046714135702,5.26249998951636,3.07720926727557,3.99368053794834,1.19539169511434,26.1464278658165,35.8847006286186,20.1711370583202,rest
25.0153152682634,30.3753042161867,12.3672312533104,11.1652469004223,13.5882576415059,5.59697927955427,3.5655015547607,4.75484014344133,1.24566769782845,38.0827607984168,47.1490955449713,19.5162744899841,rest
15.6360245138662,21.9584551144654,11.8718900978163,7.20022598243998,10.0580930787474,5.31851319342502,4.2697858587069,5.56109551089239,1.08599079523629,23.7646540294778,33.7225572849475,17.9723151909007,rest
6.23815055492499,7.58259375954817,3.93480514315032,3.14178515681248,3.73915127346831,1.89100797582483,3.5896346977299,4.74614336651838,1.28325592746782,10.4360331394667,12.5481217941516,6.46897127903374,rest
15.7132506752082,21.9758978107248,11.9560014966284,7.35363352471101,10.2183867317165,5.50787034268052,3.48318097676723,4.3958487798352,1.12197311471885,23.7692864431878,33.9992825483791,18.0773397435784,rest
25.0782317143287,30.211364377747,12.3181249057319,11.4427547189887,13.7476938740011,5.59213030037409,3.47933593763915,4.35171388283802,1.01864392059204,37.8066545376419,46.4398781097561,18.3665895248726,rest
16.0378539768027,22.2267536569944,12.270313388693,7.37916094418139,10.0022557689734,5.53511577533618,3.01392689389976,3.81332744961129,0.901242308105133,24.145561415509,33.8617877497659,18.6823988350109,rest
7.40377249300652,8.73893260169749,5.31279534021419,3.3679566024196,4.0520907441072,2.31623458443693,2.89528392747188,3.73923321399629,0.947502980471262,10.8517885545537,13.4417925809302,7.86439827796947,rest
19.2255609034557,26.4460667319572,14.6358441645644,8.33109915491174,11.3992720478704,6.25454196406918,4.849586116736,6.57115746495521,2.7620193777018,26.4869595291282,37.5736095000548,20.4294660509598,rest
34.8594453680593,41.3159213776604,16.6296288309377,19.3652398918736,24.2082665084114,7.75169152963314,20.3410063233853,31.4018727673955,7.77250076259259,47.6719081098029,58.452263369247,23.4752345446171,pinky
36.908773393303,43.6688769639019,28.0264828042642,23.1892033650844,28.0876672497729,11.8406492396696,36.5410890459796,44.8471462161962,13.4734188866858,55.1238723494873,65.6284215777331,38.9325630948159,pinky
31.4728776686562,38.2953132107212,15.0548939896385,19.4343633828161,24.0896167089804,8.53564531008358,38.9242789627241,47.8743763569584,14.2485358522221,53.7327139185914,64.8112173018247,25.5988677441767,pinky
18.2087965379541,25.7329806673728,13.3275578566281,15.0663906971609,19.9794094919598,5.8979656178063,34.9501568261904,46.7392690600164,14.9356374827515,40.5566403494022,52.299497024025,18.4110482067098,pinky
7.99518793541045,9.91297113157178,4.12063383842725,12.2332339330934,17.0446850915286,4.82446803422489,28.3022516269114,38.4542601950655,8.66518756806845,26.2829147415694,33.900555157391,7.62256481687821,pinky
19.4566556072761,26.9597171067705,13.8750983079025,15.6047782511205,20.7482504077763,6.12074582815376,26.3074146516678,33.7324592302631,7.41182707576962,36.0161344678044,47.7088626716451,19.6660784737527,pinky
30.4955562618995,36.0699782701024,14.5453157584422,18.3766562275664,23.8850670148441,7.6343886803809,29.4460233020863,37.6573669667787,8.7581873650024,48.6578470448228,60.3263033542005,21.4448972284291,pinky
19.5068996903208,26.0959704623873,14.0209111077535,15.777017087601,20.6873835671882,6.3047725221865,33.0749546911107,40.4648934813793,13.3125222588094,35.336040055464,47.6210724972044,21.1071752117098,pinky
8.51960788989622,10.5643566554421,4.83373537693248,14.0692689513697,17.4464953311113,3.88159307268252,28.6278956059086,35.5179923170371,13.3626975286418,23.4508118310999,30.2701749002912,7.02707088981708,pinky
18.7401768493677,26.9573372432189,14.4487287411093,15.0081910757163,18.6562431116953,6.15518470036281,22.5018436968454,29.6087201611066,5.97706124481295,35.8438798699405,45.708923124904,19.5377070140082,pinky
30.1045700084141,36.7140239682701,14.4288937665097,16.935766853903,21.1987835925797,6.83313433510919,21.5920564173468,28.7989309249802,6.57610377763841,48.1779755941536,60.0485841786013,22.2990742579755,pinky
19.6860971104975,26.9360940480961,14.3087902198597,15.3503406506314,20.7841813308027,5.7349952192091,21.321628251344,28.0778192819533,6.67526519234807,39.2338601607731,52.3230481255848,20.9206054817788,pinky
8.2190290508262,10.200438429616,4.84598323248964,11.8746434579009,16.3050140896085,4.06211597047648,25.1882219856329,32.6564173389326,7.46687142464008,28.7597300322323,37.4547100335608,8.33778926264152,pinky
18.5482976022045,26.1006449663766,13.9627555145845,14.1699304320167,17.2935119399016,5.768556509535,27.0120783805875,34.1494673428523,7.72090433173768,35.7354295379075,47.3403645404007,20.4526065567,pinky
28.6692871921494,35.3262861670202,14.515524318174,16.2964116384005,20.0798815524619,6.00653885643418,23.1262917528375,30.5605145517396,6.98911376445847,45.0196059935988,59.8857113212255,19.3996534126529,pinky
18.4201760211433,26.012121294962,14.1234909164525,14.0391258770835,17.934909382136,5.47394903648423,23.243982376841,30.9587866878781,7.17017008089854,36.3652994701405,50.2181524164094,20.2538964854618,pinky
9.18563871409192,11.2303505668295,5.60505246223965,11.5074855692908,14.5654915129474,3.65996976352505,24.9068088200052,31.8314113730208,8.16616614590588,23.3448519682578,29.9733452725357,8.08244753207027,pinky
21.485906959338,29.634628509501,16.1563209514733,13.6952643756457,18.8285257290376,5.28445414939163,20.4744165067626,27.1828989841146,5.84360424581978,36.2987327041868,47.4688158161581,23.9153509503642,pinky
33.0385827249719,38.8520614922851,14.3167766431787,23.1075260706557,29.0276253999045,10.1005715444106,22.1121628429138,30.5449898496928,9.64956739920954,48.5519124469926,60.4131467334598,17.3801347357529,pinky
104.019360647862,235.81289033472,64.4407663476884,77.6883639017331,145.992354392083,51.441458548194,73.8276423732651,153.769243462643,46.4179248704584,160.068355774197,370.524724743472,77.6351068136898,pinky
389.498065431859,1199.75374262129,158.008877332811,225.768161103401,674.477306773183,89.2196423483904,239.98507911951,684.627060942163,105.533615944909,610.152628688607,1675.6343361511,270.765134871136,rest
323.165930112337,1177.20638940644,164.074334193257,172.306732455104,659.130919768105,91.9491572897525,191.663432082312,667.970677360494,97.4789338691135,508.084953166134,1635.87056343631,248.855499927412,rest
28.3876129870909,37.9895246899201,21.7907849664104,11.4239704892435,16.6483881570505,8.17362823687221,14.6080256070502,21.6012950654688,10.943374438181,47.3076048115056,65.2544411036694,34.8407151397134,rest
20.4850008511823,25.2847773736065,15.5093458498925,6.99479801699694,9.62822090983281,4.0640762529405,5.69861208646484,7.41143826696492,3.03726751217242,31.076585396984,38.0920006025299,21.8446816884065,rest
27.4945265905328,32.4259215848818,13.3715275568131,11.0681106805795,13.4970071209914,5.34639307060578,5.31340108976704,6.7936280985967,1.56836895171164,38.7251564451148,46.5074142230852,19.9260863945767,rest
17.5658187269493,24.0531602414065,11.8772362678137,7.68872596279177,10.4553686854147,5.22303665503506,4.81028548264937,6.1215466158163,2.04444306578422,25.8454036636767,34.811469060632,16.7757667730831,rest
7.12128988914998,8.82099046636866,4.31687763367422,3.32947128014007,4.09861270647971,1.94108428187781,5.13871645800565,6.76103543331261,2.57049162137768,12.8621668927996,16.8038196866344,6.37817687261022,rest
15.7131819070455,22.3079797458952,11.8124032031105,7.22611950548657,10.2741556876724,5.38267465455988,4.98332830757993,6.47439715289472,1.7445128300705,24.6728433761634,35.825096342269,16.6917532125931,rest
24.9898061037464,31.0078090529888,12.5123849603178,11.3882344058392,14.1109755518884,5.62226623649136,4.79300303971598,6.05105253422467,1.53607145792683,37.8953682272047,46.7420105665223,19.1190888298952,rest
16.2459996618219,23.244139139907,11.5060533359318,7.27811223095994,10.4323275563549,5.14548682888405,5.33486851383302,6.8758923356336,1.89605003373756,26.8511835886565,34.8404657221921,16.9304867496555,rest
5.03262391911103,6.79163886798809,2.63475220169639,2.50924767201552,3.10380862501567,1.09802338270116,5.51656617151805,7.05413927517656,1.35833998725049,11.0257338905718,14.0503504298022,3.67833229356845,rest
3.79121849962671,4.73116096042986,1.29610384838653,2.41917274735166,3.00254216896184,0.608079563684537,4.95511401104792,6.33515333134711,1.33855628788153,8.82508000155788,10.7958379574507,2.84560433220991,rest
7.06085017595786,9.09023077408859,2.91658219994083,7.82866745020628,11.3457112850128,2.91664956717248,17.5102489320635,27.6843563980519,5.8417881403734,22.5387543510121,32.2230800142615,7.96445052322463,pinky
17.8907366802788,24.1070261857772,13.0689435399382,16.3030986224764,21.1189372735483,6.42889634750019,28.5735966795404,36.8731109298136,8.77298505382559,45.4073760732823,56.7352527359918,20.9919194629032,pinky
29.5962782229705,36.2441778810816,14.2131920796003,19.4859113705804,25.022700199374,8.39377243891493,35.3367484267241,45.6808562638371,12.1138308856502,52.5239861991791,65.5279777585427,23.5058314052816,pinky
21.2373000146227,29.4959462524586,12.3345976572405,16.8466047249472,21.7001528143382,6.56704116298018,48.1376331129676,64.1455587960377,18.843224445278,40.8392047911416,53.3521374424996,19.3409139852963,pinky
8.71614407702938,10.8416505917108,5.35720919077409,14.1769542255636,17.8876179178026,4.58113640283335,48.4867763661707,65.6317416991939,19.6015616891906,27.8968578244368,34.8717736201827,10.0182841873109,pinky
17.5928739979964,24.0603181324787,12.610580165738,16.9252911432011,22.5025335902361,5.98990528854641,40.6917020715172,53.5259155990524,13.2457264425127,36.5935496099019,45.9219463208672,17.5177865261367,pinky
29.8223530243491,35.7816316411837,14.6316925906887,20.4782778823754,26.6188021335063,8.00220663674128,33.1773284028104,42.9494526457797,12.0464080869055,54.0138118987919,67.5816962615854,21.4473065183961,pinky
20.6423282010027,28.4784036249455,11.9547175282509,17.255491401973,22.6531675716486,5.56488321636352,26.1664914395083,32.2090511480442,9.38901538470113,47.1501870290315,62.2290082337725,17.6501406137477,pinky
7.94330655563339,10.1281588122722,4.83946929919185,15.3599176773362,20.4815779700433,5.51949336527183,24.6020848340873,29.8987754419953,8.46999003854967,31.2037538044767,38.7658913505853,9.18346680019891,pinky
17.0928960308599,24.2355903842113,13.0950364291337,18.5844419048746,24.1574730869071,7.17659922844626,28.3298931249972,34.5137427611128,9.62362162146171,38.0262410647989,52.2987786005514,19.9315786056086,pinky
30.1505537513629,35.9768341972704,14.6558308419015,19.8599148093301,24.6235129946123,7.72185780820127,30.8363413060714,39.9646268878279,10.7532406304081,49.9459822128406,64.0487375368447,25.1192358833648,pinky
20.832485747576,28.2936360377537,12.353581116572,16.2781258951405,20.6678037434405,6.41310860624034,28.5191654740877,37.5219534237737,8.80405091765545,41.1491445202883,51.9557302861028,21.1474800114977,pinky
8.19465865216106,9.84718111809814,4.40277180004681,12.3696532193282,16.7422994808929,3.75272879112707,23.7984991333754,29.9626526785727,7.80599794848723,28.3413727432569,36.8303973066569,8.51719888572466,pinky
17.3241564215946,23.6178850918402,12.7714052878097,13.972188268101,18.7346063693129,5.22791965404233,21.5965970530272,28.0096043459375,6.32631508919795,33.8258768133536,42.9581423332537,17.909869905065,pinky
30.557031954646,36.6562802528352,14.3970738926189,15.8398858412294,19.9856170507061,7.46786514149046,20.2398128754977,26.9851414309126,6.22837451792721,47.3243996455853,58.7869837050482,23.6883341429056,pinky
21.2373403807172,29.6018581210379,11.8980982416078,14.8049886388895,18.3660360631316,4.28381643406948,23.6546226244012,30.984544264433,6.92367206302616,36.9926369982522,50.0728091202264,16.8056966866937,pinky
7.63889903442222,9.41040771504853,4.67178367980097,12.9419859609299,16.4387818489443,4.20807260296029,27.8566248655325,36.2585094632519,8.76898962188317,27.0600263188129,33.8279126055323,8.1246738065864,pinky
15.4946308999148,21.5183950477537,11.1529635726645,17.1312135028367,21.5853657426408,9.49832659814196,31.5945841012684,43.6049125790537,11.1471863545455,40.3149594013669,49.6474599258148,21.504821262797,pinky
37.9719856167564,46.8821965212659,18.7785375912758,24.9046542611247,31.5253314672464,16.0349207431924,36.1916416704234,46.1245184199081,9.96891671433099,45.8405251282039,56.6751035080906,19.435573364226,pinky
121.226402377371,225.655761126514,77.5756339463962,131.925181630579,305.696957838869,86.2821558094769,87.8151293424497,170.827583819435,52.9392133986593,90.3711091795094,190.349666986183,37.0430996008231,pinky
346.748118806594,1040.37445793801,136.587125388072,479.589900766515,1369.4342542997,209.763904543582,271.39757684254,820.950320274199,114.158556702299,317.072207971769,872.625960516064,142.303133477323,rest
265.97289864043,1016.77787588529,141.607077906282,383.65348409841,1335.6891015002,194.497868914388,214.866658929119,803.87066203794,112.221417895121,266.455249785602,853.07453916712,128.863884515685,rest
17.1616443310169,24.9996291786753,11.6319302308662,27.9345302075106,40.1138075093453,22.1964465933776,16.2501144813387,23.3175519964922,12.2744257419682,25.4393213868264,33.3287122472991,19.2691673825798,rest
14.2283149598098,20.5867709156435,8.3520559321765,11.7631005259579,13.9530059111342,9.01734283023807,5.5501839073531,7.25340280329515,3.72835629167279,25.1605131984598,33.1095737737127,18.907513869303,rest
25.0617993914792,30.4262760484475,12.8512111452407,11.7501979820034,14.2248982101406,6.06467171976156,4.04680991211791,5.18977812501835,1.37088482266745,37.484584884602,44.8680862687943,17.8847926000988,rest
17.2268964245693,23.6867701679249,11.5148502450283,7.26398836237008,10.1930014560876,4.98899809067261,3.9616457419348,5.24346841937262,1.83343401300521,24.6327545715337,33.617362725421,16.377424096033,rest
6.78568144664774,8.27686946675368,4.27512696198421,3.0175794522789,3.75768854855419,1.83071114462207,3.86739897216131,5.05767519099635,1.55285352216217,9.85011338768721,11.7950290240256,6.22515488470946,rest
15.3828948810987,21.4857287227146,11.4097160186122,6.81907737512967,9.63387663532013,5.03582104048106,4.27939811148191,5.48063523093832,1.60210880186272,23.5769115458872,33.4489426564604,17.4086854982236,rest
24.7201056250834,29.5553725185146,11.7623052225197,11.3871681328754,13.6402301030869,5.40562948735395,4.38543317747511,5.57680053336923,1.38706441429366,42.3164221406592,52.3295488486868,20.8179049109618,rest
16.1288733550263,22.0319775490136,10.8409385902268,9.81034773851073,12.2577275877789,4.82135328594292,8.89394940758852,17.1514304998113,3.7667338821112,42.1640419744011,52.8903052103979,17.5140439801825,rest
6.58124648853372,8.6182550120362,1.93657941852369,8.58485545666777,12.1360792762244,2.58338030980044,23.1084807084001,40.2537411599005,10.8882683385601,32.9717005492323,42.6435638967868,10.6538699085596,rest
9.76768874997796,13.4557214112981,2.79761488051376,12.7749974752456,18.2945843720227,4.18082274291185,34.4839115791356,50.0095991393313,10.1672041300778,35.3994742075865,47.6352645061588,11.3581735649197,rest
11.3132713938937,14.6464123723989,4.11236719414651,14.4293653863309,19.1400155241121,4.61928479364402,33.4389804396678,43.605572048879,11.9743489845821,35.9826747580754,47.1106295352689,11.5968425275596,pinky
17.976886388672,24.6667888414608,12.582931773594,16.2910894156706,20.7129234120988,6.16508510466005,26.5024312644653,34.0228377984807,8.83101912535946,40.6270719723343,51.1654271743408,19.7827488423841,pinky
29.2865224403893,35.8762564953337,15.3997852988471,20.0436910699394,24.7503898133681,8.23470001924542,23.4591075722545,30.1452816076249,8.84207423634974,51.4150649708131,63.664221755577,21.2288737685432,pinky
20.4746971233918,28.456927350151,12.8313013671549,17.3994269033424,22.4027185707401,6.95265054512455,22.2353265747795,29.3101673987392,7.63982952862801,40.3775405291591,52.5025605247678,19.0241467421818,pinky
8.9664456997914,11.0926086619868,5.34092205993884,14.0002216817999,19.3091232428551,4.36781215114212,21.1823962571386,27.0413612141504,6.46121729483151,28.0067966647923,35.4623265586259,9.17933392449406,pinky
17.0842274938998,23.7678257679415,12.5243090406801,15.9421004513654,21.2826684126231,5.48377095621222,27.3222546285636,35.613929851727,8.65454139051953,38.544080022938,55.6614970046213,20.1280118316838,pinky
29.3166980852329,36.0892807910334,14.5763719193883,19.2359418993911,23.0502577355276,8.51568340780202,27.0823671767544,35.6367492123271,8.16734776022702,53.8059124424623,69.323954608839,26.2486944273956,pinky
20.8599957443268,29.2544890402542,12.3459673248045,17.2412628363658,20.5205648789927,5.79662687367213,23.2500848099502,30.8913395618578,10.9040724477499,46.7127450998357,57.3774014521141,18.5228840420129,pinky
8.19395171016348,10.4552197111424,4.89073704115189,12.9834814123872,16.8044546976176,3.62253913258004,25.6071569097062,36.9320869243268,11.9146947171443,33.5215504076569,43.1212701118105,13.4943776269231,pinky
17.7827846101796,24.727997676498,12.9577165358197,14.4751105432577,18.7085065255712,5.59747500692793,24.5890010846137,34.2434999955041,8.29016375289669,37.4894121786411,49.599735810126,21.2753159638888,pinky
30.4865020682641,36.503732274282,15.3199441850753,17.2633283608832,21.6945116744309,6.31955062346384,22.1079467449413,27.6959124093605,7.0330775342625,52.9985029178169,64.8205231827578,25.8716888079765,pinky
20.7476055593476,28.7532905478811,12.3777019708225,15.0336987729808,19.6246798932329,5.08441315489265,19.9881192253292,24.7650016476576,6.47873559993937,45.8315405190887,57.3195670099792,20.7724040808341,pinky
9.17193943632419,11.661200983333,4.73794340117166,12.8324480601283,17.2079229303173,4.23831646975276,19.8503084459178,25.0491446577297,5.77042556820825,28.8361390390486,37.6317760452236,9.43138440186502,pinky
19.2921782815519,26.1785872098204,14.0710136391233,14.9063907286758,20.0976089575864,7.38820847131133,25.6256934280099,32.8856724442331,7.75774536736821,39.1993467543826,51.8642588846139,18.6811699480996,pinky
30.8946665697198,38.1483138233609,14.7725095462097,17.6530534014478,22.8322993900574,7.7278388825037,25.7896886375976,32.6913560694514,8.51477190174514,50.4993153653664,63.8590800323603,20.1890094633565,pinky
21.3866719635112,30.330547615865,12.9278566703275,17.1805451328397,21.7984762976838,6.39922672773036,24.7801826907855,31.9995007060185,8.27524982467145,43.3797341706628,55.765671322172,20.7903193244177,pinky
9.02350150628721,10.9868383021378,5.28196026968331,14.0666010500811,18.0083039319017,4.71534139875074,26.6129600874137,33.0631712422747,8.11903300352457,32.0476614074771,39.8399447978067,10.4209084223653,pinky
19.3785936830431,27.3711043434171,14.0634657416207,18.5029829681801,23.6287757663304,10.0360289216036,24.2473417949785,28.9692949086153,8.05130806266221,33.82257314375,41.9514077943104,13.77300395126,pinky
31.4214558435624,38.6048551589052,14.7702783831147,28.4065006704018,35.9282487218113,18.1142429958456,33.0249864245634,41.9878957975112,17.132293916958,54.8049526908733,67.5325873309876,22.2420848265491,pinky
43.9650120431087,72.5560529017214,21.562534239208,139.994706607029,319.001591020709,89.4421238967592,129.987986739803,260.692394425939,93.704003417176,91.2511799771356,134.671329139686,50.684431582276,pinky
97.3104949368665,294.746007197169,40.769019656705,496.374353154593,1404.64879698018,220.114920593313,556.20863161805,1563.21868855203,258.048519990811,203.546740064636,589.396406214487,81.5603085120691,rest
73.9916809899441,287.162347811033,40.3987686613801,394.533087579922,1368.86684952269,202.013438555147,468.558700925417,1542.19255362543,249.708835248233,172.171381870766,578.745817646353,84.0487968358526,rest
7.34724625014228,9.25749236660833,2.65048231408754,25.9920140283165,41.4493982492237,20.5168051905583,26.4478393012299,37.4218808461213,19.3456375373386,35.4295712625928,52.1914052987411,15.7854711654011,rest
15.0939808732119,21.8692496126395,10.7393262401762,8.23119115377624,11.0736369931223,3.82979908765195,7.18695482553909,10.3634973380703,4.41921962493045,28.2630159101149,37.6926921122143,19.1926604248551,rest
25.9795730201076,31.5183648555703,12.8177766307314,10.567195929605,13.3299306931197,5.17144853115516,4.01545968183871,4.94438019452499,1.37770002094966,38.0493206492953,46.9270041605929,18.8840202709607,rest
17.3673269292585,24.0389936079554,12.092302675259,8.07535672130132,10.8195712722886,5.64865287629211,3.93485892835046,4.89062103184996,1.13821092711273,26.0141011351088,36.3804689899665,16.6811078854122,rest
6.51603194888771,8.01077480796702,4.56907289096494,3.33091085756339,4.15214206944866,2.15743867964338,3.23086456303322,4.17737788592321,1.03560807619048,10.7846940204291,13.3166750754609,5.88209232430818,rest
15.2984997108777,22.0518148789189,11.967569415573,6.89303017123703,9.85039403923437,5.15784376573871,4.04770006302283,5.35044264191546,1.58574413519109,23.3516342597793,32.7975807086245,17.1773133004077,rest
25.1961396380262,30.928576602369,12.5061020610642,11.5582516850039,13.9085096705098,5.63325491689985,4.40763448801513,5.66169741081931,1.59240484592846,36.9464178575378,44.4817909652167,18.4019909501093,rest
16.5705057565895,23.1212543580523,12.2805269533832,7.49943502652276,10.4601299284116,5.3832925559554,3.70044075971043,4.82551495810138,1.03405745627477,24.0876392338402,32.6017091019538,17.5738527291911,rest
7.85026302694658,9.50883801356254,5.83665470819344,3.33362773127941,4.17328619204971,2.38988279947729,3.09699485093011,4.26068981931575,1.0500552835168,11.9969013783044,14.5130639086016,8.49155010055587,rest
18.9551649077139,26.4123319626657,14.7184201611726,8.46821042671569,11.6320197873507,6.49335094483156,3.25145947390106,4.40586882058757,1.05728035797892,28.238910013918,40.6414707448507,21.9836701790259,rest
32.9411101310247,39.448339451301,16.5623733043636,16.2498846803141,20.0517878398269,6.88376466257557,22.1171514699018,37.2378981027942,8.79246097342648,53.0455018206454,67.8222377935136,24.2773154727968,pinky
36.8130926542784,43.3181571391171,28.4731318041343,20.0493753323438,24.892074287819,12.8758772203023,37.623914833269,53.7658031777261,13.3348511440755,62.9032076418365,77.5224244614563,42.4137320579488,pinky
33.8092837982431,40.7241906913661,16.238101805519,19.0869114792884,24.3135661691934,9.72501510666019,30.5169954066171,45.3126168580965,11.2708695398721,58.8036678441437,70.6895943257775,26.7498986382625,pinky
19.3798782276331,27.3362253145585,13.1874219681934,15.4254901651635,20.1169390314396,6.20173900070395,30.1184739059211,38.2118598870952,10.4449026584577,44.2677890151327,54.6898524114513,19.8251497575133,pinky
8.08144154957228,9.88552751466531,4.72432885143372,14.3199242409869,18.4644725283468,4.57562788386265,31.3055439116757,40.861979652195,9.59235088985868,31.0398592985138,39.3643588374408,9.42732147521523,pinky
18.9905238569233,26.1590694134987,13.7173895557459,16.8952325258668,21.844907772714,5.28493507424571,28.6194742724403,35.9695973642356,8.53268505171487,35.3194046417656,44.5382414071313,19.026176233032,pinky
31.3648367584681,37.3881879760316,15.1045508588027,18.582452687499,23.5977225047841,5.68956652428651,28.064633657508,34.7425670466309,8.35983757147734,48.5402734769956,60.2356620420699,20.5287191488995,pinky
20.9588864247445,28.7252501493272,13.0189760030108,16.5907956551701,20.8392294165768,5.73491803549105,32.2188788674358,41.2962766131245,10.7428478351222,38.497375748253,51.4246048632125,19.5572964262169,pinky
9.14304113612955,11.176999536365,5.65618521540928,15.5756372398862,20.5485351960941,5.16937632218451,34.7541427505993,42.942313230859,11.2351006803411,23.965839343481,29.0241415922335,7.49268891514573,pinky
19.4004304061371,27.0025159111991,14.4791245267947,16.9808604596831,22.4765964663138,6.27084307746487,33.8435455208374,42.4444724166715,11.8820630711821,36.6138310423046,46.2577328581906,18.9299184428011,pinky
30.5946137497475,37.2034485716738,14.6470200380096,17.098572402411,21.9567751580419,5.27991383377199,36.7875311761087,48.5538291340816,13.0714441164908,48.4850563505036,60.1055639664069,23.5272257683311,pinky
20.0878080912174,27.9188622418094,13.8151618200425,16.5055811482477,21.4926881444274,5.3365192575407,35.9938747555626,49.3027883570455,11.1870276476356,37.7530969233866,49.8576154300188,20.2687996301071,pinky
8.80263785006479,10.9691689416573,5.27166746355652,14.8175488109825,19.6633098257014,3.69723478664753,32.5199981157319,43.1541774384868,11.103837179567,28.0629335615502,34.7101935203536,10.9106357285683,pinky
19.031875052884,27.2630711200897,14.5463192240819,14.5132564357916,17.9823173328566,5.1271283509461,30.022066324648,37.6465289785455,8.93541418817777,38.9063731651635,49.7494347066051,21.3556013952014,pinky
30.3386854390188,37.6910837011743,15.4938582090626,18.0246232465858,22.3476819678615,5.75367096476486,26.3179957880454,32.7274026484964,6.81730013219523,46.8683087219863,59.5291903667064,23.5500387901215,pinky
19.704149903443,27.8867566491983,14.1089529721685,16.9827956491122,22.1545654578952,5.18499924466636,23.5033239326689,29.3356841869321,7.16992629679688,35.4640161121409,46.9328304945648,19.2923897487889,pinky
8.7598926991766,10.6927554851012,5.3361945780605,13.8202334586669,18.1441623974488,3.74422950991056,25.0056633012851,32.1549625536223,7.4428201671711,24.0280666062417,30.4675353283513,7.89625711591306,pinky
19.5208793894042,26.8174547993093,14.447663004251,15.6752382425071,20.4239293545118,5.75011837514375,27.9162784631424,35.0407576309515,9.67257135024606,32.1716202669273,43.4192815112825,17.2567000243031,pinky
30.6503270091735,37.4772747396933,15.6019573845255,20.5245890103789,25.383977331567,9.20074064771091,36.7478863886733,46.3146683217325,19.0226088380114,58.327139425128,70.4893141633086,29.5484131936975,pinky
29.1170617811429,57.2663690368168,12.0309861632156,49.5368459771709,105.458018784012,21.0932826072775,193.026988015725,460.357857977093,95.7256696639053,152.262206658062,332.238906913139,62.2754748542421,pinky
48.781517811806,147.772552702592,20.3646543887175,100.009838476456,295.097835759773,39.6169922014404,522.73671418397,1449.63106135567,228.247731076371,333.810767128551,964.866192779183,143.24141936798,rest
39.2915559034724,139.101808381787,17.9135818434248,65.9950443849919,276.404099959452,35.0020133643137,374.035852460877,1375.67289085758,201.013518957961,234.980565051597,908.281190252443,122.858594691972,rest
7.4188348818613,8.7406272214292,4.77050768381566,4.80679831654514,6.82605756899802,2.91913584823981,27.2416912621118,39.1156259165355,21.1065255204914,23.6218860906683,31.9101287857806,16.7831478079853,rest
15.6750696505033,22.3347176523164,12.0887422931258,6.53689452786936,9.74525717050799,4.74775588078927,7.7824599916854,10.291419123446,4.63037045512933,26.6302280967152,34.992725269697,19.4253402926566,rest
24.2659095187136,30.1941261915942,11.9794288787582,10.8358686975678,13.4741573596581,5.26371002952443,4.43263602729334,5.67677645199456,1.12950398524576,37.4379235271226,45.8130796724264,18.5516539952468,rest
15.5888505609222,22.0009643284156,12.050293881833,7.10677082402027,9.95268836464434,5.4181147706458,4.14346055345834,5.25962269857268,1.31624060930124,22.6008949723963,32.8357106499289,17.5855513357576,rest
6.56522427639233,7.97962742736707,4.44434812126684,3.1289487212419,3.83096234786657,2.07852714748048,4.02228083354304,5.39865044195705,1.21045821708672,9.21592861325262,11.0727985319217,6.02238971360814,rest
15.7384501156378,22.2708208458865,11.9813672060065,7.24458501596833,10.0846513461846,5.49071007029939,3.82781957050674,5.1868387099929,1.28372074359722,23.7687596965187,32.685867381212,18.0070832117837,rest
24.9576478692172,30.6411970892782,12.5975197114296,11.450158659461,13.9409639461599,5.84713080655634,4.19507992958794,5.41363658440138,1.5182843102177,37.3973771517064,45.0496211014958,18.5782525196303,rest
16.0391713815299,22.5649898014745,12.3759743155507,7.29273420212053,10.3193674053561,5.67768277550959,3.80610416686585,4.95400416908661,1.14943710135002,23.3873088720214,33.0828605240035,18.1301366168583,rest
7.7371180264435,9.17661951057208,5.43682570811073,3.52178854941252,4.19213424438626,2.4599783875278,3.26535017160506,4.25935330889474,1.10335376035182,10.2520417818294,12.1530942751299,7.55861705231926,rest
20.0618136809138,28.5647693854693,15.6231584209179,9.80571203146151,13.9880934612351,7.50977830572288,3.6747669521663,4.60128587814906,1.10125847669601,29.2342576259769,41.1101657390514,22.644666745866,rest
34.5754393380328,41.7354851641663,17.0810927651321,20.254780098423,26.0311956003749,8.4609480151968,15.3181735015949,23.6783593737264,5.57690934340595,55.2466676198667,65.9187901233363,24.8195297794839,pinky
34.4216900322811,40.7557302300522,25.5678182289292,25.4336279211893,32.4836982717674,12.2118808196515,27.6776063351548,35.95368183053,7.12465428533439,55.9726528627528,69.1799274721223,37.9816342815108,pinky
31.8624429916564,38.1469000415695,15.6761066067615,24.3981066105862,31.1417421061705,7.28667780733249,28.9696303650123,37.9757565095593,7.82725029134817,52.8896031954939,68.055174243333,24.1148257176075,pinky
20.4670135095424,28.7704830426993,11.4280138837511,16.9972242414771,23.2374476453922,6.36358738087514,27.5060906497205,34.8512144139892,8.27968531468181,41.4796845119482,56.4579954635235,19.0901385048662,pinky
8.97880503574015,11.3234795627436,4.9798816457943,13.9963705647234,19.358913280806,4.92661402616383,26.5064601321976,33.2511081083875,8.31334875779066,24.8835572747167,33.6471778434654,8.41219825120296,pinky
18.0160638123199,24.9400788644464,12.9075367102887,17.8993513007043,22.8008443268468,6.15142547124902,25.8327517436872,32.2542716897741,6.64075305169925,34.0403673829492,46.8170973772359,17.6609342287312,pinky
28.812595410219,35.202407794154,14.284978383694,18.5075831335232,22.7059727831857,7.50367904150894,24.6525529580402,29.8504814853088,7.11939301815147,45.4113268688562,55.0620818111176,20.3621852947097,pinky
19.4004009571807,27.0934380884881,12.2660303623068,14.9564166342441,19.1708007476177,5.43225867751291,24.8405501227733,30.747854513665,10.2627076993436,39.5033936525245,47.2432559040601,19.2423023312912,pinky
8.56525162772635,10.6460202343849,4.94258938887937,14.0040729515579,18.1043479781427,4.75847129148449,28.2906663013977,40.2471429378023,9.88803310879315,28.8822358553572,36.9826158424857,7.67116798458439,pinky
17.2942611513684,22.9307767287198,12.0336204504609,16.9283878521614,20.7590093919748,5.81815428470774,29.3810583673537,41.5475828836274,12.8234524640435,36.0227505303347,47.3850315646904,17.9106039445705,pinky
29.3774927512955,35.4524477400297,14.1785671296566,18.5262118595243,22.5887887534803,8.42719049133328,24.857705374389,34.774205074426,8.15250147902153,49.4737056217021,62.1370234062673,22.8421208816245,pinky
21.4717220416939,29.3527768144311,11.8533265079457,16.7716767792927,21.8440715091574,6.02331239580074,22.2853909972193,31.8116447247761,7.54233876367354,38.8952559455036,51.2184795964641,19.5118914465946,pinky
8.29149685058257,10.0886727284844,4.93181294112154,12.2190206784765,17.7345869229746,5.71646005191207,20.0479243491937,26.286603699747,6.27947816315421,24.5624430946912,30.2545354392029,7.87072327044376,pinky
17.0448239657986,23.7688548586211,12.2420466623855,15.0919751205778,19.9650758473272,5.83898309788868,23.5615980874215,31.5380202979196,7.68987251635063,32.0755571718277,39.6312262610805,17.7199594635421,pinky
30.7952777479906,36.9694038257489,14.1526864778499,19.7652184944435,24.1196580722286,6.70621412130162,26.8707547675222,33.6694202565621,9.76356194063915,45.5281957940181,56.2783654250056,22.2240732198202,pinky
21.9563919845135,30.038431084039,12.3394501419664,16.5218572470542,21.9224851491991,5.87692261874665,29.7173259487558,38.5603636289514,12.5172187519078,36.0229564138518,49.5105008478892,16.7573502491061,pinky
8.34095712335743,10.1010515520802,4.22033534206639,12.8459814771612,17.8076525611671,4.29842066171346,27.7823533572959,37.7232362369151,9.34101873168627,24.844153191462,32.4726852286802,7.96161717803512,pinky
16.3250260592012,22.5999057339821,12.11165493681,15.0584504504997,20.5874924108885,6.67018285096042,23.2489842349387,29.3611796409709,7.48843019182561,33.5165726665305,43.2383625031843,17.7296620526488,pinky
30.4733724242573,36.7808147339972,16.172072117314,33.0240696799789,44.1856230229733,20.0683738728121,32.3246064912544,41.430393018315,9.38573350189607,56.9871434258204,72.3354152149562,26.0664991578929,pinky
32.843891985989,43.6974682455745,17.5473066891965,177.070468044781,374.845702257502,116.543233485801,49.9472977018155,76.0743184254698,16.0767876066268,126.612009227676,221.864484317266,78.9409971023869,pinky
62.1761661781405,147.194514722701,22.8340490091827,582.228670556851,1591.84627596111,254.350895879027,103.423661747837,295.947405229313,43.3319080140937,334.971631555718,949.321348411265,138.995729987932,rest
53.4711900178038,144.050986346463,20.5949105891445,453.893375406448,1548.20417832872,230.77457986372,78.1265974200983,288.238523177718,40.0783057122423,262.710987237404,925.637821499124,131.59603294328,rest
10.2458991949649,12.3917842054815,7.61436078040573,29.030996294065,43.2175069570432,22.6719750578543,7.02356121509352,9.48059397864906,4.93757213999433,23.6591148107072,30.974392798603,18.1382092913855,rest
16.0450962862188,22.5019607266032,12.3754997580439,8.78066295693848,11.5361081252776,4.35837761202557,4.35300945226956,5.3830310317351,2.01840461943474,24.9051931242166,32.4434809734337,18.9134336717396,rest
25.099150788568,31.1417314217854,12.6867347125572,10.492466885004,13.4319005994454,5.26276004668984,4.48912051924247,5.85737111663008,1.54760032353129,37.9266251151783,45.1430003519415,18.6827795101009,rest
16.6483877440579,23.3084313541402,11.2136086070789,7.70795131302607,10.7787764588543,5.33315789324407,3.85041137538525,5.21627018527236,1.30923488939904,24.112649081319,34.066789486337,16.4177914265024,rest
6.85057868052524,8.30412981886331,4.40425787049007,3.16504097211968,3.94523568139472,1.87327059769635,3.23779934802502,4.26662614422169,1.25517544180462,8.72057910523823,10.3306647594063,5.84618653037381,rest
15.6065772501707,22.3006670683532,11.7191765359985,7.11259850796624,10.1879968436124,5.28842891568079,3.45088017562226,4.56602350733905,0.980842680645082,22.2375219979529,30.7997522165875,16.9322584316684,rest
25.2781826933489,30.8788732460569,12.2240732333978,11.3838964626217,13.9628327832422,5.77002124756619,3.61811817595986,4.74700999106888,1.27589164458407,36.5287019201685,43.4034994139244,17.5816282892974,rest
16.2246243302864,22.7950792361587,11.7026658708858,7.43949147628528,10.2761455478973,5.41935131806312,3.12443955004127,3.98974099711052,0.790208858852249,23.6415254141249,32.5057317351408,17.2769482456487,rest
6.64136425343534,8.02743437474007,4.54703881939075,3.17997655791796,3.79540820885396,2.1020271326845,3.28902686721565,4.30334807212438,1.09040082794214,8.84525158385651,10.6190905687368,6.71414323655695,rest
12.6831434934968,17.6043213254252,9.77066216212356,6.16291429147889,8.61501730744336,4.74854121511758,3.49112447598428,4.77030616235999,1.33810714420774,19.8401306350614,28.3059779647282,15.399571939861,rest
22.7057776023666,27.4570676852519,11.2884863361677,12.2070202577627,16.2813130137536,5.47162100452663,8.09540879645135,12.4091979491419,3.19882375474747,43.0918187963107,56.1308308356726,19.9830650131428,pinky
30.5247660059614,35.9472367293062,22.98454708664,18.0634429329863,23.1988568890557,10.898114296169,12.0975395344228,16.327081920079,3.70044328739889,56.7945539149352,71.0280495007331,35.2100230710383,pinky
30.9915757351938,37.4806753355497,15.3507205253264,19.5519046451288,24.6830275498131,7.37112615766349,10.9500790889498,14.500143737698,4.10266701696261,53.8916349850943,66.7168886064331,23.2767805492984,pinky
17.5786642119021,25.1962647433759,13.3413749433104,14.0123847070199,19.0760025827525,5.73065954658773,10.5490808326998,13.4224806216113,3.02661149476713,39.2559444109373,50.2167147878388,20.7058715104077,pinky
8.8755473595671,11.4845590797114,4.85580353909832,11.0343496389414,15.6271423543702,4.58193957919425,10.6105453655656,13.6620482588445,3.04755957940133,30.7355166286128,40.0419116619313,8.692768243111,pinky
20.3826700718721,27.6002568155404,13.9985798678723,16.6941121444863,22.7966346164628,7.2555443940226,14.2258247218914,18.6483535266506,6.33581574438453,48.5788128478443,64.7587345094854,19.0167381931858,pinky
29.9089803313884,36.4413880174391,15.4010502295065,22.5756570438459,30.2019783507887,9.64794663812993,26.7808441168364,41.113681219289,12.0172620150463,60.5449794760517,75.8798493174401,28.2876930884835,pinky
18.5823260211544,26.4653760311528,13.1565071979823,21.3229013570018,29.3825390705699,7.42043324660895,44.300299041687,68.6328996676752,20.5020084166374,61.4212146532082,76.9883003290036,26.3111078927429,pinky
10.6916781680408,13.8744984261599,4.5810807274664,20.4098011970825,27.4310289047353,6.97953767788134,100.261428213369,167.86714317448,42.8205093453008,69.9493080187075,88.5655986615035,20.3260196780267,pinky
23.3228248859075,30.7403911981916,14.0023427333695,21.3689620724161,26.9126703314042,7.14114639386414,118.43918566049,179.396719570731,43.2409892957415,73.342168112685,92.7078135633218,23.8941759628782,pinky
31.5525002903885,38.4227494886444,15.9376234447399,19.5209153992559,23.4494578821252,6.81563816525428,72.0496199545835,99.4472751980755,31.0100105394092,79.394718651251,98.0215302079821,26.6500946422891,pinky
19.2473769601174,27.3368916152351,13.8812034933388,16.5460057625478,21.0225634000802,4.4729194260253,68.518395980648,91.3296137768395,24.0227657197685,79.7647752971207,95.4192409560246,28.3722216841092,pinky
8.56012193974828,11.3298183886086,4.13846553670986,16.0271681607815,19.9204197999444,5.25437026176918,67.0724587611705,89.9268256421273,25.0945140965438,61.0061878141161,75.004575421543,26.1299780841503,pinky
20.4438038324576,28.4401315919431,13.6185335779441,18.5925848815281,22.8368178183392,6.98550369528334,50.9391042927458,66.3231012999598,16.4010506158243,64.9758181724884,85.6153292135598,21.5067868423325,pinky
31.5379859997341,38.4152144295251,14.5609283273127,19.250451770562,24.0846394333512,6.39737386270065,44.7994815337374,56.6830310870186,15.7820066224707,74.4106193424032,92.6651409090638,26.8953950542115,pinky
19.9199450500489,28.1131966924607,13.5532536708203,15.9411585186091,20.6086492698858,5.13538274150865,45.9299756289023,57.3542013746332,13.0406584557566,57.720748311001,71.2969539899595,25.0908597765991,pinky
9.45954307762402,12.0205594185592,3.74475112919762,13.8749692547977,17.5502311384616,4.01092417979025,48.8415107772905,64.3223512557858,17.3488181427159,50.0627482703241,66.2655544857388,15.53093524616,pinky
18.5608810544866,25.3499933498838,10.6203203183444,18.6377153264713,23.5165909790004,9.29066823973521,42.6387468390234,58.5636044181195,13.0891627443865,56.0301230534347,71.6274608292912,17.8243486509361,pinky
42.1375131245435,50.9056005041703,20.775378246804,29.7873530310103,37.0994857811559,17.5300680707793,35.5828637614628,47.1352649572844,11.8689293608625,65.5987006161755,77.6034594749472,28.853469706574,pinky
134.826572616988,255.254160551114,93.5610025119247,155.084618756825,341.885246684982,98.2670905769354,60.3705475359275,114.093974156518,32.7784115936488,93.0840004913844,132.218809961482,56.9286041741506,pinky
399.12441911958,1202.38946653444,157.125227052051,538.995107873328,1490.82263884532,236.558413685924,173.221931583582,524.148556623549,72.8512553855351,225.651303396087,627.192738714429,99.7891015238198,rest
311.08073947645,1176.25412439062,162.788145565796,426.450247541391,1452.02769749529,214.815661834127,137.396120778476,512.600373338483,72.176419321482,175.965586353521,615.996914665767,95.4793653001246,rest
23.8214982518657,32.2847831268171,17.8036679993833,28.453060912833,42.4368133910883,22.198883012789,11.5737632033352,16.219507955896,7.61254305921614,11.6007920526552,15.5708809890617,5.86234165736448,rest
16.0552251652038,19.944666662793,11.1560668157331,8.71647117196687,10.9944724172172,4.3005145298491,5.81004216074177,7.96771960337951,2.11210866004575,15.9357348216265,22.6688511818794,11.1313722010202,rest
21.070727368231,25.3803958216773,10.0988510913402,9.98734742780872,12.3289052905842,4.78158078917024,5.53607047170012,7.26948761819854,2.16272638961837,26.9226105530365,32.3754098463922,13.7407271458187,rest
13.8526696031776,19.0105130720685,9.532436876807,7.24615759361819,9.94885722325331,5.01594676784606,5.77865513742913,8.05291570337645,1.84407777017063,17.3713395916416,24.4789598177192,12.1894226314923,rest
6.31065274570684,7.95672628502544,3.39188964253783,2.95827022583914,3.73345928088608,1.69563547876759,5.78821992152654,8.01330534121928,1.67378947895475,7.1184030225968,8.69928356932662,4.11309903105242,rest
12.9168692569767,17.7906351439402,8.96530110162746,6.15234084632177,8.79357757839501,4.52853293369597,5.92527813040841,8.20265229285639,1.88188388006525,16.7353998637371,23.7143038746476,12.4250299100413,rest
21.5771691406462,25.7773627738179,10.6904188383815,10.3991315478183,12.5853718647072,4.9834625993607,7.61453555083761,10.7112952110671,3.36243129290924,26.9746917600404,33.3173130028581,13.2525404536012,rest
14.8342557617156,20.269055676116,9.7409277071145,7.25843614039573,9.77054681415666,4.84424810703235,6.67815743562211,9.27395641462032,2.20404514178334,18.3034887534132,25.2579174533508,12.9242292739588,rest
6.64626905850839,8.68201795530446,4.41748461844585,3.20003184557471,3.93572836605074,2.22668505600099,5.44911643683331,6.91858402235005,1.69196093844363,8.35282637449322,9.79745159808115,5.92711371021051,rest
15.2612315018478,21.4862294499526,11.5944117668715,7.25567954179207,10.5757317028037,5.4809313676117,8.99231878908239,14.4690271624911,2.8139106782211,21.3151759734872,30.6392284033793,16.7464862591274,rest
46.2346288404374,69.0717830973024,17.839572840695,46.7960714067358,73.3306860517095,16.8991714966921,56.5355992055838,94.1362314149595,23.1239419467845,48.3636940796035,62.3460392221941,19.3006797529964,hand_close
65.4526274032793,85.0058588840491,23.2423045046261,91.3063174827892,124.05966832042,28.3931092207954,95.2306939138362,121.651963667561,31.6372157433112,57.3085352602577,71.4020008306526,30.2112868575206,hand_close
52.6399127831863,65.8065011737016,17.5490044101739,83.4886519864573,116.626928346902,33.6209230498372,74.7605788663322,95.6626027375525,23.7185995118621,50.6376857987111,63.7201855102161,19.1195912037937,hand_close
47.5537110187605,58.5853902563439,15.2039044744971,54.2870595960329,70.8342485678214,20.1519179097693,62.4798704748088,81.3534346004434,20.7403288575279,43.6305528051015,54.8733153463386,18.9127390841224,hand_close
46.2503974682655,55.7793813566239,14.9928653533873,55.8638368706988,72.3555208920172,18.3987704715623,61.3359365469673,80.2279206367346,22.6833768965582,36.554454304325,44.3876727590123,11.3132200446593,hand_close
44.3970959721659,54.1832860520586,12.8801321156758,75.3927001584565,95.9229007881264,24.5989858819735,52.8935683912859,70.5839565185789,17.2296892554085,43.8125088379386,53.0713730054167,13.4765645923815,hand_close
49.7317993840253,60.9987953329304,15.4821603454864,84.7074535455466,109.594983212695,34.1243096627204,46.7327517359954,61.6031901607904,12.1757972292997,51.6550718969578,62.6052186632617,14.1484362380245,hand_close
45.6439315826529,55.6834611056023,12.4051185087774,83.4198903287881,106.39009738467,29.5138147419149,53.1072298103832,67.8356025839399,16.248989754172,42.5227513610658,53.5314622521768,15.3774835431192,hand_close
42.1248885463072,52.8040089335665,12.1421915037285,68.7079749372706,87.1994685053892,20.9320339995932,63.4516542802133,79.1788701037549,15.824642504603,34.5827601483454,43.8335857108728,10.5738967284535,hand_close
43.9095753825234,55.633311867939,12.6378028655391,61.735895062951,74.2192472991506,21.31076458757,56.3757958672519,70.348667707464,17.1376122074928,39.1894738360118,50.8915924673451,14.3870589736059,hand_close
42.8482733506567,55.1329401253757,13.4951031737508,70.0340991473885,83.363058478369,19.7393487033656,55.399666439555,70.3556500380394,15.8107789438271,45.6701295063261,55.6142337424927,15.6178842206693,hand_close
39.2225877899522,50.9107119754651,13.0720377186218,68.700926279696,85.8209742520832,19.1684495013915,59.7032843429623,74.749757938838,18.6126756320935,39.6267236552586,49.1684895746072,12.33218943208,hand_close
37.7850209349358,47.2022641980908,12.6249068582332,68.6530507722012,87.4597761706411,21.1330559667654,54.7188657309388,66.4991382726503,13.7646261191313,33.7015197602801,43.4931087110572,10.7102118218126,hand_close
45.0358538175226,57.7876891581615,15.6550799468402,75.3513632198287,94.0949820470038,27.9491851523956,55.1943315569041,71.2503960247076,17.8215112677327,41.3243468955658,52.136627410078,13.0079286979361,hand_close
47.4011565192702,59.9803505137094,13.8761636098289,71.2816305333639,89.5922591612663,25.0923124132808,51.8028128671397,68.7011760831629,14.6416797704457,42.6710716069738,54.4374821878217,14.9381549887863,hand_close
40.8346645765135,50.5398997561699,15.1156308455384,73.9335204784739,90.6055445790536,27.6850103131675,47.7857137199026,62.5353407228847,14.7411525810274,35.648620090433,46.0798180781172,11.5158941316684,hand_close
41.8063156826858,51.9101867586682,15.1567746516395,71.7142028669413,85.8124815872834,18.5989136719813,47.9820672303925,61.2888613017429,13.8273939852703,33.6519251973549,40.7686940535824,11.2130139694499,hand_close
40.9655373860737,51.461607915196,11.8954375550472,71.0502918179098,90.9428807787342,25.0625742109562,50.4778621923519,61.8539943143458,19.4705569195667,40.1757144518659,49.4211098516134,17.8007348446327,hand_close
39.7349516635259,49.0388626289645,11.6044548111754,76.9962688485225,100.052207740677,24.0472552322537,58.1439178027922,73.9898845447918,17.7588636706511,40.2315640211425,50.1545101577593,15.397607859924,hand_close
88.962567359482,183.534217421325,41.4935766455453,142.003707940931,233.220378106564,73.8919811788982,137.514002394371,272.156545369752,81.8540901065922,81.2743478948446,177.988331746112,34.7551800133053,hand_close
295.002523211852,894.300804141464,124.306008193393,424.037999140163,1215.84902649977,189.98024237679,411.560831309384,1227.0786832677,174.848221733876,300.486995668876,911.030949590573,123.046564661446,rest
244.018722547812,876.459461026871,122.413603491058,336.049297193973,1195.53852875809,180.7124121303,324.982622550208,1198.37156157733,165.130810489915,255.202658940018,894.566749510939,124.106583151477,rest
22.3912176345775,29.6060952348648,16.3051584546413,19.6430438869731,29.2733714249388,14.9996667003675,24.8533442392999,35.2226510051094,18.2040950083652,25.0133813606385,33.9196899424083,18.4415276795576,rest
15.5604680289774,20.2299036032515,10.3426487597737,6.89986728038416,9.16476986688136,2.96081534706881,8.43677744362263,11.7494795371298,4.04677179446923,20.0250849971296,25.797191369667,14.1893039420495,rest
19.8967138195159,24.3312277312132,9.14865600153207,9.33803714741485,11.5711734579104,4.867432822668,6.64830678379651,9.0188705242174,2.27759299340106,27.0441764655326,32.8902737934379,13.167027248017,rest
13.6130844815738,18.4376197128942,8.52492702612984,6.57858888045918,9.19400059377362,4.43537259064834,6.12166168756777,8.24811583764173,1.99612169277919,17.4242830671316,24.1747586279192,12.1179690391384,rest
6.11153734520127,7.68987636938678,2.4909995502671,2.56525156046003,3.25781786258063,1.27805763596352,5.09479930828322,6.63469387304923,1.82204729573561,7.5921081495787,9.57792042975848,4.43298017805801,rest
12.6986412432909,17.7999369820071,9.18068989154167,6.00672718704605,8.46193521316086,4.33934359767583,4.09979871550076,5.46498859098091,1.57941885113675,17.0056562457103,24.2349068010513,12.8846605128469,rest
20.7389652673884,24.8992891908289,9.98526867967196,9.89399479765403,11.9969516377798,4.71640948674852,2.55195742908269,3.39905282451456,0.959498768400118,28.3404993486949,34.3198464157943,14.196542325684,rest
13.6681297090248,18.7318204119101,9.45883684560895,6.69344039964391,9.15738273461184,4.48514521524976,1.99261532501806,2.50110360372023,0.721314270984998,18.5942885319704,25.7172038308924,13.3141561267444,rest
5.99729062252637,7.06082795153431,4.5433925693856,3.18704917771767,3.87636435036238,2.27977075580797,2.55613172905285,3.35316592899824,1.23956917651419,8.1830304949037,9.61555754834803,6.37849434016176,rest
16.0597718099189,23.2705326940101,12.286252827589,8.6251909471879,12.8628978081694,6.75465745509422,9.16068719142232,13.5521195325145,6.90389121341081,22.6630713832612,32.304825510938,17.6312046822962,rest
50.2368685309036,69.4123339178157,14.911309880036,90.783077150476,142.964809977254,45.8874743988591,102.244848139246,171.615655643848,44.9722591720276,54.2684459159188,72.5800538100486,27.8126765890703,hand_close
69.5751534568841,86.5080966475694,22.3357268257977,127.90909706514,161.33183960834,44.2434963726624,187.040531529285,237.142211359845,56.8968840973575,69.1841239992064,85.2962143196505,29.4470748976644,hand_close
59.908387315598,76.7740062545909,20.2656819742552,87.663330107657,105.823178168677,25.2155285338604,143.386251314647,186.392189243022,50.3480139885437,59.4314360152083,72.4849993643947,19.7710255896022,hand_close
52.1820287966155,68.7749878376254,17.6677210285262,77.1523565257172,94.5256456303104,24.6805359226001,121.408068890099,156.58282662951,41.4711012688574,49.1716028791885,62.0640658283747,14.0388543015347,hand_close
41.1362989888818,54.1875699570179,12.5688147008074,73.851150586134,92.9160188766404,23.4564821165447,148.328190983908,205.519507325922,47.6328312243693,41.4194005848954,51.8367175913061,13.1380160752405,hand_close
46.9651575298679,60.7929653149927,17.3685613813422,72.9089059260102,94.6590819433372,27.7327268340458,142.14039690391,198.012673263839,51.4919452838707,48.0707847205247,61.467787082256,15.464369307664,hand_close
55.0803797560875,67.3075706108217,14.491679631056,72.4415465198874,93.4828318497134,23.7852036215275,107.066023591193,142.315852366061,40.7737618105182,51.207098116983,67.1802178947727,18.4982676991333,hand_close
45.4692711561012,55.0098059635371,16.9468915729288,63.0301283017426,81.5268959071577,20.1836566814442,80.8566320536492,107.643447310686,26.3047792611336,38.5491346276356,53.2670624493613,16.7728738824441,hand_close
47.4126647421924,58.9874773682769,14.1516362445125,56.9390836491845,73.373236520174,18.4178458839355,70.0967278217306,91.9689979384576,23.9204457398071,38.891475933654,49.4841887885549,11.6856514391544,hand_close
55.4222341667376,67.3663251995826,18.9404459642525,74.2296693858333,100.280310791969,28.9527108265921,70.6659405135059,87.5228265825339,22.8555250622849,48.1203160812148,59.0006806652438,15.8500276148292,hand_close
60.028647150384,71.7561478218819,20.2929524875872,68.5302263821264,94.2220351860901,25.5879915140698,68.280609044588,84.6959576846542,21.577824391216,52.5849220195037,64.2697540703658,19.0067195056446,hand_close
56.249524106552,68.252502668461,20.5528029806057,71.2367863067542,92.0826061476135,22.6436808429294,74.937382019568,98.600078857822,21.3494329302961,47.0325640978743,58.4466743181373,14.9102811770145,hand_close
46.2972029828199,55.475158309543,13.9974969718406,79.4906355938928,100.378456473124,25.5854068729217,70.9978189068432,95.4599838913166,19.9749502621347,35.6451136529219,45.1040113329528,11.7818245880472,hand_close
50.5675625334766,61.863213004521,14.6777928633357,67.6944174379443,84.5045182629926,21.5340543926874,54.0121967844355,75.3925404069897,15.8416737054051,35.6374683884209,45.5731708751511,9.68404989687708,hand_close
52.0986859856829,66.5175894505592,18.9070971744117,59.0632545770555,74.0035797466677,19.0158069119915,61.4231335558077,82.5441087327038,22.9417255320709,40.1587104640027,49.3140150308581,14.9944515815116,hand_close
39.014249231295,51.0819328202548,14.569083055001,50.5322876884296,64.4732517352716,14.8737617302436,64.9244541250745,80.7770570727732,28.9412664854605,31.6796399832211,38.6382421248556,11.0551036906448,hand_close
32.2834227011087,39.2733683969787,9.27689452501449,56.2726325677989,78.6633519373121,20.763607229136,55.9808471373808,69.1417389767237,23.7511534045015,26.5782765844351,32.8228836442272,7.6580591460548,hand_close
33.1508118685576,41.8938482533766,12.4646399485913,64.7915909678085,86.6012582081383,29.2599896907832,51.5354097683073,62.7562535528983,13.4372678666282,36.5509956589717,45.8252460281321,16.9148958024357,hand_close
36.7909353481101,47.1133068773289,10.4766743095532,68.1826106137404,85.7279046675283,19.6651959457372,55.8030657090947,69.0988090209985,15.3045272750847,39.5296788946401,49.8991535053876,13.1801510208558,hand_close
100.005201256366,212.315619981608,49.8747677443009,159.598600706625,318.41983499503,95.1015405457419,131.531954851512,248.356823700236,74.4653789787998,86.1515390023869,172.894348256943,45.4124032904851,hand_close
344.601457107463,1044.18829903898,138.88839691716,463.215952691489,1334.36006035679,206.011582126495,385.545948872971,1185.64054805055,169.779803524781,396.973158063394,1114.98930344763,183.663126006025,rest
284.158614259865,1023.51749140517,142.38710855051,360.239850050499,1297.93650898271,187.417335770561,300.496966351796,1160.84436900679,164.682394285259,346.003607859656,1102.40689647728,178.732831830635,rest
25.899704818154,34.6745724778383,19.811449545982,23.4858714642603,35.4984045707185,18.5590729864608,21.3827004605114,31.522754656076,16.2057703320159,23.9377460459315,32.5472721689879,18.4117995687927,rest
16.4777240900505,20.3744295577421,12.6488373027049,7.49422581215064,10.0119898574204,3.64293769025417,6.60108609181318,8.3861677928816,3.30854311282431,19.6140369877319,24.9943136318802,14.1581991358306,rest
20.7744897391455,25.1846228038052,10.0673626549117,9.18625103195449,11.5624110593194,4.43061452803946,5.95018840052382,7.51598617728271,1.7058560898682,27.3958382922414,33.1463602593101,13.4177252970819,rest
13.907715421037,18.7877663167181,9.06276632821209,6.9259381637609,9.37711147253899,4.50843980767964,5.44423994242455,7.26869173299475,2.41889138215146,17.9712490596678,24.9279897278123,11.9634947028627,rest
6.23882287969322,7.48785811202985,3.40254782237134,2.88383774932053,3.47274357303117,1.43008960987036,4.89420949896018,6.57789101760808,1.80373407848842,7.16507842547573,8.96314520365617,4.39260390439131,rest
13.2264016965783,18.906717886179,9.6746829769809,6.24123052810784,8.66738718600575,4.46157393829943,4.83456752405754,6.36081085563597,1.26690267505832,16.3923364639913,23.393962180624,12.4770669256939,rest
21.1317089947738,25.8699771207076,10.2446538509969,9.87028075395519,11.9671071625311,4.97992739225228,5.58959919294668,7.42165205193565,1.75377984603965,27.0965506567284,32.6147516685843,13.6974596996357,rest
13.8442643108929,19.0630247080068,10.1006357768508,6.49993972404218,8.98044182019536,4.74746337467674,4.76918877289329,6.49682346656884,1.48176736019619,17.590943923099,24.2626911540999,12.8412236636166,rest
7.08684772236105,8.8340701760189,4.83788199184256,3.70916554909747,4.6098448077218,2.51797628773538,4.54419867709231,6.52578147576897,1.50538586052996,7.93234451665698,9.38961989188792,5.67686613069445,rest
19.0739250937693,26.215447059317,13.7656493423028,9.95407319423305,14.0816960474841,7.49154386678553,5.58758908380276,7.80800911466804,1.65863237200821,19.3426139862833,28.0682500440982,15.1031389729951,rest
41.3061892554718,54.3981604375589,20.8090837090482,56.4421755456871,79.0984361586313,19.1875651213507,56.3768796026316,96.3951120438491,27.4657554462081,43.8268949926565,57.1320104604334,16.66892186302,hand_close
53.9270697193274,70.8627875695565,21.8745186105431,100.057309619167,116.241664586685,29.5141944640913,100.068480639742,131.703504820888,41.5580301647874,56.622151883129,70.5332335632196,28.9396536211771,hand_close
51.6870906867065,68.1092754177892,17.8602650783913,75.3584108912472,96.4581681285679,23.0011461180644,93.5521860531867,123.945714915531,35.4298633776815,50.1268302528346,63.7223359583257,20.9205610333849,hand_close
45.5717825764686,56.8455031075975,15.3200936040623,63.6846664356863,79.798782105624,18.0583574609247,81.7584457402454,104.947363841395,26.9731172856444,39.5187444309688,50.9689728444547,14.1750085867046,hand_close
41.9766239319964,49.8988332338924,12.8973255906893,77.2309045936552,91.8000616809709,22.2083484588019,62.2255795826626,76.7059492642695,22.7970248769661,32.3039644779342,41.6821570139989,8.80449132090933,hand_close
40.4239136958984,49.6029760084598,11.5377284137226,73.4509730330313,87.901173260914,17.6454169454599,59.9411615499928,72.7242292628782,18.5156065208097,34.5708525701719,44.0149811183367,13.0955536006442,hand_close
33.634566622466,43.8338834059926,11.0122233318837,67.1921693534102,82.9613771038455,19.2835832823334,56.0832710618635,70.4103109105917,23.8916957369793,41.3958267277827,49.5204007476522,20.3171924341999,hand_close
35.1775032533354,46.1989673413058,12.4733944609913,67.5681385455378,83.4904230670997,26.0443549252243,52.7563538520437,66.5316938253705,15.9782846553636,36.9620515466768,44.6184204208065,13.9581489851766,hand_close
36.8054067694375,46.5627800795777,11.7989037810527,74.7809154866493,93.3935241905189,23.9271777548966,52.4861600120094,66.7627524739468,15.3366203163756,28.6191516027403,36.4261707767852,7.65651515372209,hand_close
36.034691186695,45.8655678277108,11.5735410746198,75.3689857616043,94.9743900471902,26.4932458178641,51.0697745810354,64.7132361023029,15.4518506149341,33.3903104791651,43.3027107056988,13.6735399022721,hand_close
34.9406688431784,46.2735125205894,13.5534566888224,68.5625627972456,84.5017077140553,18.0036135970207,59.6342853483469,76.5998420519075,17.5183950903289,41.4646572971671,51.425716317318,18.5806576757324,hand_close
33.3447293151826,43.3643965133504,12.6431246629743,62.7926753565399,82.8973890868899,22.3527520656149,52.5915006965549,69.7963809288881,16.9560900639335,37.4001224803966,46.5032229595918,14.8145616435617,hand_close
38.3680441682888,47.66256386492,12.6926396008085,61.820605437963,86.4907007691305,28.8433939250755,45.9560550967749,56.4080775524256,12.9761962519103,28.0124778964413,35.0981186492912,8.74191401250887,hand_close
39.5747294541065,50.654201564728,11.2311245050682,55.6188623155769,75.0598481488026,23.9643161763406,51.2333307241666,63.5000947484318,20.6220207723806,30.6809425443174,38.7371401399787,12.3230602433456,hand_close
37.099317004278,49.3495307586659,12.6710618728555,53.9592802896589,74.2799254868062,17.809388597676,48.2283505373548,62.7113798711579,14.1266209731314,37.8661007074105,47.35557897002,14.4088424679363,hand_close
35.6162843821686,48.2916474705269,11.9859577497734,52.1000371994161,72.7657428320595,15.1044973446046,44.1816071776416,56.6701440519556,13.3603540733936,32.5713176881661,40.6731743777689,10.7798962224241,hand_close
33.3132486813328,43.9716418364712,10.6078418407279,45.0338271351773,57.1578971248862,14.8204928705069,41.9829363272128,52.6152876890238,13.2294446073361,23.9482802768258,28.8455619235487,6.85635978398725,hand_close
32.6060488036999,40.3924752883669,11.0194006200024,46.3471820835102,59.1348098793228,15.6844162707954,45.5387160242697,56.9806686832684,13.8474281737621,28.2147195004355,34.3019192736328,11.2540561133741,hand_close
38.6728058516115,49.4784249548277,14.5105807441953,50.2213281391189,63.0781769253046,15.6123711427562,48.1757440031032,60.7589552442386,16.1140314861422,49.013039041291,59.391046495263,20.2657856035273,hand_close
112.748347224777,227.139836376228,72.6651316117231,132.549076384921,245.70636439953,78.638594676131,70.629852602623,122.432631294426,32.9249352851716,134.089560072913,245.163284318727,89.7653355662801,hand_close
346.741854499951,1051.55687345128,140.193547130789,457.704728499222,1295.1279155704,210.120699582376,175.958990201215,524.243309346983,77.4060828168298,389.191171773177,1192.32517749852,162.675212036589,rest
270.590294361974,1027.78692337411,143.045236896513,367.94202805086,1272.67414247112,200.103481214651,136.128389389656,511.655749103164,71.1018102932813,304.941639862544,1168.44507811861,165.660531175048,rest
21.3015699655835,28.8950513838878,16.0849769765048,19.8456527527963,29.0834929091757,15.1675444531245,11.864455791534,16.0688686451021,7.01157395395814,25.1296382822281,33.9262093957922,18.9808023014979,rest
15.9108992211617,20.3014663395759,11.7788573505982,7.41012885920439,9.6883455970208,3.65584760854759,6.48574310101346,8.77611325816816,2.17074035398084,21.9273787207974,28.7120756599391,16.3051602978063,rest
21.8477552848238,26.3988332007549,10.7371427311529,10.0333778960754,12.381254286226,4.74513980045242,5.26409883107188,7.0283460037438,1.29633067098478,30.0748490707473,36.4606258478341,14.8508799265477,rest
14.2882221414486,19.7782177037025,9.43962216177324,6.95453720824874,9.71749552939464,4.62364369435656,7.33044976479093,10.0341210472486,2.72416350790586,19.3772421283214,26.3739570574986,13.4268981495897,rest
6.17512473400785,7.64398132701909,3.09051786911376,2.75672674002457,3.38974273823905,1.56086501040891,9.10440237307079,11.9494390787801,3.13809241921879,8.33744048974012,10.1766083657863,4.62501789947828,rest
13.3453062253888,19.3041825808475,9.39361586301019,6.14880011211616,8.84687038083917,4.50787897538136,7.95315686684633,10.1163702494267,2.66954943219414,18.2519984454598,25.8846544541727,13.8271057736792,rest
21.6321390310485,27.2065183483284,10.6766291520988,10.0462849323253,12.50045596597,4.92787131536865,7.77062036144806,10.0582476981571,2.32465448499423,30.2487354866883,36.8962277137111,15.3136332867799,rest
14.612470946789,20.7122149396032,9.68307978438489,6.75067830275268,9.53082786103508,4.57853473813981,7.57515874140761,10.1896880767318,3.15171412854032,19.8988223819557,28.0160768521036,13.5612428585674,rest
6.89993960548183,8.36205153326954,4.63120069254238,3.57010945665393,4.28563579128774,2.19717495027928,6.57037875481003,8.87480280561167,2.23297135318601,6.78734679326482,8.52764153013366,4.6494715091534,rest
13.6615568509407,18.4972944522963,10.1833266193591,7.40690796064114,10.2367611949114,5.302404534363,6.91223212052296,9.23034917213345,2.0307566539309,11.789172020638,16.5035938147846,9.00484099887981,rest
39.639830505949,56.938280793146,13.4895751741236,36.2574191274765,51.996807741565,12.3046645876739,39.5379239772732,62.4776666724588,17.7148537049809,33.6438555462865,45.6357832045652,10.4275323147341,hand_close
51.078479509846,66.335103649854,21.3565740534279,59.8415960283135,71.3660202540417,14.4377745678929,71.5552795945848,90.6016309790805,24.5498361889325,48.786776448546,60.8647449070662,21.8462891493265,hand_close
50.697530515746,63.0756124087358,15.7443024905241,63.7414193217128,78.1440189022218,20.479602512238,76.7564565854024,99.5184586746794,25.1933922685049,51.5987907747986,63.923367658358,16.2795507232861,hand_close
44.2179963020667,57.7798615793029,13.6534415056651,54.3237193255275,69.255368461269,17.5160284028396,69.1736772501547,90.0751382385677,23.3059154038528,40.1715900967894,53.2314630193181,15.1721231276338,hand_close
36.6677549572488,47.9921234180889,13.5870340624792,38.8522159102043,50.2974368781573,14.674359611057,55.5376969819589,71.2055429548614,20.5404546294165,30.7395006460551,41.14343171426,11.2177773473005,hand_close
42.0159362235607,54.2004323464633,13.5192436140442,40.9732872540759,52.0884944910669,11.0729149656215,58.9755662329757,76.1069694836471,20.141549501284,36.2891609948141,44.4545954319947,10.0921403591473,hand_close
42.5602799505408,54.5663649918571,18.6285123737283,55.9109084139727,70.0537709439788,20.2834314582962,60.9632132048463,80.178333295235,25.1239055652773,35.0914093102936,41.5585827494852,13.7567656373118,hand_close
33.896196303095,44.802967544465,12.9715222565187,59.4034442432215,75.2076900881267,18.9436752289166,56.6793341088736,73.3017434788027,22.4081905780127,29.2206826400476,36.07993646359,9.90460533327113,hand_close
27.4270069626325,36.6587828781366,10.2722092525722,40.9326472899792,54.0450649388408,12.8696074705646,51.7161337142537,64.6793043568946,17.7945378849486,28.2864587677583,36.7419485889203,11.3636957071764,hand_close
35.5382978707862,46.1201137126661,10.7336527056597,45.4541015504888,59.5021955234338,11.9066054437696,53.1322945028886,67.5493602842179,16.3815232073776,37.5635779373054,50.7397536109064,16.1673753718576,hand_close
36.9730206257212,46.9174445178399,11.1989415018219,59.8024886588062,75.0268506863625,18.8836789403249,64.7185714371261,82.2412542877997,23.400011237838,41.4462120204407,53.9447745814605,15.7013224304525,hand_close
33.9163252452204,41.1834976100729,9.27193151982512,58.3598898201197,74.1290472711267,17.9268709616865,67.0998523438513,84.6662288860885,25.6423939299783,34.39441761906,42.4792362903639,14.7016860282263,hand_close
31.587960675319,37.6659862525386,8.69422198030262,51.2238700131022,65.7128797544991,14.531015162732,53.010683810326,66.7669970483629,15.100571731295,29.2794298007196,36.2629516740423,7.71705902311028,hand_close
32.4749690981711,40.9507181813038,9.56493820466775,49.1905323727318,67.1717399784034,18.8248927007351,45.145319280685,55.4007207866501,16.3705918873444,34.5629288010524,46.3330808363338,14.8849682278695,hand_close
33.9180975895967,43.2935610101808,12.0820177144639,49.7592899895325,66.7832263985896,18.1578962738259,50.0973553178339,63.1709626855799,15.3890914734768,40.7769655226642,51.6495207509571,16.3270197139565,hand_close
34.3644699917939,44.2674039214637,12.0267609381834,54.4862362079264,68.6467373419944,16.5553878889688,52.2141225502503,67.7759559605567,20.5075066927145,34.3365414285517,43.1216709198277,13.0292304881208,hand_close
31.5481675082,41.1356745781441,8.24563190341305,54.88098429029,68.1926561786392,15.6796516661193,54.5416336878844,68.4907347883549,21.2686309276217,25.0369320739269,32.4152778552,7.56588137245552,hand_close
36.7528172548976,47.1168730445598,12.1600602324691,45.5531240369824,56.0897306087306,11.7517034581255,46.7342885366499,60.5409969946527,13.6267285457568,28.423207470043,37.8027853435664,10.7375290068921,hand_close
41.8453160398514,51.13668682008,16.6446673182642,50.1967743203146,68.3549794371547,23.1545316693367,39.4740122132868,50.9346306658304,10.7256723306093,46.2039526466397,57.7922559324941,22.2076382569226,hand_close
76.1253560378737,147.899953342675,37.9371919771559,51.7506497202382,69.0573033686487,14.4806566904357,67.5161400865327,105.100350512747,32.2650830555984,123.111272011191,201.489973682545,87.9545769626705,hand_close
246.274220276144,743.984498904588,101.217049445255,29.5724318163004,41.772353881309,14.3565176652245,154.923406130544,448.379053140816,66.8492377568619,369.20241697037,1030.08239068539,166.608816093755,rest
202.380197112021,730.197224474846,102.505008249145,8.13737974298716,11.171573974919,5.36732184243675,116.764056439427,437.670199599207,60.9320423251179,285.418874174209,1011.49531889059,160.858137969866,rest
18.8106454289858,25.2559988671139,14.4195776672094,3.25882352883101,4.05034282634483,2.20533468121382,10.2821834461784,13.8079910742955,6.32177394927966,13.6393466580043,18.8810242219204,7.29783874257379,rest
15.0453280610373,18.9381087694369,11.253387728724,6.22188174453507,8.52014022443381,4.55779155591967,5.77649752581895,7.42897567024854,1.63140222214736,15.9826507332051,22.7904008622869,9.83813790155765,rest
20.2499610273143,24.1461914278005,9.76296164740164,9.84861580349248,11.7805575832399,4.73751634786096,6.9965604307608,9.68297919172316,2.22577800995759,25.9391452100025,31.5380791371694,12.9345475873433,rest
13.4225668305379,17.9727954779129,8.63433936603894,6.5083746166687,8.88017034260852,4.27830536542607,7.17104585419655,9.82788816327554,2.28480733331639,17.5785304173025,24.1331818452639,12.1887733565383,rest
5.86676418419322,7.25713212319741,3.10838885339962,2.87510601022009,3.54168726930195,1.37938533893797,6.117906327549,8.05449114541944,1.98165550258257,7.12413219383243,9.76426111522034,4.15535765036644,rest
12.1182261618242,17.1097917809865,8.85059061469883,6.01899652322972,8.4108178910184,4.29423490175815,6.00273705884702,7.72825891293169,2.02461403339563,14.9492854192442,21.7488271026995,11.4494694877385,rest
19.7590321824752,24.1267316410098,10.1308298215774,9.4023055291666,11.4775442084878,4.61357054716167,5.53045892138718,7.04231226185493,1.79537677316761,25.264346307679,31.0960884531065,12.2746806606526,rest
13.3966709924034,18.4004016696242,9.13266049110957,6.35407585553066,8.62283168056147,4.33908583920673,5.84489290789066,7.47179090442558,2.14516373887304,17.688605550501,24.1310559024194,12.0950152347317,rest
6.58928649270637,8.2164091393822,4.02057580838667,2.99623411214369,3.67252490485755,1.83709037074709,7.17811091760267,9.3304202010062,2.31825276728027,8.2514583222368,10.0614213829564,5.40783783752104,rest
15.8796023739943,22.4048944362646,11.8475454254889,7.0123972947493,9.70615717061565,5.23419339387449,8.7745885176272,12.1441216561924,2.80991270615368,18.9642334278351,26.3327010614345,14.3496875852999,rest
34.1046178734995,45.4778437523166,13.3642023666572,31.7834753195122,48.6237570879214,10.8350122425987,41.3735969317191,62.4589303820219,16.4416829973015,35.6985444828874,43.1082720653041,16.0940668231794,hand_close
42.459515401784,53.1994412576957,18.7999042040442,56.7061466255347,71.4464478224803,17.3772772755879,69.8383722102958,86.4851530211905,22.9290203830396,40.9325008956307,49.2056172117221,25.5882288461717,hand_close
37.8961588463138,46.3670270770085,11.1917402999079,57.0047768726451,71.8820267205198,20.075727586611,61.2279708243474,80.4234006193346,22.3970424294587,38.3621742145327,46.2380225920839,15.4669231192754,hand_close
29.7067719618298,36.9485587447057,10.5259626544972,49.9519762306556,64.0276205968658,20.5212317456677,51.6391535310273,69.6886915477972,16.4629807315401,28.1900144228777,35.1678978556171,10.3247050251047,hand_close
26.2795264189083,31.1373371237653,6.77363081683827,56.2559739729078,72.2508439900947,18.1779032793207,54.4513472835992,71.6629715214713,18.913014147256,23.7744863437279,29.7346752928541,7.63736656693032,hand_close
31.8508740373514,38.6395969198398,10.0916872178482,53.1353910626692,69.2648848000506,15.256016974562,55.4594808857369,69.5481019608216,17.7572132317656,31.5278048836748,38.9998883039693,13.8039294829155,hand_close
36.4658594904081,45.5257360529889,13.6029271852748,40.9341045466484,51.5184140205147,12.5383669001198,49.9006717150865,61.6575596943177,16.5456317372113,37.7383989081533,46.0755018462308,17.9156174459217,hand_close
33.8464322505152,43.0694227237246,13.4405970781328,43.3862454670592,55.6847106954511,13.7925618230253,47.0861780053844,59.4663501364205,17.6851111567469,33.8075696723015,42.1969102927825,13.5931139736854,hand_close
28.2954615289325,35.439278233586,10.1339345543849,46.9271448262429,60.6588743397911,16.9175955380889,43.6360110601471,56.1239936259416,15.3406706377684,25.3958883041335,32.3850702491663,8.25154128796263,hand_close
28.8186986299715,36.0995739945796,11.7625117459606,47.21330909485,58.7025029776702,15.7525822330241,40.9478530587546,52.0793422948917,12.7398942429643,26.9591205600336,32.5660222539389,12.4108322310704,hand_close
35.354875348857,44.1812478858252,15.2617993083218,41.43452686195,51.82666827271,13.4407413521141,33.8650593577997,41.4710469343976,12.7945099585053,33.8236561365794,40.2301799871618,12.4978062186321,hand_close
30.7753744557778,39.8478800234538,11.7695067223504,39.1150844047007,49.4590735315289,10.4004150070451,30.3770631458596,38.5026452832474,8.62049040514083,25.9789049726508,34.5561936955833,10.7894626235977,hand_close
23.9273450823459,30.2580079478892,6.90640533022388,45.7433039885833,56.1229781219941,22.0536807280333,32.0821311601366,39.4218490668169,11.3895040196611,18.491699386517,24.1532861916463,6.203114632212,hand_close
28.6209202975283,36.1711148992766,9.99056903718331,41.2910422281173,52.5354430469218,16.7827434074664,31.2437010239799,37.9917709479084,9.05256663593152,26.0486348181972,32.9464470466706,12.3132893132653,hand_close
32.4813523151296,39.8507686607475,16.4954536323291,41.2694033557639,53.1823637622258,12.6903670221018,31.1988342418205,40.2394541906527,9.58294983592722,30.697389218981,37.5804634565417,15.2767552272811,hand_close
26.8046991985943,33.4489693578589,10.7235738923595,50.6929752600885,61.8855935225311,16.5145566451119,28.9754504386543,37.5758504527339,8.97311510846457,24.2478288552154,30.8808117242018,10.9268950405552,hand_close
20.7501738164843,25.8707202202692,6.22117507706969,51.1759052452002,61.4246133151743,17.5316368268011,27.4658548654309,35.1395465846148,8.77342459805867,16.5976449273205,21.3683798222257,6.05483844591356,hand_close
22.0521299024347,26.341760492222,7.471526926596,57.6519616363394,72.3513606582265,19.359073459643,25.3625259858808,32.8989905379846,8.38252785449694,23.3190602981135,31.7845565577965,12.6777889198669,hand_close
33.153837352455,39.9285088674892,14.8669571273788,58.2923420626159,74.322846282282,22.5531461799411,26.5688978054648,34.1715377636533,6.65717584221267,35.9103280489581,43.8335616345356,16.2433355341015,hand_close
95.093767918084,183.52667661102,59.9414171593954,152.791139773778,321.100371918987,90.898446842092,66.9041172865066,129.379530003567,37.0778457754437,75.6985107144691,143.724603880307,48.8730786249612,hand_close
298.480098563688,899.345998799889,120.244306022404,497.621189093645,1402.38538123995,220.630660969589,198.270760051439,597.282726448055,81.8143725096157,312.909792817475,871.893873159578,144.789256783997,rest
240.584679201588,881.530523451773,123.342355221388,392.91099725658,1366.46315358854,200.390927859743,157.947577472597,584.103521558975,82.2623097163265,270.696013258458,860.914117172524,139.482317597406,rest
20.9751100931367,28.7032937993387,15.2052362249926,25.9527974332425,39.4694050764132,20.6343318138732,13.9366462556609,19.6162796454721,8.68830333314854,17.5652814695106,23.4615402187217,11.9578709101532,rest
14.7568823399697,19.0302082737812,10.3892673792816,8.34402059037016,10.6837344956209,3.74795331079073,7.97731877350592,9.81842640199225,2.25024801738843,17.2273082994586,22.9537826680327,11.1566498983957,rest
20.1344806332462,24.3936422262909,9.74741376212768,10.041334393952,12.3084238522229,4.67183892059422,9.29126646674147,11.6983421598437,2.65253887914434,25.9334294958872,31.5151473011536,12.4988939445563,rest
13.8200768215938,18.7737267857135,8.86072207302624,7.45999848305982,10.0489172399567,4.5712607481604,8.27909530112089,10.5138119072032,2.5462384153011,17.7634082636048,24.0534361045886,11.6443218936987,rest
6.57215783252176,8.15708351085397,3.06665630147054,3.45772248623144,4.16071604730663,1.4160569648411,8.88643938796415,11.519077871253,3.33954234818817,8.30465955207276,9.91500231753153,4.03464091091063,rest
13.5730740289864,18.7240850699085,8.91108106666902,6.8340110485836,9.188899820701,4.42774190219308,10.0688477556309,12.8171986389663,3.13943425725276,15.7938656733241,21.8938091114132,11.9692281743943,rest
21.323673230718,26.16529323295,10.0157597196914,10.4085115558093,12.7035508390617,4.97337323701277,8.60383418688131,10.7577225650384,2.46695153961206,25.2817095572036,30.8739199797841,12.1606042999091,rest
14.1019875447589,19.8731848140682,9.13038236474982,7.10680575286517,9.73977900356163,4.63137857519359,8.5750676620807,10.8571755891353,2.75119161616175,17.0419660835988,23.659816061045,11.4850489758459,rest
5.49055969049033,7.08769268216879,2.52265876432182,2.9818359852386,3.69516392697891,1.42795892396772,8.74204523595637,11.2585686352746,2.66185879805886,6.39033810524112,8.2208004982916,2.30809316596792,rest
5.43425452040142,7.31526297268107,2.00491611762911,5.17093063710131,10.8374417905925,2.07453300487403,8.55002477788384,11.2991434462991,2.485702285407,6.01619570207273,8.25959603892103,2.34154710925588,rest
16.7213075218828,26.0413005277474,6.17612222147913,33.0132411160554,54.7414777318962,13.0819498786083,30.4274105634675,46.9416793392531,12.7496625876707,17.6582795246657,27.3270211605147,6.80114211224369,hand_close
33.1632270501632,41.9020370743041,9.17091257301378,54.6295436495969,71.5504273803737,15.3556001502705,53.4101058531556,66.7345832285661,21.1474413855477,33.4022348605815,41.2741806747836,10.9333371394596,hand_close
34.2380548917109,41.8701704321786,8.59060333197829,48.2314379154793,63.3514971625311,16.1234655579135,48.7546228210384,61.072275066203,15.1372793381689,37.7256373996216,45.5783697835707,12.9653474132823,hand_close
26.6142213400841,32.8821034767055,8.50814443979018,37.0858497795711,50.6742481393006,14.4734241764888,39.5383956872219,49.588553095373,11.9980161283731,27.2447404980122,36.4691641314778,9.83538780225567,hand_close
25.3326101896771,32.6575138083233,8.43602216938028,30.6706270052959,39.2708286558453,12.9521564180661,39.2396880453111,47.6813286216492,13.5044401344545,19.135172372518,24.8302596557504,5.9919531041472,hand_close
29.1429890023094,37.0144160324448,9.31322419208408,33.8711878578683,43.7650133389202,13.7326483205408,44.4749561625908,54.8069675556216,16.3749148889722,25.6862303399695,32.9456663594833,11.8350058671918,hand_close
32.6385870444789,39.3869221615343,13.6072517917414,36.5194727962893,47.5159969412114,12.0200022772601,38.889962537849,50.33985413665,11.3037431238644,32.0916881901735,39.2543401910924,15.0525646777203,hand_close
30.2107107354105,36.5066106292026,9.95699656594435,40.1677029713616,48.3452190755113,16.7013415885195,34.8679778601602,42.8175902487942,10.1137555534257,25.3055765679424,32.3015785280931,11.6355947835798,hand_close
27.0984254495681,34.1598754708835,7.27242993768603,35.7736726400472,43.1896988379283,10.910902487909,34.7737245178078,43.2896979041011,10.8148532369139,17.331647577871,22.4273954513691,5.85420115960615,hand_close
32.2088867952891,39.956988294297,9.96364551355963,34.4924474754775,42.658004411076,9.88524241772937,34.984118283842,45.7208630088955,12.8202678103206,23.7308900852493,30.4354353823877,12.1091298900131,hand_close
34.2087471012693,41.7378590388058,13.1111066750151,40.0904505210263,49.0844731382163,17.1601436193381,35.2217836158033,44.4561983871969,11.7697568512445,33.9629026478445,43.1686492525623,14.4992961895052,hand_close
31.9833842379648,39.215429721289,10.9860191582953,43.0015739022631,53.4978262489249,14.0707317076939,40.8097352265573,52.6498897895536,12.7809537386033,29.6339985237878,39.1389384749081,10.5393912297373,hand_close
29.0541567598452,36.0751875312757,10.1896524184836,45.0664504494488,56.5169606840381,15.3947092056039,47.7823043868311,61.8032564921757,15.6507638093007,19.7010913260147,23.9279087429937,6.38445937305439,hand_close
28.0773058410293,35.2902533135113,8.70396292779517,41.7663822297106,51.8348988191038,12.8299743686365,45.1331093932345,58.2953439190573,14.2449400195909,24.0717910599351,29.7664198044102,12.168310266538,hand_close
31.8712404943187,38.9886485157575,10.8846323169517,37.3341838365402,47.435694804222,12.9479631580813,50.1636017857673,62.9681064317084,18.1922903770471,32.5453966438569,40.0957415151371,15.1419055324201,hand_close
28.2377253419145,35.3963323980552,8.98094488803552,41.0969735319093,55.71318996519,16.8310207047562,48.9523220827569,60.578636625051,12.9474612600519,28.7008175591659,36.5335292102998,11.6343848116094,hand_close
23.2685340082656,30.1142745133376,7.54979761507585,38.6081263039148,52.994287578959,15.2851897083167,41.3277731466058,52.8295204669698,13.2832216347381,20.9224992664521,26.1767583812307,7.41601780219722,hand_close
27.9499063864097,38.9558560845319,9.27906126039093,37.8957219490901,49.2058124837841,12.0023631231866,39.5431804326704,52.056913995439,9.33785201245974,24.4135161664018,30.9659761807288,9.46256017300492,hand_close
34.2192451583597,45.1298705129407,16.6112281926,40.549199948315,51.2805181202094,16.1330476730552,42.2370859896002,54.0409388050223,17.2180197270767,36.686431969302,44.2972357895133,18.3221488929335,hand_close
57.4749193622299,85.5311465639685,37.5869152933154,47.538293548817,65.4503528190233,18.4424689194146,49.74422966111,66.7951903227789,15.2393999931868,102.845284826497,216.991536512822,62.3003904086729,hand_close
105.718828118966,304.642478663023,43.47548648451,86.9527307960587,224.788442049016,36.1590800253173,72.3984010152503,190.353655014798,30.3446670989541,344.530477736046,991.684553686408,150.197223949415,rest
68.4855867608035,294.120242243155,40.6169149615628,61.9907257935776,217.559343366862,30.1696873906206,48.0957245517927,182.824091946488,26.4182946128918,283.003007570584,968.881995005188,138.680512580458,rest
4.18612415181668,5.09328559127132,2.61561005473341,6.53941462297686,8.61191505332675,4.82152576295143,4.38664264609559,5.89129777998009,2.07280703138572,25.3439100760155,33.8966388699394,19.9540793598928,rest
11.5469316657506,16.7353818887215,8.857733721837,6.65133569387424,8.6795047238606,4.8488579793439,3.18587084286446,4.09703978331511,0.949966194295213,20.6881773060183,26.2975531723358,16.1637053306512,rest
19.3610286622692,23.573764148935,9.35412393439327,9.68830613739747,11.5660741072861,4.78271289830724,3.40012951954355,4.20776132645011,1.288032988697,28.6437887807485,34.3930322142475,14.1258267162793,rest
12.2883999422977,17.4698753562724,8.97521047695467,6.02145450640187,8.44684559444092,4.20594826850052,3.15258899413576,3.82348603344632,1.00250171247313,17.7662833227935,25.094177738915,12.5731218998412,rest
4.52011434521391,5.45154110011969,3.05154576584037,2.48925844892811,3.15233268528879,1.37662123931792,2.82773303495364,3.51689157651494,0.681850314899371,6.69474914222761,8.10467988395191,4.49962132742478,rest
11.3941704604294,16.6603264375179,8.94551405343178,5.80156859879215,8.16412795464477,4.30687252979577,2.89640198415869,3.55262725422589,1.19316547719626,16.7924003204352,24.2160842148481,13.1175904760417,rest
19.4818884445094,23.6618317454327,9.70240355932891,9.26380724225215,11.338858805163,4.61936664949217,3.2656263516329,4.21060568044047,1.36615141202772,27.861758228453,34.1636306204727,14.0659624799125,rest
12.4509795218611,17.6198415723897,8.78764785875544,6.06247547238854,8.5325220293028,4.05899950756204,2.98380025517061,3.98883842612516,1.05698318065632,17.3397492384023,25.3289000264897,12.7896895290758,rest
3.05308727062366,4.14630876179655,2.235626636064,2.17109332016566,2.81569176155269,0.900808974576095,2.67586111212695,4.00636015749164,1.02698542956998,4.0923748515681,5.82147432872966,2.90744388223148,rest
2.39535073095682,3.5271291735734,1.48257291044399,5.54539980518923,8.44491796063004,3.57699355364483,5.54928929812533,9.38221586823589,3.06014565968061,2.7555843065582,3.4990824274926,1.73968991937239,rest
31.2366232841537,52.4792471886491,10.8738660751656,52.6566899828109,87.2649204539658,22.7164972777219,51.8719250417003,84.106841353788,25.3591721353699,26.0170739123102,44.0158337448325,10.3637715650736,hand_close
56.9638336032375,70.6381803156485,18.9769839466257,84.7597072869384,105.687064026131,27.8210515228463,92.3120610643171,122.294502867604,39.6627965439802,48.1958987718819,59.188617816032,13.4849724841074,hand_close
51.7824577936296,63.084424188448,14.9851269730899,70.6278074573294,85.7908200467994,19.0266819169794,91.1814830790311,124.938377062493,27.9531013955075,47.2482661167958,56.4894090998383,16.5178412056631,hand_close
39.5252425358875,49.0708160137638,11.6686787424945,71.3758196883041,91.8006000909903,18.852302180243,111.468750466384,145.825998073862,39.3324904921933,38.698166358773,49.0067196530473,12.3793000966518,hand_close
31.4887839932276,39.703787269007,9.33511450461913,73.0235580242734,94.6705255887493,25.0138036022872,115.964886064333,146.396789901096,35.0269664828304,30.5996503111005,39.2657981270597,11.8295400078405,hand_close
38.1285965328373,49.2336674895316,12.9651027865596,73.4404410323818,94.2936015736027,26.3891447062354,94.5237298123143,116.184197017783,28.4247938548278,32.9182407053631,43.9486642547527,11.8760168611607,hand_close
39.2509410726418,50.6993554653229,16.4855039279504,67.3097970830885,87.2448413796971,18.9583672475416,79.7748020561667,100.756687158183,22.6975269424099,37.4348503476299,50.4021432387049,13.7996616196626,hand_close
35.101350585381,45.2249414245278,11.3591613435486,56.5599565295974,72.9883544736157,18.6629325145403,65.6301964391228,86.7197090431812,21.0343999150379,37.4118011231189,48.3359871232394,11.5123938128476,hand_close
35.6916078267112,43.8878032629815,12.4305006680043,58.0158660690305,72.9417309814783,17.9563399922016,52.2088783703862,68.9868262691664,17.1400287454633,33.9857889957461,42.264566638014,12.4851766083577,hand_close
35.6023485918085,42.9351260421489,10.7556052716699,56.4984494661729,71.1060921720875,18.9728774893317,45.5036593962678,58.021456122888,16.8679145705022,33.0688076237765,40.1621101946343,11.2902885579291,hand_close
40.6714721389046,52.6063752608256,16.4174544173995,53.6211242614201,68.3580525652913,16.3312060159039,48.4281959891956,59.7238387790135,13.8247272368622,35.5825564572531,42.8098211533369,16.8179811202383,hand_close
48.3067511222044,63.1280467067102,15.3487874612251,54.3058919353947,70.0772210308924,19.974437833961,49.6163805255161,60.3784530287254,15.6208483619767,37.6071973995621,46.2497183264885,11.2506833616107,hand_close
38.8207232677316,52.3564697595896,13.3353255629316,51.8254889047274,66.1698551649283,19.3937595174836,47.3553867776547,59.8587980832366,13.1341563128207,32.8995942593984,42.5887414295291,11.1825584985061,hand_close
30.1674099039768,37.6041413286558,9.85553690269999,54.5757201660324,69.6851222453508,15.275950985757,47.7762109148113,62.7940624796749,15.724402081473,30.7648431875299,40.0335207433111,13.8502355926077,hand_close
36.4389187072287,43.3510192241115,11.7357460121123,54.1393619743527,68.8608903298219,14.4331061899733,53.7954737937657,68.2346152100823,15.1072115549502,37.2263951835638,46.3314084113534,15.8353865794388,hand_close
31.8927112412085,38.7985227342343,9.88750026937504,45.6039208285957,58.4350491960441,14.395603878307,55.8422555382765,69.0507085772708,20.1942465892556,31.1539398277767,39.6378148032134,11.9800253535679,hand_close
26.5215097957112,34.2505831007578,7.84109082815286,41.4271083571754,54.9184247960877,12.9430147799333,43.770852813137,57.0124076763926,13.3845503043859,21.463172320572,27.7342641542255,6.64947712912741,hand_close
32.6315622242309,40.7930406050898,8.56526827155864,41.1875872540316,54.232162056001,11.7084646430555,36.1652167092336,47.2884216432061,11.7962062117062,28.2334409636099,37.8074492206354,13.9445392466166,hand_close
36.9699216870029,44.8960125629766,11.3787274248344,46.3772103026929,59.1129106649318,15.333070260322,40.4700318311928,52.8793866240092,13.7691827088032,36.4793609645515,45.2215006589898,11.1994225472441,hand_close
57.5874698400839,104.231732282805,23.2665504407838,105.024990363252,190.282929331902,49.4916064234318,83.6751347589204,143.161804423375,43.0720641937923,95.3811524162458,186.573746422379,52.3484294875418,hand_close
145.869767503899,442.530877241479,62.6550843914052,279.695803967226,823.933443535371,116.842194542951,227.540138269314,671.914431756189,91.3307124478465,301.465155670718,919.069365557616,121.171605779616,rest
113.829269601139,431.502810869538,59.5917978032721,213.258544996976,803.255973046251,110.993094800613,176.292488667067,657.954592035452,91.7557759714644,239.844443317952,900.878467265224,124.925383216299,rest
8.65634224924459,12.0538225856564,4.82037780213781,14.6590904064685,21.5909999835031,11.0193866222774,13.6411809930741,18.8826636177024,9.89008787235813,17.8281896979267,26.0427977915812,11.712911467205,rest
11.3871614794665,16.7249631842423,7.98987652931058,6.57353015975742,8.48645458895071,2.91705257729801,5.4627735504312,6.93928619148568,2.94631902012068,15.67425232644,22.7782515670079,9.75446034508803,rest
19.8940030468368,24.0622132487247,9.99797347206274,9.44004054364138,11.4452409036435,4.54836286368248,5.78078981333268,7.2541684117982,1.50175234683578,26.6499072685279,32.8927449724321,13.3259162303901,rest
13.500933115379,18.4629594930232,9.11183355101912,6.48751395189315,8.96365826903024,4.39758353048636,5.78457299087237,7.30598724652478,2.56085688339077,17.9293122761452,25.4110976868782,12.256364707354,rest
5.24598613022946,6.66446654041993,3.13999266227053,2.6813994413819,3.29967990142022,1.51030703364613,3.99690260659358,5.37340307232303,1.47102308775684,7.25923704577704,8.89765542346622,4.48322239465418,rest
11.9559047211719,17.1637200712989,8.98188337567484,5.66754312369394,8.14487660363422,4.19817250181116,4.1701674262756,5.60350659089294,1.60971807718151,16.2964346374553,23.6268186506399,12.7091166764194,rest
19.6681511825975,24.1051888391975,9.42136822424361,9.15676391284372,11.4441227971247,4.57564920317912,6.17332645816922,8.00694785666391,1.99163727246528,26.777877209901,33.5204992631403,13.8782609970427,rest
12.9756525843536,18.1248177571893,9.12429257866104,6.25112123550374,8.79338303898524,4.25291113859985,5.40279380697032,7.25048023146238,1.6426220347069,17.3361370558907,25.2588762383453,12.6301747942054,rest
4.67073415997041,5.94315690064392,2.53418554693779,2.73398820732726,3.48386782896365,1.38237831971934,3.90281709552184,5.29849926484515,1.58655454580033,4.92546376078742,6.48917784937494,2.65035266466419,rest
4.98143071487725,6.68735695085781,2.65418021327808,3.00768263094342,3.83246625823212,1.66479815717776,5.3661825254502,7.85007209755788,1.84999543817974,3.74724339203548,4.85843672877349,1.58030277023382,rest
21.2601126489947,32.0756832001811,7.36125435586851,25.4486161980139,40.5247013529522,11.9875911844413,28.2910545602109,47.1921267267124,10.3058557984703,17.8778040115298,28.6386524534686,8.90271657116661,hand_close
34.9967575211148,44.7788577324541,13.0795243247956,47.8849411460683,58.2647463327293,18.2458074657814,52.4878703964565,66.7044055593574,15.5126686293319,31.8441843443729,41.7535621568968,11.2412922520801,hand_close
33.0079743475773,42.6754493690442,14.638995934133,43.1125611277768,53.9948357160188,14.6124187249631,46.9907240587051,58.562440541006,16.4530401367166,36.0372759681633,46.3164154987355,13.9346891173279,hand_close
33.8846132682446,44.0304197085003,9.82624742347013,57.9855649942664,80.3007787686136,17.4050997524729,44.3972259582093,57.5339011430111,14.5677592032358,32.9405902597303,43.1231594982212,11.0142604299464,hand_close
32.0294181777791,42.3058636233837,13.1356862879519,74.3211974618536,99.2298191647494,35.7684419459045,52.5626071871241,67.9265217085721,15.0987277472876,25.4830137381755,34.6851329289677,7.62706623601989,hand_close
32.7885543846864,41.1227967772524,12.5658982931254,62.2059561954893,83.9591840937636,24.4549161757354,48.7020469840335,62.787118656102,19.4065113191636,27.9765998981301,36.2042355475241,9.31573333468792,hand_close
36.7601988163733,43.6254906080659,12.7823934559207,54.8928598770613,69.3211325657501,18.8143334076914,39.6600415615199,51.2492453916528,13.6917406813866,32.6814057081231,40.4012508327607,12.7309160256606,hand_close
33.1327140140089,40.1847168622148,12.4182133180666,57.827434690904,72.2499127322989,19.3111483066123,36.9184836088444,47.9901739333058,12.5709155187793,30.469667706364,38.2204564107108,9.14542835246593,hand_close
28.8148701744035,37.1764129368203,9.65190119890869,61.6449051877227,76.4822630476762,18.5038213578136,38.5725634523399,49.105374550899,12.5804289492216,24.5535812990034,31.7234864234849,8.27673657120685,hand_close
28.2770633250772,36.4141793159989,9.02146625451134,56.1750310061337,71.0036321937482,20.5057658256811,36.496394171279,45.4320380515997,14.9571287480768,28.4800138283684,35.5736581300214,12.8797926851135,hand_close
33.2218687158737,41.6491552876169,13.451778045389,51.1125412442208,69.6010656615335,22.0753982502628,32.5748646001475,41.515870879466,10.4613126138732,32.4548005346328,39.9344412323855,15.0003702192926,hand_close
32.217930736997,40.8139350664488,11.8729382070703,50.2178824633981,68.8575268800052,20.1969235021836,40.0218949757424,52.4843379305217,13.4459114450535,27.9234040207065,35.2309777097098,13.1591935257904,hand_close
25.4441488327476,32.3495673782175,7.56217154166943,45.7804275100902,61.6487580282148,15.8947496018697,43.1568083322359,54.8737639641775,11.5361819926807,22.2253512573538,28.0015406323306,6.93411194638876,hand_close
26.7939078548076,32.5128747868411,7.99660554423686,47.0838508053804,61.3564674968905,14.5969354658285,40.5282797253367,48.8457037529283,11.8605744670202,25.7120885277401,33.5126924489541,12.7619668289174,hand_close
31.2881055348499,39.4471390173864,10.206390045198,46.8796210589798,58.8644300757042,15.9756669067206,42.6526359872883,51.4086359133001,13.2681322081264,35.2217551057587,44.5764327881888,18.0607272910053,hand_close
31.9176216257154,41.5619363796471,9.87033673619947,44.7415572434872,56.3183614917605,12.4070316712007,41.4621682453155,53.7421106281359,11.8315430825125,32.2488398607332,40.8334943777529,12.6801860332669,hand_close
28.3804747205191,36.6193484195018,7.40853035762154,47.573492409659,62.9697854328015,16.694151705228,42.6380467442749,54.5301887439321,14.1203805898333,24.1831603794135,30.4684361471096,8.54269595607634,hand_close
29.722798259957,38.2359975138686,10.2888673945754,51.3250074343408,68.4550805929002,18.3342540246373,39.8287941965202,49.1542296818847,12.0554861896114,28.1889190431601,36.0987041531012,10.7898021511057,hand_close
33.1383559648969,41.8337215823766,13.2897167850476,54.8571494220863,72.5232237431754,17.2771751539503,38.1335494486083,47.2660700295673,12.2248589020118,40.2174498798874,49.3478675895337,18.2205272391341,hand_close
32.5361769850051,43.8259546281495,12.1144345641775,138.047943888448,259.96469959656,87.554016043213,99.4975947878415,204.131755477532,70.4813398915763,134.162875047634,263.517439343896,87.9302954957188,hand_close
56.1663597857459,145.2971330837,22.0262702991929,402.373365024692,1209.15665192156,164.108740967705,399.199789894515,1129.26298513882,177.798212493966,392.206500677206,1085.63662593115,173.274788662837,rest
44.0230474639844,141.666085270562,20.3929218146765,310.067889412462,1182.46485576736,163.810952139246,336.417598322472,1111.57657314952,174.707335188448,295.592373252472,1054.20516328478,154.867069749578,rest
5.92940732565998,7.72610758056896,3.59469754006497,20.8215839095399,30.2708321094935,16.0130085507449,18.6176001511833,27.0320756966549,14.3933479943195,18.4731918391813,26.0051505515731,13.3857428899932,rest
11.2980834694144,16.8518880213502,8.69737769320163,7.94682713585127,9.86168045994641,4.49848155990831,4.07294969485953,5.62449063059943,2.21686165277673,16.5479669943967,23.1270458829034,11.6162562191596,rest
19.6415039228113,23.9955620862667,9.80375244978174,9.56200853241776,11.5465661325296,4.63855694263879,2.59685121947742,3.24129926746944,1.08062224925916,26.2687945502593,32.5161425316093,13.218923066054,rest
12.7143813300753,17.9424803090555,9.01496518392738,6.39496039916522,8.8874753945267,4.36948784334958,2.08759662831516,2.81659122511686,1.17114471773962,16.7895435247694,24.2895917304551,12.2845844861827,rest
4.64354059384316,5.70198205166135,2.92287271741238,2.44067335441732,3.11307806275842,1.41585322375446,1.14670477441191,1.39870999800989,0.332899727821261,6.0910813267916,7.28015783953386,3.90575768713042,rest
11.4353566131345,16.3030421002842,8.75788023760623,5.4944264252727,7.85272536565438,4.06673026688402,1.92638199961623,2.42134861130835,1.10484303909224,14.9818054786176,22.0610579854947,11.7942890317096,rest
19.4058964882244,23.4525261254607,9.4868142153275,9.17660548852206,11.0974817775152,4.39111484398093,2.98714821207735,3.47738877529921,1.40018249326337,25.4955036044047,31.7094392682387,12.8120531795302,rest
12.8409863719658,17.8917644775559,8.96173740834425,6.25560686592995,8.49909123662336,4.23729456831501,2.39628045031927,3.00795632678024,1.30413163232005,17.237356624214,24.1551847186342,12.2783474809831,rest
5.29296333178649,6.35559260495998,3.9433648041137,2.78480242565729,3.53194451977927,1.81045004701107,1.951655382632,2.41194860167288,1.26740315803621,7.94712265156129,9.39751156740308,5.97899312753455,rest
12.8833554584393,18.0217002264431,9.89481811341382,6.50028413033864,9.06942350872466,4.75367493461373,7.14696304578383,10.447261233921,5.35922007912105,20.6857772600374,29.5502427116348,16.2563982589582,rest
27.9692834007949,35.2879762956508,9.73743444366407,40.1494380431412,64.6150207932691,16.0308656281324,47.8860295871123,82.3072244623049,21.6080413411962,40.4702142571615,51.120975558501,18.3965961409248,hand_close
37.6603273070392,45.266824114928,18.7668057519175,56.6809698334048,76.0777382903394,18.7391263176435,67.9732042037721,95.2943763153568,22.0682052007776,45.7780257761329,56.086807712894,27.2723844970147,hand_close
37.7124200827695,45.096450357146,14.7044044836808,52.8882464521376,68.4745573555132,22.1075851568689,52.3720484005133,69.0407750156644,18.6910662178015,39.4057926923166,49.3563688102262,14.9869457543309,hand_close
35.8837762580166,44.4826615467622,10.1202974113005,61.481156687562,75.0924393743518,23.4519607020706,48.9002484404317,61.7603500020065,16.1907648251668,33.6423657355154,43.4160967171206,11.4784984932453,hand_close
30.3887683583734,38.6917525052256,8.93798023718434,58.2251508130487,73.3835630673267,23.494694756428,46.7756135589441,58.1220983937486,17.3366255009587,27.3356334151966,35.0358107445115,8.23741426456066,hand_close
30.3021569071813,37.8562277304006,11.4168149565077,54.9786285080891,70.3620400638651,20.2149379667383,49.8214519233516,60.6154061477498,16.1852964764089,31.9422905767,44.6618250332838,13.6038805387312,hand_close
35.4871296859547,45.3689390125007,12.9922003092801,55.6586056424112,69.9042607673326,18.7842777237828,49.0442363906397,58.1875393780977,19.5825741449398,41.2721814988465,52.5847453116541,17.4759379644616,hand_close
29.8353747370788,39.3607668937377,11.0025426347287,48.9075360252641,64.7090294111758,16.0301019016341,47.4459230560223,57.9960479973854,15.7657284986587,30.4153282376164,38.4630907745387,13.0459465037266,hand_close
25.5254615317049,31.9182330283555,7.71895536755942,47.365211661202,62.7638821272549,17.6205180555561,46.926510850624,59.026745536816,19.9166391062753,21.5782359143747,26.3473964039641,6.53016548180019,hand_close
28.2806214260799,34.3307950179132,10.491304639699,55.6832707285226,72.6794117716433,26.0605543074348,44.756337415066,57.0288279484825,13.8675904873142,30.0891043116358,39.5382907256162,11.8285372960017,hand_close
30.720390347777,37.3541249318992,12.2256770172899,52.2177524206003,69.6372422876089,17.4038802355685,45.3301923937974,59.418882494228,14.7887127502123,33.3585455197523,43.5941040983538,15.5304719222881,hand_close
27.3227078925688,34.6242034873614,10.425008430997,43.2481300365674,57.5890467797065,19.5188753187141,40.8850256339139,55.4756582671135,14.1022342214757,24.0624405627955,31.9373135355767,11.8941716886371,hand_close
23.6927953621007,30.1035481837023,7.02605291424345,37.7833099500338,48.3822074205198,10.1202124382781,33.9258164835349,44.2141962500887,11.605606975467,18.7505020588827,23.8745464498354,5.0007980690237,hand_close
24.1919533086762,31.3265029204539,8.33179238989477,34.5167891898884,45.643580940442,13.5929530980331,31.8556488918416,41.245439054354,11.3926584902526,23.4683560792743,28.5652894348013,11.5947383411042,hand_close
28.9464656689657,36.8263794597161,10.4843396648549,34.7990691367669,45.1613918897655,14.2915507197751,31.9287144550517,39.4231840616162,10.4506621052968,29.5617443647501,35.7116416855938,14.114932772297,hand_close
26.1937144404121,33.7517313464238,8.42878873020715,38.8442846877567,48.1162273683193,12.3527806135925,36.2143519067647,44.6634826309022,11.1118091078966,26.1925144269851,32.5348100832646,13.1675873784782,hand_close
19.2801906915346,24.4696058499398,5.58251189125975,43.9064467072773,57.8219637694072,14.2241563692973,43.1538187911311,58.3768506184974,12.7703312018778,20.1771783810736,24.6098853900756,6.53068877586697,hand_close
20.6128548541232,26.2046043813557,8.58692365520383,42.8301481587694,56.3568708563741,16.9450779268933,43.0113049467135,58.7759442621407,13.208514569384,24.3986899639529,31.5066204679638,11.08066552476,hand_close
33.9699358445546,43.327633885273,16.7128353612567,46.2294225018891,61.4864321798728,17.6940245876459,44.5429292107133,56.5453441258892,12.5730268647572,39.3000339818788,50.1401585065499,17.8333713932724,hand_close
83.3311008956507,151.570247818609,46.3547111199335,155.656986488017,321.945658353117,98.9604824644073,92.8315388494844,162.699876764318,46.2880045787127,87.2138490683837,132.744528114861,57.974594227611,hand_close
249.841088406292,747.85066375081,101.546499854373,486.697419515653,1371.45842847836,212.769431036764,250.396996026163,746.225079663366,103.59518832167,218.74428403202,622.710339687534,97.8991594394976,rest
203.622746178136,733.725649901144,102.762083080558,379.672305708066,1334.651941745,192.995972206981,194.125459567889,729.862744173678,102.061469219455,162.123251019875,609.975564774464,93.7295443218548,rest
18.4165257052093,24.8078441186766,14.0464852510832,26.9820585574297,38.8206968329374,21.403845190928,14.8534695471716,21.06495012686,10.7433581809564,9.65812292169783,11.9322188243165,6.59694682167518,rest
15.0642995687095,19.8357519454162,11.3151639927485,11.0864173005029,13.072069035306,8.64790868733754,6.5565695945894,8.59896201859381,1.95466552304149,16.3903076147638,22.5503978505775,12.2129014934569,rest
21.477163221904,25.9034227178148,10.2572793729231,11.048172533765,13.1484907115702,5.40493933564381,7.33176855213895,9.34118964542361,2.07965863977362,26.784941869282,32.336470536974,13.8713169032948,rest
13.5169874912391,18.8449678843611,9.07080819261642,6.54167578954944,9.11179813398817,4.30958273042326,7.5893337988447,9.72959934479933,2.21487320627936,18.0710534170576,25.0540228034702,11.8976703260556,rest
5.88281172977485,7.14297311982029,3.25720268459825,2.76162128461847,3.55342025638279,1.40814422573171,7.01525759457212,9.260044237074,2.06353212064268,7.23645463367055,9.08772475262006,3.60946103090364,rest
12.4691472609261,17.454832031542,9.11260220629905,6.10515865336142,8.57235726115773,4.25099798448799,8.04559685727304,10.1706964982982,2.5587892603297,16.7349593435492,23.8034485833588,12.295295167389,rest
19.4106446387175,23.9863059913683,9.37457599077555,9.36680930806103,11.4849186601256,4.52320888180211,9.0122225928226,11.0306784928591,3.28808142901026,27.2178374456777,33.3725612682299,14.2211441854332,rest
13.5480460340376,18.3328048092855,9.34493671789658,6.35716869027747,8.55751333264857,4.52989509467748,8.12213908060432,10.2347699480698,2.5300418417772,18.0117247977972,25.1113915177636,13.0326965331565,rest
6.08437492681703,7.65910071484381,3.57927854558008,3.31225166684719,4.18199446453635,2.27301733044661,6.50384305489408,8.1022948072985,1.88502014796915,8.55804973536341,10.1679892214053,6.04601011218743,rest
13.5355249182051,18.9518716978875,10.075638070672,9.02008782821495,13.1923338423288,6.56589189428911,7.43428490313552,11.2357733506334,2.7348106910472,21.500701529594,30.7824049361653,16.6699261236341,rest
35.4015542116188,45.9040320040806,13.3894989728214,58.6933806919176,95.7235049476301,23.3626573989396,53.2245418863798,99.5416421987267,24.5996220567929,44.9428820203441,57.6358888590789,20.6169397679493,hand_close
48.4541500266821,59.7128404648918,19.4904391113232,103.075174492076,129.625510893642,35.6872423208637,88.2811292607301,119.922750390661,28.9147165582565,51.0838013083589,65.0103673329785,28.3504611900816,hand_close
49.3469659324937,61.2271522699169,15.32290219864,90.2258491829029,114.332755261249,30.8538919320401,64.0342610796945,81.8532338244391,20.2739021788052,47.7387409602204,60.1455039518027,17.053082271627,hand_close
43.8203415682659,55.3213667752566,12.2576509409467,68.5485048868,89.697536377071,20.4811996426056,57.7151562057129,77.7690167335705,22.4490332578025,39.3782041307777,50.1924541906573,14.5005417245698,hand_close
34.8400355382109,46.9503061656969,13.0126413430137,59.5702234782057,77.1541613475171,20.4943324130114,60.8581292886391,79.246302765598,16.9154102628811,32.9698385475867,41.54969570709,12.2974583552519,hand_close
38.0142247285198,49.3531575919839,14.691395888571,59.6744922701944,77.0857385002985,19.6139944132315,48.8050768836963,61.2610209098917,14.1407742279253,37.7259098137922,47.9229698673281,12.9469509338466,hand_close
40.707293030174,49.8197365034617,13.4849855089277,56.9549337555252,71.0942618788592,19.0353975754636,46.6587258621375,60.6784769286055,15.7116350084931,37.0900751095022,48.2430341839097,15.2928570709258,hand_close
35.8868484366784,43.999549630837,9.45684959743194,60.3798227034137,77.487799133272,17.0636462772843,55.8305650891891,73.3989973713063,20.6224577491248,32.2507494342015,41.7230340847838,13.0312120335462,hand_close
33.238724683869,40.4542344270848,11.3673681649939,66.2276183943564,82.1491555380502,21.5037548614988,62.3773691027731,81.3612186179863,17.8512044730654,30.0706389691953,36.3247254492952,9.99976064804583,hand_close
36.8342054412521,46.7078116338885,15.0370313154632,63.1662439553804,75.7944553779966,21.4166722108165,60.480296742651,77.2529213767655,18.0680248993886,33.080796847428,41.5009666161494,9.62233385517027,hand_close
41.0468723953328,52.7043208710199,16.2515440552902,64.8248385785497,82.0601463721567,17.7026763253972,57.381687285483,70.0366046068923,15.8757066898246,34.9860861404241,44.8176921281489,11.4545209282741,hand_close
37.3910249540229,47.6363520413416,12.7325131431627,65.2900077828554,85.8227285950938,21.1851120360782,52.7438323286899,64.8452925469734,15.346923921814,32.5761043634051,40.918090763358,9.66821384293916,hand_close
33.6480874353481,40.4143468850039,13.9586285632541,64.0434669536611,82.9995820276859,22.8456761449607,48.8449903882391,62.1032863788717,15.1557610908462,30.0534026723409,37.4070786841561,11.6296733439493,hand_close
36.8427550814344,44.3332142484643,12.9178578242901,67.0193324746769,86.10294205712,22.1595527007457,56.53503386452,75.3193644292969,17.1042879162267,35.2598423121846,46.604420300595,13.8815889556444,hand_close
39.6541998374933,49.3649773528532,19.2183315682746,59.173579296899,75.9430552280309,19.0894462490046,52.3883504598696,70.2069255972421,14.6856456807733,43.7341341971698,57.3213829898975,20.9869826503,hand_close
38.7336884571053,49.220279422513,10.806826777809,54.4896499305168,67.9310714779052,14.8645150566283,38.5432161954837,48.5169268575954,14.8262821250062,37.5890020061897,49.668322304164,13.8712847672913,hand_close
35.5715854637486,46.2802570914711,12.319208533707,60.1247297506882,75.1233926418491,16.7653977951596,40.6181130331179,53.158068489532,12.6198026770429,26.3107564504724,35.0973479383924,9.15625356267664,hand_close
36.3352387768543,46.4810823691536,11.5782906562997,73.8300900928491,95.0633902505811,19.8062981174273,48.4071294292857,61.2818686855793,17.1321367867556,27.1251755013331,35.550552991795,13.0932905631789,hand_close
43.2233008687317,53.3310216854703,16.4372709653238,87.7770184847288,112.063372402262,26.8010575228942,53.266824914538,63.7565380609785,18.724090617956,33.9264141422834,42.3241524983195,13.851633770452,hand_close
95.7885766313148,173.591969398552,61.9417023601982,219.826539204352,416.056509599877,124.786751723393,163.766389457555,323.903507235932,99.3138730416469,87.6391797411861,192.067146138209,52.1558688524373,hand_close
249.816835276423,748.988073648366,104.052442186112,651.575610230246,1746.92354132969,282.204373902785,508.389097639803,1407.40573838195,218.695731992768,417.466778017312,1194.17624882016,189.415160970172,rest
187.49130099514,729.945442640851,100.26065572273,505.704093947992,1699.28088770787,252.664809090014,394.92908902909,1370.97005002481,200.370952369254,369.532837118676,1179.59496100555,187.350963131879,rest
12.0209942119078,17.4772471279809,8.4006579633221,35.6602339758568,50.8794630109763,27.7763708038669,27.1160085706546,40.0661790331622,21.4147853513125,28.2681834128373,37.0050781162861,21.2334651324771,rest
11.341609611369,16.5886140122054,7.50531050424478,11.9115239428758,14.2049745416624,8.75491096988406,6.20017156875612,8.69231520183231,4.1320898680542,21.0094722499849,26.2000277156562,15.7293929680469,rest
20.020467439155,24.0372486373337,9.69815672557485,10.5028345910922,12.4552981444063,5.11240319266664,3.33622277851688,4.13305401512838,0.990302642818877,27.7816552098773,33.9703283414198,13.7216417498663,rest
13.3114530961437,18.2354929968497,9.09596710123157,6.37301156869429,8.76054498157727,4.23362781698194,2.72129314484849,3.50614999239588,1.0289706420384,17.9680008214719,25.6941647115727,11.8624308527984,rest
4.67648320943036,5.51687110665808,3.10109341441926,2.56737491141422,3.07330577840075,1.48585963912798,1.84808616889474,2.317007385192,0.529401487444814,8.09695390428006,9.77701961703898,4.25783111267498,rest
11.9469750801541,17.2731512054555,9.22058027511611,5.88759710491499,8.39191991794424,4.43599585430589,2.13193923118481,2.8095166744788,0.963699373210339,17.3771483916023,24.0478376741528,12.7761737334424,rest
20.1985312042134,24.4915383465565,9.82717208597029,9.18074266780539,11.272141379366,4.40944379828842,2.8408876467595,3.62739721228184,1.21962744231898,28.2210817264008,34.1078558278473,13.8812878912664,rest
12.5592342533913,18.1267955130438,8.68927957008699,7.00877162457415,8.89176762269323,3.31789026872159,4.79770192982436,6.20428312209492,3.16296087200592,21.2129777581616,27.1538740357324,15.0754315569238,rest
6.66217949510854,8.85839584061603,3.84470172737064,14.7324229032188,21.4925733684463,11.0616215556522,18.5770863234415,26.7881713092096,14.4622160144352,20.921912960872,26.7908209165692,16.0554252496927,rest
33.4566925126514,68.645655651377,24.6100017597502,95.5174640332483,205.204739465754,64.9824978415617,116.741266036749,224.295098668704,78.7511912708342,111.778329197244,234.708619823466,70.7418290058367,rest
97.9928267871314,296.659012021555,39.317451220211,319.336471517983,972.255176576368,126.886487078793,446.527236870135,1271.17699860382,199.537799045368,374.457106516624,1081.57407757516,161.523813932089,rest
72.3984950458518,288.785722333323,39.6053227966553,250.736904264488,950.916220075145,131.469021067422,362.683270866065,1251.85355481058,194.913162752048,296.810636528473,1056.63580179232,148.914308495872,rest
4.91337648305325,6.86126584199027,2.33357248358868,17.2749608370336,25.44364857635,13.1478209783902,21.2371808557693,30.1128053597232,16.2592328589301,28.0180885158541,36.8506556295293,20.3343602250987,rest
10.8665502246313,16.2717373973021,8.10715936793535,6.68064261872997,8.67286734322544,3.22569194885908,5.15038209546036,6.73970749148532,3.57594370594004,22.609699844323,27.8038933265859,15.5445367942182,rest
19.6669972289018,23.567421392106,9.352598853987,8.98843998745488,11.1606374804098,4.43561124965391,2.8041074615774,3.4731886320902,1.20267443893939,28.5240860289291,34.286269568869,14.0136298691922,rest
12.6669208666702,17.7299478022742,8.83328559854942,6.25525334813824,8.69246891062177,4.26383983721606,2.23523061475832,2.84155727889949,0.830945191621727,21.1694871047252,27.4724450935443,11.7886193491805,rest
4.50901476827926,5.36386041068388,2.89995384302541,2.54359683126423,3.16142777775241,1.57007438056574,1.91023839950546,2.37198451360588,0.470030369194917,11.8123634181084,15.2031034225558,5.0453366027796,rest
11.6400550441028,16.8907328354748,9.10082425943381,5.41306642753941,7.80645671004812,4.120541145727,2.36683979776827,3.02152927489561,0.995929221721791,17.8606138204587,25.6459205287965,11.3512005632062,rest
19.4713251650107,23.8962085069742,9.95762650342719,9.27650179250808,11.4120980469659,4.61606418310946,2.60970009358464,3.35068155564799,1.04438278913765,27.5776643579445,35.6336522882431,13.5263117128404,rest
12.2671525905434,17.7097150039273,9.03004470442658,9.2333326025572,10.8954689598456,6.63641025640561,2.28946397441081,3.00158653776676,1.19258026380733,21.3667777189296,28.664214641821,14.1071727508509,rest
3.30146215981214,4.23033782331948,2.46146304258859,20.4634577982543,28.3958764688509,15.7384133792194,4.79469879386534,6.8609523364461,3.36272535662124,18.7488400578603,24.0766078735837,13.2854337739404,rest
3.4230265888919,5.00010999051943,2.26496978938269,121.533916384572,264.502142207783,82.8789984752133,28.849018044307,61.6011582125615,19.2932495677583,77.0056162687748,163.725490958968,59.0695873845859,rest
7.14517115471366,14.0685859437094,3.6354244301991,407.050432531249,1222.91922642992,169.514020192512,98.7450039763421,299.492652231782,39.3011369885213,342.437547643012,964.99414960885,155.964154176546,rest
6.02199144121359,13.4609761151931,2.566405030513,320.20069886775,1194.70698386292,164.773685044782,78.7947935682385,293.291545659179,41.1218472234132,291.657059560981,951.5557734409,152.491031826448,rest
3.55650923911462,4.55240240612155,2.23968987078162,21.4284314986038,32.0677149337981,16.6367651379536,7.17391060612711,9.35688421206015,4.65638942899543,20.1088165928945,26.6994379159026,14.2433251940023,rest
11.586627772644,16.2446096321479,8.75057055905702,7.01874555432801,9.36854968066171,3.19835537101309,4.26685827011623,5.2414481169225,1.54348498177474,19.1501277659914,25.7688797457202,13.3945356964935,rest
19.2942687851082,23.1133353992729,9.3358517396617,9.03486475993804,11.2130518597905,4.35727146715606,4.40259712523954,5.74787193188422,1.39386504212315,27.0552308134111,33.378016724237,12.8028746414888,rest
12.633648069101,17.5294494215352,8.62804149350892,6.3873740691277,8.86929569286952,4.40205281572905,4.22911649152834,5.62149862811787,1.61354090348268,19.3673375416852,25.6880018891971,11.5862312629497,rest
5.05032006487347,6.27375213475295,3.048986253585,2.6753394560893,3.43837994884215,1.54563489253148,4.2825321680737,5.64157972251015,1.4058385646386,10.4014841171232,13.3963636686227,4.38923917366851,rest
11.7123659651422,16.5349743288752,8.77559191504509,5.87875406898061,8.31247507978936,4.44382968078527,4.25712278077103,5.45275847172227,1.35020623318759,19.9973872949375,27.4774149869645,12.5004806670509,rest
18.7199262331912,22.8127894221216,9.26752677070385,9.02096163128547,11.1746809742258,4.64599484904959,4.44003058771461,5.55473169298967,1.42094038401462,29.2673080563003,36.2235847083079,14.3199763726178,rest
11.9765102326222,16.8367225815505,8.5981161122748,8.26542811667402,10.3090318912652,4.03553953246814,5.08562068517566,6.52535998691871,1.88645634927972,21.6769111658217,28.4366972164267,12.8010973571131,rest
7.27184265422725,9.2693795042089,4.22104287511525,21.6204346327648,31.8746399642854,16.866203063149,8.58825653828128,10.9890253596403,5.27968113320715,28.6179589943887,39.1283255491651,20.1120197780848,rest
43.598587175637,111.178821429015,26.3584483108907,137.890207173528,303.671488632016,94.7166506310962,45.1910991402495,97.4520086986677,29.6612689766444,138.824982513375,268.922678238462,99.4951416350754,rest
195.712866446723,595.804460504351,78.089068501929,461.940965737167,1334.47032227717,201.723529069732,160.748966303918,486.061520625623,65.1267770744292,380.037075932853,1155.13729039062,153.984210200529,rest
169.464227096468,585.793431202371,82.366206186065,361.709244649535,1300.30947164961,188.494823768911,129.855662590299,476.506528664857,67.6418339950881,273.459128799087,1124.1871908723,153.893675555743,rest
17.7967875981375,23.0557914723064,13.2193878419127,23.5199245603232,35.860641110671,18.6566461412867,12.908328437816,16.6353519490613,7.95461628599467,17.1336903793665,22.9082739141014,7.92702765668376,rest
19.2282872013211,25.6850307312226,14.435816915536,7.61911659902697,9.91390445312205,3.22296147285829,8.67956175255218,11.2408575950892,4.76443771339244,39.6552276587314,59.631217853063,29.992750100936,rest
28.9484669937008,34.849857750892,14.0067104558125,9.05887593871122,11.3848467354958,4.47175742529934,8.82832936673339,10.9138486180125,3.90645523526781,71.1878913528392,86.6216257578448,35.2815632972189,rest
18.4294781258744,25.6919815619043,12.825584674836,6.67802882047463,9.28484617504131,4.55258556189177,7.81335535166741,10.6890045879867,3.40252034575333,46.354479076371,65.3534542916851,32.3184793579745,rest
6.65298489204567,8.04670014596585,4.2700124605653,2.84196145022443,3.49123390217704,1.52674913834768,5.49809910212706,8.62587240430559,2.37130153632836,16.4716949791354,19.5452038838285,11.1622993370959,rest
17.2724824383904,25.0092728230968,13.3578170568236,5.92871446514913,8.28803405730202,4.4115923355937,6.78674753488764,9.17630178396276,3.13418362406205,42.9901545602616,62.6099896165138,33.7473321208405,rest
28.4550687921278,34.8178564926253,14.450173973366,9.06171581775172,11.13265899094,4.39478014677936,8.20559682672677,10.3180387858644,3.26814326111158,71.8912571124685,87.9451156481978,36.3187409660811,rest
17.6846206059083,25.4482682349178,12.3546652986085,7.78866110177996,9.63618517398894,3.35979550870001,6.29069449931471,8.23425749656425,3.06823726682768,44.4877296639486,64.5817337875191,32.9952827691084,rest
12.1792490402662,16.5184881029198,7.21630953894176,19.2369888750478,27.6717969331848,14.5145630597557,5.22196409949778,6.42480538886039,1.58593235206987,10.9032320456441,14.3944074275077,5.88558063362448,rest
74.1908863249523,177.802911710982,49.2483824109978,120.691294805361,251.243289182493,82.1801518561488,6.05364414957138,8.83542074843458,2.05020254079675,40.5999329714952,130.542792026502,25.6083585436618,rest
290.841293708943,887.564784138754,116.902835606783,392.958496905028,1195.69471472394,156.642517362499,14.818915363486,37.2715244321596,6.75064862281243,232.250893054269,701.496657365294,92.5340901272478,rest
241.628688235282,870.153350689066,119.925844311775,305.588961955641,1169.6831169297,162.606283671142,14.0641502782315,36.8195672933535,5.98741731354252,212.652170463106,689.964960595596,95.4908946980075,rest
20.7089266501926,28.6808890768053,14.0911740568508,20.7174113081846,29.912242413849,15.7007425196401,5.40999724346206,6.96315303945979,1.77681614148768,26.91717823898,34.5009592257719,16.9560316846661,rest
22.1067705265954,32.396026993657,15.9199092925436,8.4288020284882,10.4932867991716,4.51950215123685,7.5645011793393,9.66878343445659,3.9707456056055,50.3817804083731,72.7562675481665,38.3705719210061,rest
37.1987064501009,46.2979322817928,19.010897699102,11.0615919246126,13.4058468436233,5.19681988403737,10.1560985255988,12.2901685881043,4.2271903579077,85.0196622120342,102.989162474593,43.565735643992,rest
23.9159145209858,34.6003331275813,17.461555351025,7.32879276971526,10.3604907674538,4.98594944459745,8.52020778540567,10.5939444158229,4.3862353199928,53.5679440604467,76.2421197569852,39.2507063580701,rest
8.27170352354986,9.86941467317567,5.09640186850563,2.62851979200493,3.27634203457909,1.51711437639127,6.75537064001176,8.46927126409177,1.67528401904699,19.0493778639915,22.5595808985619,11.7937778627059,rest
22.5021348411891,32.4388089799958,17.1815748335082,6.53997321535205,9.44841492609066,4.9337890356123,9.18841820771592,12.4160846934966,4.03328380463024,48.6443548391231,71.8115792200089,38.2468913750498,rest
38.8777440910971,46.5962996150365,18.5779913766485,11.075406907012,13.4533937537061,5.35125012599253,11.3604859979832,14.8434795761056,4.83501339811943,83.1812875692646,103.500953580807,41.4602468364567,rest
25.3828214751039,35.2436697168038,17.6477675836733,7.42914589304653,10.2185439041004,4.4592608912672,10.926078974783,13.9578698027534,5.13697214975431,53.2432134152063,77.8317084083676,37.1543133280714,rest
9.40574553031416,11.3002746875425,7.16452795840535,4.62248968349632,5.809201306774,2.23289828646185,13.8135074487024,17.5996273757702,8.69901368180927,22.3134157230927,27.4533179937685,12.0910058914362,rest
28.306692468173,57.6920857053545,17.6066802231105,23.4320183430224,49.3556686284503,16.0991265834946,60.4168546636993,122.264191552887,42.9009213170711,83.4625520081015,165.997890081897,65.3322247637767,rest
102.047078420747,304.42482607378,41.7876173457936,75.020766490435,227.611716944873,29.9190541894415,262.919565336833,737.822027607312,120.355622246904,306.032543437559,856.185300861339,141.983556796132,rest
83.8573517061132,299.166435097488,43.0564655306117,57.8018044589814,222.323355695397,30.6912324995095,221.296492708732,727.986102227547,117.243619243375,243.654373594124,840.352677131846,136.011908770773,rest
8.65000133934352,11.3421455084953,5.38480790352242,4.68867802168755,6.05508191198988,2.99945790322219,14.714398254144,19.0995075592251,8.91206175357635,16.2121514425676,19.5582127518022,11.1324721904536,rest
14.3432733552372,21.0625869802504,10.895170021796,6.36956551283851,9.0350118812121,4.62459680195702,11.2322346954313,14.2901882419474,4.42319604691594,39.036017928767,53.8215328331464,29.269161901107,rest
23.4525775329593,28.9619879887576,11.8131778935296,9.84415229686909,12.2182085656087,4.66139960001005,13.5597975536865,16.9820906758848,5.74073782137181,63.7023646624892,75.4863917173919,30.8463352615072,rest
18.6183052928334,23.4436863411045,11.0653057770856,6.70139075701532,9.17184649581083,4.6602815954417,11.1860703763144,14.2722917572905,5.65660222932989,39.7238575225032,55.8630613679811,28.6493983246695,rest
9.20216930357328,12.3270701082062,3.55782664913235,3.12339440504265,3.98433255884228,1.44037670747393,8.05309865152288,10.575507257019,2.74665939964136,14.2120691386063,17.3517433503133,9.43605545539989,rest
14.1141734309239,20.9832096282342,10.3773136231176,6.08899391826867,8.87601659571468,4.26562314810844,9.76303596372835,12.8256007019795,4.77514096927147,35.7158298200287,50.8406349716988,27.378748647479,rest
24.3683864177233,29.9649483930575,12.2533820246252,10.3227028197795,12.8999646531397,5.26941323968091,12.0554093697575,14.8817017025471,5.20402031792891,62.238072095137,74.0722848721876,29.6981193741571,rest
15.7153823935822,22.4757600417042,10.0166092786548,9.16401248984057,11.4031295208158,5.57286521576802,10.6488046952488,13.2456338179067,3.47299869058521,44.091571450732,57.8440774900464,30.7733704708728,rest
5.63602144556939,7.27935054928548,2.13825573014461,17.8846448869166,25.6596744701656,13.8965677415554,19.9523878523975,27.5623165659929,12.8781344796144,29.9815325039208,37.2196138967342,23.1716581298789,rest
28.5507296102617,80.54444563534,15.7028424858346,113.079021191955,230.55540082233,74.9100759859767,115.601268775378,234.192235785025,80.8672404225787,116.344355013336,206.558942297819,87.9504897667433,rest
146.679353006119,447.905157230435,59.9825269598513,391.227188895195,1182.28273413231,165.926031758805,508.606037347255,1429.27681457114,233.439100078057,348.959978191362,973.144182037949,153.376740027867,rest
131.662133508361,441.008635970647,62.2440603009717,309.925515591599,1160.22532037028,167.489891405392,428.391045768541,1410.63329539747,227.643802878347,258.018283388301,951.607808661413,149.332117586724,rest
15.3469321528564,19.6854572698583,11.8552315139011,21.6905913433672,30.2013812763028,16.6270770383286,26.2878279322003,36.357081779514,20.1694987996543,12.0526728403406,15.190282693896,5.0823351239412,rest
19.1830375142158,25.7045733796312,14.8305650131396,9.77642246702091,11.5067310594684,6.93463540626616,13.4770092231036,15.823768971014,9.3628782830764,36.37123266704,52.9255600446698,27.5538415381992,rest
29.571806062799,35.5719152542927,14.8033954705711,10.8870955156758,13.1540880548154,5.69478007750015,14.1048510663804,16.9165928497248,6.66088489545739,63.5490117319629,76.7737187237354,30.9224054526974,rest
19.1574878956015,26.7083781579845,13.0801581660243,6.85092398692279,9.78497669817716,4.54959967267979,10.5407151639595,13.8295500888494,5.6798119840032,40.9000710730229,58.1219375653984,28.1877463100648,rest
7.72856833197057,9.25120196222428,4.86897069264765,2.93325762915858,3.62623648863536,1.56818058450249,6.7025760664977,8.63731799525976,1.84786560352001,14.2246049157951,17.2138751646814,9.28001005976551,rest
18.3990270520538,26.2044498154882,13.1653169254345,6.55881944113992,9.43450996111555,4.69202532515104,10.4955360128069,14.4745961430556,5.79399469023129,39.0009607142055,55.5923377871133,29.668396916462,rest
29.2094869115686,35.4146110431878,14.1819831606537,11.0319910770821,13.4884674763641,5.47340587075205,14.3169771000357,18.2851175831699,7.40031567650176,65.8306070143059,77.9151752458939,32.6900308099655,rest
18.9911794915256,25.7810652947386,13.8650672920214,11.4555506069233,13.547699715178,8.41401121820469,12.9062658715768,16.1525203057436,8.17733836079272,39.9624089690097,56.9138070817916,28.7741772894425,rest
9.05044932298697,10.6856756085206,6.13865013004876,27.3902589855773,38.1566260112786,21.190463463021,13.9198467180946,17.1095934289906,9.28144384110222,9.8581865782521,13.0974449488383,5.66465156541645,rest
32.5309369379329,65.6991516894357,20.2644736544926,170.396729029403,370.964841131358,111.449922363229,61.321870764454,125.053206945173,41.505906739332,29.1269868158759,81.151336664018,16.4073654488836,rest
92.8678728768025,288.673157734706,39.4916214759185,576.716696684434,1587.23711946037,254.626082640584,196.604413698303,596.634740098312,79.6396291221987,154.542919122571,404.109919641796,63.4832391594764,rest
86.7524809968087,283.658436108013,42.9811023266992,452.748432646606,1544.29295983101,231.977579346464,157.750776222662,584.031193540552,82.0162764242714,184.659957155047,405.593761508385,76.742785209673,rest
36.6665957263623,44.7203626892573,15.4756769730115,33.53685063343,44.6235788000872,25.7138140253138,20.7486061461049,25.9541358353219,9.79900794455049,84.1483972637579,98.8730453073728,38.1512375518513,rest
32.6009974665333,38.552800761476,25.0251923648957,15.5754489803039,18.6258956754951,12.2984102917263,14.4756397810156,17.0571681822773,9.60988930519193,64.4613203829512,75.1959191837741,49.0996744272248,rest
33.4787601417615,40.0661319572854,16.3798238733951,11.3833860813588,13.677384395387,5.71520746342393,14.8727409371552,17.9685232816334,6.98966945102823,68.2687902092988,81.2312946697201,33.7128216387796,rest
20.0703704167539,28.1390811259515,14.6436514324241,6.15233818268445,8.64502453252051,4.40291024613637,9.65538161009227,12.9665951576787,5.79427880488537,39.0452576437081,55.8196846735016,30.0248191077841,rest
8.81183692233113,11.5276587960191,4.66593538637152,2.82112851785272,3.53982104571752,1.3994129572007,5.30813591787306,7.18364097822597,1.98004754268153,14.5553691406829,17.3746712544888,9.24870256787224,rest
19.5769577086338,27.7621977438875,14.9243178880994,6.59681278105454,9.13973197236754,4.84449087893177,8.77769429803837,12.4398455570705,6.27170605222587,40.0844625209189,57.6810353515052,31.096998937367,rest
30.6692247225359,37.6018649387856,15.3420752439537,10.4213930362715,12.427031263873,5.14833646716661,13.3027670952485,16.5058057525053,7.17850426072418,65.1262852553162,79.7144731887283,33.3795145578251,rest
20.0706918795567,27.8881553031396,15.344869559409,8.35220609903062,10.2127622496558,5.71905292468579,10.6479990179467,13.5303715419327,7.85989849125419,39.6400967897246,57.6962925786179,31.0039771118381,rest
7.88586303886871,10.0685827753829,3.51565785834603,15.6177073525144,21.9319767851073,11.8479785359555,12.4109517048949,16.0519777986518,8.96748884377243,11.7560982152039,14.5979608643089,7.54951002745167,rest
23.3295661439944,60.3039364758443,13.5546943651476,95.5783411389063,202.173230996254,64.6351797293874,63.3555903690529,140.152492544939,41.7862406069358,33.1800618274646,96.2310757571573,18.9959554633157,rest
96.0322943647281,290.452909078343,38.3308250914002,322.138257700235,978.468153909217,128.231796855018,218.147404991441,636.515971278669,94.4258168956126,155.956528633301,474.408557344323,65.086745060454,rest
81.7125714360609,284.372031627135,39.4461729717452,254.191405895771,957.933005580718,133.421285505136,174.161885843748,621.338615196409,87.7691143142439,139.175252121704,465.061704256695,63.8296376257559,rest
9.13692819982224,11.9708070538787,4.21103987927363,19.0418167980275,26.3811011901771,14.7179173791664,14.4091958729686,19.5862523123099,10.2758736713602,18.8038181684385,24.1948078105627,8.36299818403497,rest
17.9589073171943,26.0379420619159,12.8881338314003,9.21610205802438,10.9778804708515,7.05525710481143,10.3913470326154,13.4101543944759,6.7415631872143,38.2302513593727,56.5916446839921,28.9512256761631,rest
30.6788873974837,37.1513767298741,15.315083903137,10.4835598167434,12.5988972030267,5.13928323643704,13.2812017860527,16.1032775916031,6.31024964982722,64.7305715532244,80.2858848177104,31.9883898957412,rest
20.4192392220065,28.3709238906016,13.840575579325,6.56961586571855,9.16742146475208,4.36112078786523,9.25143540992819,12.121184782376,5.58615051198906,42.674570073866,60.4717470714669,30.2934939897712,rest
7.6353449387435,9.92758148292947,4.53623921745437,2.50443691752995,3.03555699360393,1.40860199365686,4.76828307225877,5.94518024992813,1.79887772603899,16.1041765299484,19.9696083070399,8.86182546691192,rest
12.2746517185615,16.6598956205632,8.68672578781598,3.97678500716616,5.289339337101,2.71819593308532,6.55077109465075,8.68676200972472,3.86617382394468,27.6112757652821,38.4869749009155,18.7199225150687,rest
42.6608277967241,57.6371402133657,22.8273694570509,13.661832772716,18.5822014926118,7.50230386223899,17.364187906276,22.6733642906068,8.27614469375655,91.5492026365012,121.294364560959,47.2135083873294,rest
41.5276802054001,57.0455925643061,22.1034448227402,14.2327882524958,18.7356378721827,7.04683818772547,20.4550718459785,24.5437642366274,9.5349619393089,89.5234061500058,120.196366842653,46.8083775531967,rest
11.5888542128791,14.708079757296,6.09142689547787,15.657094083035,21.424882998081,10.9623250403012,25.8819474399091,34.1576726016531,20.0277847750231,29.7693234353963,37.7078306407814,20.4143580867845,rest
33.1970383390873,83.6685451236277,19.6797486916771,97.2052590156467,214.565618903347,64.6650767207355,144.556009757991,310.123377458793,94.4342215926681,57.8843070405805,125.313746451661,39.0312816065458,rest
146.075829868927,445.62699531559,61.2523193899817,344.286527580296,1047.13317037116,136.695545942442,481.327236123143,1344.90822688946,211.538033367546,300.767464449761,838.382599971739,139.617067746201,rest
126.246518666566,438.043551994786,61.4127384171219,276.417154109957,1025.53633962983,142.561616960106,376.264545179816,1309.57561103426,192.18764486111,272.78229942177,829.77570904515,135.121199582339,rest
14.9145406688979,18.2995203942885,10.987047483922,21.7406644357521,30.002159611397,16.7820944826245,26.1459611584244,38.1525093132372,20.2732967324689,29.710593802533,36.29949494925,20.5469781089404,rest
20.2651371793725,27.0171086229668,15.4650638376082,10.1823764964048,11.8597198049335,7.8400754959758,11.5427521443754,14.5028270719675,6.4694598363527,43.6106986532831,57.8713623735038,32.2819849277825,rest
31.8223135947816,37.8241458363714,15.4023521828063,11.0908577865661,13.1292350319903,5.40305245652986,13.9141909122848,16.8699805676765,7.02856331446314,66.3983310525633,78.5201360916472,31.9376367979758,rest
20.8203510510229,28.7248990751549,13.8069384924298,6.96565543675216,9.55798131067322,4.40366272547895,10.357573543365,13.9793571193005,5.85496787576889,43.1595056268275,58.4553281057794,28.5087152639839,rest
7.58546063560908,9.43084475475419,4.03560512630389,2.79749226431045,3.40399993290403,1.38159248661836,5.62449797378384,7.67367946230916,1.98794391779694,20.3983949286243,24.6952758984994,9.66461549402652,rest
18.0552495402265,26.2196819556166,13.5465796746098,6.38451507505838,9.10013406001805,4.72871135921939,9.05073779615337,11.7902774941939,6.03518535045579,42.4538213890596,56.4572180493709,29.9306539267322,rest
30.0086382186096,36.8660864636313,14.8171271958323,9.36764956891987,11.7850517791542,4.61822224493347,13.1056969580997,15.4998129920791,6.1307201765499,64.585113911941,78.2935035131601,31.0767828057755,rest
20.7529308424049,28.0387984034704,15.190772233555,8.34302303436887,10.6612904528043,4.13931149282441,11.4883335148742,14.0203465355435,6.77853068814405,42.5513653128347,59.9431789504444,27.2062360186732,rest
16.5548841147518,20.803634963484,12.591990515901,26.7988433096007,39.1268163744393,20.3847703940192,20.74725823153,29.0045145983303,15.4259191603515,22.9099961610745,28.9556717521792,9.4548028485681,rest
79.9084679255289,159.384678925813,54.3952928806332,184.455408876498,404.329122380741,118.184469356447,119.357897371126,234.90438708767,83.4258677511232,113.222673071491,265.705521544558,68.0918547139028,rest
245.917548799674,743.714987471659,98.0847034060797,640.705172486207,1745.92652820502,281.141394042437,493.839757872264,1390.38694905703,225.391325242044,443.749783464215,1241.29631244256,195.839558420989,rest
187.074924427888,726.879133662857,101.177665967754,508.777704188549,1699.64670637503,254.125502792699,409.697384842789,1371.07308290084,219.312854012811,370.559440910352,1213.64146043278,180.556405058262,rest
13.6062202467084,18.2623854863935,6.86107658941926,37.0323536330574,51.8290834404083,28.8073043324964,24.2877300303403,33.9198398993469,18.6292656742481,42.0443822929371,53.2906839977823,29.7048324325141,rest
18.2846007008387,26.8655341945468,12.6489287828669,13.6371379975167,15.8797628753607,10.5617884961036,11.6097399388465,14.1874703853275,7.8904751837729,48.6312262069692,62.5376668014297,34.3903119872631,rest
31.0833233800711,38.472260966531,15.4526976455546,11.59682576025,13.6581937636454,5.64611160937168,13.7408102593451,16.5514280292155,6.44758821208057,67.8966078488421,82.4202423152864,32.095311544842,rest
21.0620440003746,29.3955274622772,13.9473715877426,6.69028423443264,9.22154327350612,4.35587870381139,9.8669384458112,13.0766862946291,5.76993337464418,47.8566434866711,63.8917148505155,28.4254048917571,rest
8.83212294553864,11.0483222631849,4.8355441120374,2.93376686341035,3.71005198824186,1.59228631250908,5.10823870260386,6.46401264030645,1.65853571831932,25.6543700645498,32.2117087663651,8.25388202782677,rest
19.1126412003987,27.1802151199156,14.3428944606781,6.20186178959752,8.75697302470337,4.71224603265589,9.11840337362125,12.8648620181088,5.95147707816653,44.6359658686323,61.7874834227971,30.5636354954046,rest
30.5633807477329,37.7012528326986,15.1806431356127,9.75348682444042,12.1937374962233,4.94160388423722,13.4481710764562,16.9030991999204,6.26502142705401,65.0271273128147,82.9459138797272,32.3938244929852,rest
19.6902558987548,28.064255362993,14.1096709942625,6.53699460380598,9.20030686233027,4.53071765070095,9.95727671297676,12.9297433296002,5.98998498539797,45.7748876981099,63.8783343542372,29.7349146398744,rest
7.08918645487225,8.74640925122545,3.19665362655718,2.60076103860792,3.07673881838111,1.06336963394976,5.22393553023218,6.41914781473583,1.6043114970223,21.3684831528031,28.001095661509,7.41169967664928,rest
12.5527382946493,16.4566433743329,8.67105940752392,4.04828895028053,5.19791188880782,2.63670351379381,6.31109225211431,8.04211310781954,3.53372082112899,30.5450713794138,43.0484371770624,18.7718914621133,rest
19.0074343924511,22.3846357167273,9.55722591485853,8.66465994662931,10.7612748181745,3.32631243426818,10.4063070055414,12.5409610648863,4.10756287635581,52.5862578634786,66.0296180640262,18.9678410734183,index
25.6141834644843,32.077756369569,14.9498137193098,13.0096045180572,15.5861455883142,5.60534591185002,14.1925362657058,18.0551825321922,6.16716918021331,75.6361523299596,96.9001100403151,33.3990337111646,index
32.3073411616806,39.4164969047682,15.7881855769508,15.8623469927793,20.2888004959589,7.96157410751492,15.6911652622719,20.6736780988524,5.39281751367422,84.8149203608751,108.034669815737,29.1465108819689,index
21.3533316669842,29.2897692413398,15.2283350853326,14.030054217847,18.8384066426635,5.23888930990522,14.0773406875117,18.0134192950186,6.14884214167918,61.0762106061602,80.6982939745526,29.6644121065381,index
9.87952429704514,11.6858442914439,4.11871484367094,10.7475150828696,13.3372351938673,3.31714577409178,14.1462211005034,16.8078717742092,4.09345569733043,47.7860389695793,59.7647770243702,14.9344234490942,index
22.1449526764505,30.3372462592767,15.2127704182312,12.4041738549771,15.313710864763,6.04590834830466,15.2820930938555,18.1394867727263,5.50713646623002,60.4022747742604,74.6114818180597,29.540920377218,index
33.9402559997714,40.8565045544902,16.9068940832174,15.5662035959344,18.9016137512782,5.82744268051873,15.6785944173876,19.017817665685,6.18998132162509,70.6145247315475,88.3680557435313,27.9711347548741,index
21.4747188972774,29.8270184136605,15.1335706413972,15.0924467795608,18.6700351767993,5.4797675242459,11.9679060846959,15.7716343478665,6.46675416836077,57.4927549432242,76.067585647953,27.5057787807936,index
10.2420364564886,13.1628141234087,4.38897912144805,14.2170661353736,17.3411090148773,5.21956904449848,10.1750860504938,12.7115915296981,3.124331169386,52.5309066029361,67.6574749536571,16.6758287837145,index
20.8413674337989,28.5712582722314,14.5464845384113,18.1534458033344,22.5259340341285,5.47971763908053,14.6895699710641,17.6810974979841,6.15407844163171,70.2532206156924,86.0666982177157,31.5792434601758,index
31.3167623454248,38.5533039721992,15.7522636552864,19.2373595752103,23.8553768593531,6.10438653792761,17.2308519847545,20.9354631896477,7.12893975818883,72.9020599292457,89.0383557051034,32.5439124616927,index
20.4933136704568,28.7394436921087,14.1706195199541,13.5933215175037,17.7312876502546,4.82733087603782,15.3607882538155,19.2036758449064,7.00796424265883,58.0119281152053,73.6158317890893,34.5194743526196,index
10.1103287509779,12.4731423492481,4.0093577366076,8.94693626218577,11.8225362578912,2.89629892088268,13.5464344006352,16.6218118268261,4.4959390699805,47.5498959778945,61.383421147801,14.3079724636467,index
21.6772657414865,29.1157297485335,14.5797019786776,11.053113303541,14.0710412442659,4.82901718248739,14.4165264945226,18.1276476417866,6.14282032096545,62.7670089723165,83.5138722256747,30.9358493438438,index
31.3848536274023,38.1104703407739,15.338633770382,14.150188896205,17.3772916377713,5.28523205574419,17.0900976408412,21.5789286184459,5.69614320667972,78.1367001965034,98.5453530569807,33.6307226152264,index
20.6002862260126,28.0686205570411,14.5954844856466,12.0320547516108,15.19116697997,5.29088271674533,14.7211728922714,19.0896175249643,5.8103213010166,63.1235395565127,81.2156964292758,33.2080618959296,index
9.56829279150802,12.1816609339191,5.22651646777269,8.24750390408959,10.8861243590466,2.58355391903909,9.85272796105995,12.4971232893186,3.49755957982568,44.6172424467492,56.5870534612363,17.9447652799977,index
19.8732462856278,28.4869298567562,14.6611149768721,13.0013076479221,17.7409487802462,8.05566456226115,12.0653268342103,15.3087196913798,5.58915724486805,53.9792609463332,71.0475236844335,32.0429688136904,index
38.8963119610763,46.0637642254085,19.1586259203325,21.8006753500383,28.1535553025358,15.272833795542,16.5299512665917,19.8667210950516,5.90284338208456,74.3735525261011,90.8769868737646,36.5317729237618,index
114.153383490589,218.855866275933,75.5371617489492,114.16463958183,230.752621901835,77.7095020855991,38.7938205698091,77.7387722821502,23.5990158754977,114.666907154548,175.998293871486,64.2868344467055,index
348.308024367322,1056.71749250394,139.509433919391,477.961681943011,1352.86125323665,218.414273028964,121.64414583846,369.323899401102,49.9337901225438,266.724006330689,805.258950130194,110.780142253198,rest
274.485323617017,1034.86354667025,144.543582474097,393.96364613352,1333.57793065919,212.376010859092,98.2246633585233,361.522204722674,50.0698588697783,205.255109988957,788.963287142437,112.587000357654,rest
23.0769778182541,30.1517936523218,17.560174615124,21.4880286295195,31.0544988336518,16.3330084577167,7.71230587201869,10.8641705462779,5.18931831877708,21.3548258656243,25.7463580640322,16.3857045555169,rest
21.5980199725735,28.0735057057634,16.4770268023597,8.00291135739072,10.0622956616107,3.55584019419611,7.72986279356607,11.1356206232368,5.30633153736322,40.7294724895834,56.1687368587693,31.4322613115109,rest
31.7954397513173,37.9711691786079,15.4441497358755,9.8848866044236,12.205776515299,4.83941705392855,13.031865434497,15.7760206141585,6.40981045667903,65.5034966386203,78.4732349756506,31.7283895450541,rest
19.9576306887481,28.0432572989928,13.538538506471,6.84115343153282,9.50359708052572,4.63625355623824,8.53920540924044,11.9392351952813,5.7841638384015,41.9285398762525,58.4118910847809,29.1668932985402,rest
7.43101784499304,8.6903110144218,4.79588635780756,2.80771132595264,3.3214089054787,1.62016616023624,3.73260999644041,4.73283704750372,1.9639948417924,14.9361756050326,17.684428327813,9.85080609245937,rest
18.4765584921501,26.5245314763137,14.2226848244075,6.30235522869584,8.8810054942093,4.66078314925511,8.3736653606451,11.4162194555686,5.79468913503403,38.6087650786092,54.7454943031819,29.5313737232909,rest
30.4677813529215,37.4510693052751,15.1278618672488,10.1525761927359,12.4749522986523,5.05892194699312,13.1246010599249,15.9322778921557,6.3577936698328,65.6276774224407,78.2523978302266,31.9316366034035,rest
19.1252871684838,27.8374316274335,13.9359118179503,6.52646423895073,9.38319063375626,4.60597975192143,8.54660525138052,12.0517791159938,5.57315725564468,41.3272475878055,58.4949846647597,28.7452913612076,rest
5.91893325166034,7.67312612013822,3.62588055850715,2.41625489749043,3.05883366967192,1.26320350953643,3.19882666443041,3.86826552597479,1.41387644914987,12.619769380491,15.5446394074724,7.91551422163157,rest
13.135800932054,18.6939931730472,9.90179808436183,4.7244015057156,6.51554154021442,3.44325363379515,5.63003855874708,7.71063717534534,3.78497304099823,26.4828998846742,37.715252458348,20.4952190231462,rest
21.6981918644568,26.3403124812225,10.6574839364603,9.93694830399536,13.2552658760855,4.64677168318869,9.13356805120098,11.4189317170279,4.06961815717892,47.0464047305511,58.8428552912861,22.9153398420542,index
27.1221418345389,33.2205758565669,16.7575684553638,13.134005334811,17.5033719197468,6.10146754519454,12.1299832327096,15.0704152273097,6.77415116103716,60.3916579895126,76.2216956880949,31.6924698422247,index
32.0032693524198,38.7444656385598,16.2321512038921,14.2196547874855,18.5720568518771,6.42921067017549,14.389517138173,18.1037490691133,6.25777743825862,64.5622310011343,83.7817002990212,26.9022219112515,index
19.9504030186236,28.6683924745786,14.924740392263,11.2376400182733,15.0635458358367,4.74973951490109,11.2444276382176,15.1396866742835,6.38722415660447,47.1865926478209,65.3868792189041,31.0284172610058,index
8.33886633152799,10.7117825980963,4.75764555693652,8.69987104146796,11.1929965242035,2.75996727775469,8.64155412341291,10.5635748290381,2.26917995028048,35.4585243518755,42.6311352844669,10.8326774699637,index
19.6754674755293,26.8644356813973,14.4074303495471,11.0735907106565,14.0397237640237,4.60089979624694,12.9013826397294,16.0322219621645,6.57449870798467,55.3784797421481,69.2554514030806,30.1517458772322,index
30.2621716185762,36.5392675906054,14.3888322664888,12.5481417003909,15.551306204798,5.148838910239,16.5176359316939,20.3637842705084,7.07794560702217,72.1243635994818,88.0116135676782,31.6845771502837,index
19.2024719894164,26.8399129107326,14.4108745713406,10.555436807949,13.4579449265653,3.96206779154662,11.3932651270926,15.8119655145219,6.52395868174216,48.1379709215843,66.4035915563485,29.209075309667,index
8.6687966461951,10.4870335223772,4.83803802373504,9.16421803932935,12.4189938857358,2.96677699416776,6.74346330260145,8.28805246737465,2.19090554620849,31.3965643019073,39.277607760311,10.4096752585749,index
19.9498922508786,27.2330719913541,14.6399934462159,11.3914012530345,15.0714134170317,5.06147734945006,10.7716616338513,14.2667163784425,5.69217419539863,50.1210164927171,64.9349694679475,27.6957492939446,index
30.7171140322659,36.6114098479283,15.1514283708309,12.3362646102112,15.6866598836593,5.72222812267512,14.5397545798394,18.1075093727592,7.02786500679462,64.3242271054266,80.2290533684514,29.6137056540307,index
19.4773267478603,26.690718178531,14.496477348044,10.4305750656708,13.4716720299418,4.34766352269906,11.7924026027674,14.8671645963861,6.5009993215252,44.9651091792452,60.6649852479248,28.9406359759946,index
8.23950552199421,10.2975145881059,4.67141168216873,8.42851176468265,11.0649541452342,2.47588047538217,7.58727854867419,9.64121229503031,2.06713168724072,27.3604625565876,35.1216107444755,9.7866549085359,index
20.3129446221167,28.6475075771761,15.0924876244034,10.2365843412342,12.9825343057925,4.70975883008419,10.1750427449177,12.7504366354085,4.87177948169392,48.7542756648606,63.1084847715064,27.122762810133,index
32.869373471956,39.1773521671737,16.0139411875973,12.6483337675318,16.0824785873514,5.38782679966913,12.8632682764019,15.3296055786061,6.26441964717508,65.8488220240709,79.676626245677,31.6194910828765,index
20.2886591553482,28.4172805061001,15.0611719550247,11.0243360507003,14.570475810392,4.62232834847526,9.65450268071256,12.3310316074794,5.26928257385715,46.0817166784574,60.8125318993485,28.3554591198423,index
7.83611389308654,9.48134730342308,4.54158256963082,9.04193664514881,11.581066278874,3.11083823321342,7.67978248570974,9.72175607400188,2.2533349160816,29.2759566420971,38.337439544449,12.60784983574,index
21.4068485250992,30.3371910408551,16.1060488311942,13.5484034135143,18.6557951323427,8.10390658840952,9.28723313258833,12.5119138521468,4.46488062849995,47.8505141620972,68.8855057043251,29.8822370387138,index
28.2611840991554,36.3307106289387,13.4132940418965,25.4061709064503,32.9748840517725,16.2083999762282,18.2529527529276,22.9530378616033,9.63249332114101,66.0040277922377,85.6551367615384,30.3234518993248,index
51.8144128184914,115.783787634291,23.2758999734368,131.251655757353,296.288406773466,84.9859341697516,64.0517229832667,114.630235619841,42.980151356734,63.0302734696399,87.63092353104,36.147759470358,index
192.498298099709,595.193134227345,80.0576237766309,458.818244219413,1329.34371445774,203.334774663287,233.40724313485,655.873114979708,103.996748633813,156.78111064828,417.797407130533,70.1147844727064,rest
163.070525073157,584.528625649751,82.170657828403,364.977420851732,1296.75481321132,186.80534216401,192.183592548203,646.319197495242,103.140755653408,135.663511310037,412.979347655035,68.3261394868678,rest
17.0926246104104,21.5608633291181,12.6771165440214,25.8262755342544,38.3069033170378,20.6848250734281,14.4204852762317,18.9235341746177,9.01700458496322,13.3215411820673,16.9317468543195,9.49218465975076,rest
22.9623010566342,31.4032217067501,17.593534255609,6.8270730719673,8.93418361561262,4.54125446943391,10.3909006093299,14.1670684148136,3.6729300519847,18.3873435578934,25.3912914837908,13.6824502716083,rest
35.6454095955878,42.966672720059,18.0363704111202,4.30895507513291,5.30148925328506,1.61229758582035,10.5916268350951,14.0187766291861,3.43705751698052,26.8220342980279,33.4827654656007,13.0614039244202,rest
23.082837828903,31.9327698924926,15.9461603361558,3.36175995299111,4.32775418643489,1.37854048702597,8.17450437140152,10.883529135273,2.18679713447473,17.6590143133105,24.5134007073661,12.2479026403816,rest
8.71682252561114,10.8869806507598,5.13856929157342,2.4223217955,3.12500322613274,0.942212364731119,7.53099127808733,9.68949897633184,2.2694116538557,7.5831009987176,9.16539995102817,4.09857771187179,rest
21.0425924459356,30.4732321059546,16.0128714276555,2.83240600564222,4.01375106069097,1.31832667042307,7.45356740408309,9.50944796640024,2.39840690898708,15.9755391436314,22.5669813906474,12.0730415011177,rest
35.9138728781437,43.1652296385815,17.0018495608705,3.83551174243637,4.9706175155512,1.56670523143033,9.25851563509218,12.2348538961262,2.82195886189379,26.6798267293158,32.5006631691693,13.6158654153092,rest
23.5843720652569,32.335741496442,16.0065834044044,3.02869367176367,3.89492133302199,1.36633467211814,8.70823017113422,11.5923148336975,2.41049430473377,17.7469654477671,24.9144599360732,12.0571826272978,rest
9.78869695106654,11.6233206453191,6.41340074692143,2.1748925411886,2.78206701435519,0.732379956686324,5.90527087923478,7.69990050430496,1.84426399574603,7.95756566294417,9.73659894545035,5.08084752173583,rest
26.0544109054278,37.6680556154004,20.3176844839292,4.06732752079458,5.39483898597075,2.43951792917066,7.13394974921473,9.59389711407743,2.56411660163103,19.4312888515136,27.5291343364716,14.8622341244501,rest
44.5487889556182,53.7385271392513,22.7885678859302,9.98800913423614,14.2400909476539,2.96196053299021,10.7024144856045,13.7334236417892,3.25823940320734,40.3982213281622,50.2846604186977,16.8377433656737,index
44.2186639694316,52.4352934105169,31.6807325036548,15.7873249357401,20.5121596072684,4.58911244528764,12.5766238895626,15.563264390425,3.70168392434232,49.5060977628249,60.9422364779815,21.0960025690941,index
44.1743059796286,53.3630573573104,21.3098500166824,15.8892271696435,20.3987186274586,5.38402706042545,13.4324784345436,17.4543570163669,3.34460055582785,50.0130021435732,63.037245896057,20.8921092590923,index
28.992636745674,41.5236661068407,15.6099628750288,14.2324699406491,19.4497717165244,4.60370023778764,11.2432185899769,15.574721760534,3.78334785489192,46.5720733769891,58.5290498111565,13.716714226694,index
10.6408253168116,12.9363503120711,6.24525553294289,13.3142572694309,18.3206956900643,4.44051691602201,8.71552592741418,11.3038667481824,2.79115291850501,35.9017514580927,46.298630850226,10.2595266388977,index
22.274886980932,30.8077492387869,16.0395446364996,13.5386166474173,18.1073215618129,4.38874858157377,12.0982582241883,15.0760581577772,3.78628892402097,35.5757478572731,44.0511674702947,11.9559456590964,index
40.962548019239,50.266580901776,20.2644898746484,13.8076805493572,17.9586116372389,4.78888222662752,11.9551455932349,14.9671593542975,3.7618122577013,42.3457211384404,51.6252783156807,14.360435463202,index
29.9562681494484,42.124738363245,15.5166211457328,13.1550722821364,15.7274182580971,3.61491725891944,10.2276517124266,12.9004936306108,3.20147278115936,40.2171621097073,51.650557485769,12.4542209654206,index
10.869267083122,13.6051224934026,6.27216118829343,11.8362710010212,14.04756977276,3.65127088925785,11.2668459710858,13.473239928369,3.33314822657849,38.1715849396037,48.9634330597986,10.3764185639317,index
21.6242913294102,29.9617144910084,16.2140150837815,9.76433906191069,11.9310242479588,3.18825813199687,11.1573439070015,13.1677489599217,3.38945103771924,39.2349232311586,49.4185193432109,11.8139258314621,index
39.0486259770981,47.3232559797767,19.1541144424505,9.96395401684911,12.2949241215146,3.15011117773156,11.0827922103562,14.3197357426323,3.54841156473792,38.3510832627892,47.2871108955704,15.5085679056445,index
27.4212409710128,38.6423961858591,15.8955892508572,12.1592890698491,16.2990515926302,4.06031864903244,10.9489412772127,14.7033774098241,4.48143429099324,34.4997919744175,42.3109520931783,10.3424682284341,index
9.56228143241804,11.7785542159839,5.63410813997503,12.2567553670363,16.7989761684081,4.71548948310485,9.9804138573238,12.9364706565617,3.2286285254071,30.7499470308248,37.1845690455892,9.35376281634408,index
20.7887166401333,29.3999902699038,15.5371258311118,11.8926667824439,15.5917870495893,4.02319478397372,10.000255377905,12.9575235902587,2.90990146795492,34.1210549155533,42.4727162967855,12.6616398433213,index
38.7075682394238,47.5655210392747,18.929660394784,13.0245471776433,17.6008319790676,5.28328597248746,10.568936042547,13.5600503384551,3.57310605449988,42.4553103750321,54.7075833502546,16.6351941241867,index
28.1263669660308,39.4700881719204,15.0656878018892,12.2972198760166,16.8696556723614,4.36494388242152,10.0424359661103,12.6454424426407,3.26426157879416,37.7066480538803,49.5651560953922,11.9935956636525,index
10.3945781270038,12.8815470709023,6.15837167095114,9.72124649841608,13.0576334647758,4.93761829548419,9.88856869898409,12.3407078463148,2.80012195520683,29.8244711296191,37.6342740279389,11.3612636020984,index
21.8509995293296,30.8830511625337,16.2860961312357,10.3779117638824,13.0063142569105,3.08756224500079,11.4405740152964,14.2453595392474,4.50963895480944,35.4662616462185,45.9556648880374,10.8713819590878,index
40.8840767011818,49.5136063085132,20.2864382506684,21.3580762752128,28.1591374803603,12.1923605778291,31.2597716784612,44.6030579294955,21.8598427869558,45.3862222546743,56.347647360818,18.7957754870536,index
37.6584402431281,49.8693650706354,19.4329867538934,101.910149662181,215.300414416112,68.0228886197379,189.726419758722,410.216850387266,122.150410096201,109.67902249519,178.634451616385,71.2429341063052,index
55.4264470472495,160.95196520771,23.679876555776,345.144044937711,1048.67223913337,137.438592387069,642.366804909381,1748.95269020064,282.461239335927,349.140001128547,971.405471591284,154.039606205105,rest
45.1817834063373,158.197747301096,23.3822642738239,275.258589008352,1027.06645889186,142.845508386264,506.650242632245,1701.42017678373,255.31368899182,280.840048156941,956.187167028837,150.632122870992,rest
8.94725713688813,10.8735881878323,6.22118936803359,20.8942541520147,29.5467071895868,16.1448648501604,35.9784976922926,50.5852716840276,26.5084129638263,21.0867210350563,28.1947949657816,14.1660871910136,rest
24.9780368516637,36.3017257808118,19.4484823444797,7.52700920677614,8.94710344960029,5.71227847726162,12.5031276622957,16.0524735041106,5.67905531896173,23.7118980439859,36.9396979314504,14.3193723325878,rest
43.2256357815245,52.9708554051708,20.8879146133731,6.72637758292218,8.24120609217826,3.22603262037964,9.49412427771282,12.509442688024,3.07496445719244,50.5032733442662,77.1052272940088,18.0026981098356,rest
28.2381425396502,40.4683681325055,19.1484121439152,4.2588093028991,6.0129527618218,2.35005563345949,7.66001028324271,10.0368814841901,3.3467306339387,45.1702190949114,72.2651972860841,16.8295090642764,rest
9.58694986821883,12.0031801571449,6.32106698265835,2.13864411180236,2.73342497994457,0.924489463230296,7.27213959559734,9.66370755646998,2.35918471742917,18.9447519039285,25.957473296538,5.53192797927153,rest
25.4672773216266,36.9495493317995,19.5138492100922,4.00245915602846,5.52464332155152,2.72242110631798,7.43943585732569,9.6968915193867,3.58500931115606,18.106820720404,24.7553776365165,10.1273667333802,rest
42.908961063901,52.1649087440496,20.6962003661171,6.27311068390616,7.5642741037745,2.93973677674192,9.05457951632554,11.4223638932028,3.72884564255982,25.3935622163345,32.0904678002558,11.2234954437619,rest
27.2221772447776,38.7013278137406,19.307873363369,4.44369095956707,5.84993164160186,2.62039714610292,8.317545150636,10.5392714601212,3.1532805281091,18.354826262981,26.1433057216447,9.98861999480895,rest
9.64527135416429,11.6231490373516,6.08659948588481,2.18614920244305,2.80748123063988,1.01511347258661,5.59107328594477,6.88304828551971,1.86163967673505,8.56104460466482,13.9820029015923,3.03542297517071,rest
20.94268401447,29.6542290016344,15.926796279021,3.79185737554553,5.21199669225958,2.58322892284266,6.53502913541234,8.17174973296691,3.1709048578312,11.0427701517769,15.2799024854733,7.56427199991332,rest
34.9454874909398,42.4636881861029,16.7331621817033,7.92327119521782,10.8753867248001,3.04175294963379,9.02650688855427,11.8850149944754,3.11143431924215,30.8945691180355,42.5596330338746,11.1785288912909,index
41.5271886572042,49.2754575747573,27.7356224818684,10.8376241676487,13.8675915614469,4.37338010372024,12.0713884062818,15.5723491795814,3.83374587096216,46.9992635496408,57.5023931321971,14.5382771720597,index
44.8384479878477,53.2585805877638,22.476820274379,11.7842735014953,15.29627553839,5.1141441418328,14.0758031243463,17.2861791802328,4.39870130794605,46.7195160089598,57.7010275138016,15.4777641624267,index
28.0232130619571,38.7871684352765,21.1037266824856,9.9390686022038,13.2541645952676,3.46001134409058,12.9383664826335,16.1115100237483,3.83756366601334,42.6002005568245,53.0743802713955,11.9098856331456,index
12.3569069523296,15.2627371853351,7.49012471463983,8.88744413238816,10.859494409499,2.78281301735813,12.118363656785,15.3270916841334,3.22391671437514,43.0474545443902,52.0602584193652,12.0747745535324,index
27.700026760937,39.4635482492056,20.9363887778589,11.823621491962,14.9996583460567,4.41175565015274,12.7303920105833,15.9958138962769,3.71656794237954,45.0107211735939,54.4242087164997,16.3739558389945,index
43.7527240414357,53.8528773447657,21.5217666856986,15.7186080914471,20.6660300359519,4.57437507965371,13.3602828796629,16.5951384090014,4.91383774764665,43.3614119628255,53.7477199774638,13.5468819154641,index
29.1985118674018,40.098884183319,20.8505585654444,14.7920745925411,19.5336341852955,3.93670243603722,11.3162006102877,14.4307607753666,3.24951679559148,43.4579735045172,54.9141500351863,12.1236509056004,index
13.5193376063564,16.5825319884076,7.25752992812436,11.1651598383629,13.7619759444667,3.45578695997284,9.69764399802892,12.0670550654302,3.15523548383828,46.9578053905222,59.1762190412421,15.6227258003421,index
28.3583957044049,39.7672445873537,21.0075068817678,11.1657762384334,13.9126999335058,3.90766571181656,12.0212208872545,16.1863120050221,4.9761153210829,52.9857086467583,66.3181114593499,17.0365404486767,index
43.6079606666269,53.3033572489328,21.269703560961,11.4542906096861,14.6911506323342,4.28847274605421,13.2775440598747,17.9294677838328,4.98273290778275,51.2425725428113,68.1412374806976,15.595036204558,index
28.3582336275555,38.9902617711042,20.4989243257901,11.2946838193448,14.4108606993632,4.40802349555663,14.0274960200723,18.1220465134809,3.95770330808552,41.1322472539508,56.0114958460465,17.561397183026,index
14.3903685487189,18.0315116861574,8.1261214128066,10.9369329018909,14.0557571204377,2.89483540518509,15.9619235208251,19.4770056615896,4.37390487247902,34.1515844612878,48.5649178072708,11.1645332835371,index
34.606835606999,49.164684316854,26.3457639629946,14.9206528652572,19.341653457033,4.72532136830394,15.2380658320313,18.4527623634271,5.27912822035018,40.2701507128433,56.2049174676499,15.9293784900244,index
52.4493373345845,65.2729628088448,26.0486412400969,16.4891114372825,20.5162996102157,6.60101532521753,12.3791941262285,15.4334524069238,3.98489621240548,44.3794414501315,55.3105176567123,18.3606046118143,index
32.7188541970551,46.826157277711,24.6939031398222,12.2817818908071,16.0265296272268,4.10298980943194,11.1862909448138,13.6964527199927,4.3112455605605,37.6217760850731,46.8881902795798,13.8556516647108,index
13.9936264601314,17.2899845683258,9.40811474527413,9.35305006003009,12.459948435308,3.12501594434861,11.6027289019752,14.2164228000263,3.0078381701612,33.8790649827366,42.3734374312821,9.2196315771334,index
31.2329725805414,43.3747244307161,23.5540033661553,12.0245850020966,15.7977273364517,6.16246542379588,12.6521251841666,15.3222930178388,5.18726241741183,36.4275562377743,46.3258613911048,13.2813145760954,index
61.4769966628312,72.7453748548067,29.4493080446898,23.261303361195,31.4316622546462,15.3975246395824,22.3325871904037,30.1812347747883,14.1296191232777,48.9068125733068,60.3097402094224,17.1554319664877,index
135.448269240508,219.949135083096,97.8337252754767,115.455224370079,224.462534510926,78.0032575307773,112.895521275312,230.801204165498,73.8812573345954,107.442109702434,197.662984665761,60.1940563087445,index
302.43807623539,910.041472135253,123.160079498308,466.158787380892,1320.51933157534,210.53154147146,389.480620220868,1184.42018909039,165.578609757014,313.313575350192,836.266559644746,136.78130438076,rest
212.090645021923,885.177260542698,122.370266897703,384.088536231564,1301.96767339766,205.683737962442,309.387303581477,1162.43513966968,167.234036789238,252.558692821455,814.57680075602,120.509227622024,rest
11.6000751613463,15.1077863455341,5.60603986901602,21.680610143749,31.3554380060787,16.6114026956872,20.8652589934495,30.6760657493602,16.2506929103427,23.3732927132048,31.2717133414082,17.9474503753531,rest
23.1683896935992,34.372250389021,17.5613717311225,5.791847520901,7.31679323398226,2.60305371749861,5.95536739740597,7.86733874590736,3.0275263015154,22.2944704104452,30.3132805864039,16.886213630385,rest
41.134114340656,49.920013152607,20.4135897291317,5.25849342309875,6.64613863933979,2.68860255723537,5.23284378005748,6.39713561413625,2.46771055848159,33.6998187553653,40.5461905756867,16.2782361767334,rest
26.7027412336168,37.7577705704617,19.049902140498,3.662482056793,5.29581478073653,2.51537798373233,4.38465598528126,5.64723960726318,2.2301447366148,22.056698954024,29.9980065910547,14.1820933105715,rest
9.775297930287,11.5834047185962,6.90832262660098,1.67112419391156,2.08570166554545,0.788198183262596,3.00227082353882,3.87132839308337,0.93327515826606,9.38776552480816,11.5954722923393,5.5111248583155,rest
24.6449758060557,35.3590490726051,19.2310489311452,3.60977721333864,4.73799679919235,2.33061055125449,3.9647744105343,5.00887051979777,2.07819076291942,20.0817630293718,28.5016054818832,15.1302526156425,rest
41.2601349555459,49.9077666713866,20.2839906268449,5.45193277250294,6.46282205061596,2.45798619023329,5.40899487312064,6.44228980824126,2.32975603831022,31.3007261712962,38.8913116111794,15.9395814557215,rest
26.8674620123446,37.158359727364,19.7340580829097,3.53517592602472,4.89134615206108,2.28069514006246,4.08732499856027,5.31319098404617,2.11966117306043,20.8380262830794,29.1831936784776,15.4998396005364,rest
11.590025063553,13.4012558798954,8.99759854139305,1.69692011961928,2.03166636196739,1.04861143132158,2.30315275495951,2.86607374291627,0.871136259907029,8.92304678340912,11.5766746519973,6.04432547595399,rest
29.5750130602773,41.6239032662248,23.1734320660583,3.5632654731845,4.9065179357215,2.67090854581997,4.2298300367996,5.58651121168938,2.7384749692593,19.5149505832602,26.9663886829512,14.527097671799,rest
52.5990328835419,62.5124727433503,26.0736470283939,7.31645222709742,9.75312268045843,3.31952039637773,10.2043635770306,13.8527908167301,3.97676015664121,42.9177853134474,55.239676853974,13.0503787797855,index
54.0501339374352,62.7144754615313,42.1998140886309,12.9854323064112,16.5121044423385,4.95018747484342,13.275148129128,16.6913945638089,4.53265277428516,57.6010319073238,73.3022642698485,31.0977222983403,index
47.1519500547424,55.3171219182219,23.412990738862,15.079534548923,18.6534161552679,4.59523897436503,12.5893933996732,15.3389316612158,4.01749280437511,60.7673296464086,77.9274217579115,22.2021814099087,index
28.1362357398112,38.7938823972195,18.8677403986102,12.1800582331045,15.8756747747152,3.7870823589202,11.3336369447359,13.619826590672,3.85657467452764,51.5045373398696,67.1891925970933,18.646015242719,index
11.3509877367883,13.8966502163289,6.39201349230599,10.3406909886295,13.4071331276229,2.73460011299595,10.4749372555651,12.9069917628033,4.25701579567927,47.6738089394478,60.8147981143684,15.0351470440661,index
25.5025171250711,36.9661566090445,19.241796644274,9.95108625034109,12.855081534522,3.68207751777166,11.9802009773689,15.2943581622551,3.25401669777262,47.7125850123189,59.5168325889738,15.2585019642544,index
42.4347216153372,52.8218747717986,21.0399851477965,10.261601232579,13.515605286385,2.94759580468226,13.6004414989196,16.7619448601157,3.97587708778638,49.2415448176158,61.9815379981635,15.2772167512979,index
28.668070153045,40.358013736157,19.609938064173,10.0428208838231,13.2033901993283,3.25340172216689,13.531896421004,16.5177982001837,4.00326622584913,46.7536236860891,61.2065711092054,13.3076714699899,index
11.3832345245089,13.89191758862,6.98560558822094,8.97398654049141,12.268855914282,3.29110955095533,11.2595543763686,13.8702390746684,2.98441301000129,31.7066246980807,41.7611877182366,11.865480082017,index
26.1313153406504,37.9171065517426,20.1100870740772,9.72385746689306,13.0259438889991,3.85018208932903,10.6399132986712,13.1621437590338,2.92533481331095,39.8915764044538,52.4677321644107,17.918082243732,index
43.6822607247072,53.3865020954027,21.8653174931609,10.6413355855406,14.0188408519109,4.33345383051283,11.0625159440296,13.8716674952893,3.33087097127917,52.2894151239375,68.4142034398652,19.9712017936664,index
27.846288409235,39.6077884198031,19.8260451756198,11.1779900864373,15.0812955184424,3.12979099821176,10.7503266302259,13.5978288445416,3.2337751485465,45.0567158114672,60.7155185121659,18.3769469925549,index
10.4859046966843,12.6789915701705,6.60463884591748,10.8347363743371,14.3400845720679,3.48629390992562,10.9362390348102,13.8463633260853,3.20736235016762,42.4239259131321,52.0107980074249,11.2042133510513,index
25.5672634137628,37.1347034995942,19.6620162856495,10.7395660104414,14.2281023232916,3.60560607769269,12.4971456326399,15.4887738281271,3.57239431087037,48.0445016611435,57.9281643211049,16.6422067054062,index
42.6503619489332,52.1611081287475,21.6072339931565,9.59142826007794,13.1415364547388,3.09909505154806,11.9145760055329,14.9283196942444,3.79775383532992,52.8931166268759,64.4051197125163,15.719163019032,index
28.1722888948551,39.1383896533448,19.4672272537166,9.06966874980087,12.6759510449916,3.31545036032549,9.8504321282665,12.6286572310942,3.38910122639323,48.3580855078632,60.1974429754521,13.4636731503503,index
10.6964602237563,13.2820483711472,6.59337859290376,10.333024906756,14.3744170119011,2.89913928790052,10.0501220891911,12.6689011115753,2.57851467196613,35.1221275339096,44.2801579924662,10.0135651880938,index
23.9984088702313,35.1528560455859,18.3213804224828,10.8218195346645,15.6558878240381,3.28328129679325,12.1105055275114,15.300987167235,4.04281744649431,37.4071390821652,47.1129255185748,16.8185076260843,index
51.7627407387192,61.7504542823515,26.0920388285441,16.0618923757328,21.4923764938684,7.22630308276377,22.9861044476423,31.8145464171754,15.5247534430993,43.6663954489532,54.555868074774,17.0110308200074,index
100.240798569114,144.767760811362,66.0853999941022,67.4169157576773,139.035930462337,43.4161051171178,117.454833136071,266.625831037294,79.8198076413586,88.0530490600545,170.504980433758,29.9916301596749,index
215.135789883699,597.99522324937,86.2777224779939,223.347053500677,673.63596282651,88.4996949392937,411.16770774432,1234.18159368769,175.473534577506,298.472708561205,887.173635345073,120.843978961408,rest
157.160247291139,582.711667689171,83.1813327502531,176.785410706768,659.61651480024,91.7679669000323,329.344679829078,1205.87104474942,166.792657062924,249.721490416001,872.005566170434,122.698316305871,rest
15.9854451427516,19.1951629273709,11.9506536011513,13.4450803423221,18.7699814964813,10.3573946304136,24.2964269459979,34.7981706694168,18.9368107271583,25.7741805127396,33.7845183787991,19.8211895388849,rest
26.833635783891,37.3185903581595,21.1195420686525,5.70849698820203,6.82683484480799,4.15158911525959,7.9002071906612,9.30281677767435,5.90314746133245,24.9355512450198,32.9009629779977,19.3228509109833,rest
41.9780959698566,51.3766501344187,21.2788922949586,5.81508816916461,7.03995812599597,2.87089160058427,5.74629673819534,6.82705269730169,2.57806882141699,35.8353832870789,43.4830045469719,17.9854936621543,rest
26.7625211507117,37.7874798950306,19.7454555693921,3.70680123741589,5.13757040896375,2.54681308979904,3.66278391033036,4.63846277444989,2.18079057579911,22.0641515350129,31.6076026431508,15.79448009001,rest
9.96905968690593,12.0210249335783,6.51594455572829,1.75893891283299,2.20255618305274,0.736736222661126,2.29891559894574,2.99810199124026,0.847480788539362,7.98862709435505,9.96560549558738,4.9962982363144,rest
25.1959316486559,36.1539276162784,19.3881358659524,3.60609848474982,5.13131663889604,2.5785315995822,3.51126245387413,4.66532081252107,2.05592464215191,20.607907467796,29.5859175524496,15.6446441504968,rest
43.3962882071984,52.2223597410653,21.4290805964239,5.85812212885375,7.13420561619453,3.19537489951129,5.25317821270387,6.30338326369742,2.41767173124973,34.5705040221212,42.0837419717442,16.4963103341059,rest
27.8948478392317,39.4457032239816,19.1991845600648,4.13577216113851,5.43956650470911,2.5066335732984,3.98273452601018,5.24827047467759,1.97656190205314,23.0978069936682,31.9653920912178,15.0304510623973,rest
6.41026466226835,8.76016477732654,4.64940418169899,1.68589806906677,2.04655624288907,0.525058071459083,2.38786768354614,3.01632490081298,0.705768228165493,7.7330922873747,10.0299941707649,4.18004981926149,rest
2.74811079858492,3.33192139595512,1.72373271377474,1.42156016460931,1.79155008996179,0.599655706426709,2.46954835196787,3.01933408325719,0.724607827758634,4.72771749787042,6.25162617948019,2.03875294733975,rest
7.75445691059736,11.559436594727,4.38963209964376,5.61146222139989,9.27774556349886,1.96679134664787,6.40430605196496,9.16662839218847,2.32888474740948,19.0501549773428,31.0214186942365,8.61206804238851,index
26.1142471775019,35.2951990624397,19.8282658768444,10.128627985512,13.4372094745533,3.25034634517776,11.3070111525534,13.7133118021264,3.34724410071425,42.1049345174181,52.3642673272153,15.7048693620564,index
43.3182763391879,51.3174326337413,22.2652170077807,9.18764055792811,12.3544075999446,3.83688078644113,12.6089871189786,16.4507898245719,4.60361417507414,54.0206806810489,66.4803347245566,17.5774483953609,index
29.6948039724104,40.3173317102401,18.9471255842315,8.37482486930746,12.2218726923929,3.27431408753998,9.82860906680807,13.8570739342062,2.92037356905067,45.2551692391705,59.2146874602874,14.7715538602317,index
11.6904609788994,14.070559196095,7.7488809355007,9.86258021372738,14.2124969986587,3.30145029854439,8.84868198765997,11.3282218050257,3.67246634831684,36.8134584055708,49.3439625586397,16.0739805755636,index
26.3027620539233,36.8658638969022,20.3324577437246,11.0246857363043,14.5828858929971,3.34575205156706,10.9263165298601,13.8232974868965,2.88592760619575,47.2381196419836,60.5358984869388,16.250385455733,index
46.1994198441176,56.6585196319454,23.1111686257261,11.0675327271827,13.7236666793295,3.97055135547664,10.6029815078433,13.1688517403206,3.37807561067287,53.5729902547375,64.8023835127877,22.9509368993924,index
31.3027964533493,45.1731820540257,19.3637549327028,11.0149856733387,13.8457145987404,2.84979326821802,9.69492159910238,11.9689580153912,3.1331700831993,44.5292880028138,55.4799383951827,17.2405951917328,index
12.0012320873378,14.3396818291555,7.25980236819496,11.7554749264446,15.296877718188,3.34617185994247,10.5490689844467,13.4025557121456,3.3579812248145,39.3642041187258,51.7874423851493,11.5557075034107,index
27.4736113406165,37.9271130275258,20.085725925707,11.6546830384784,15.050783359663,4.38977111179603,11.6519395680078,14.8020818822689,4.18545285690496,44.5600619922441,57.9216973420905,13.3189996620628,index
47.5233236343512,57.8391496523601,24.3049102962646,11.0911205882205,15.1903304661058,5.3219474515337,11.1314604501163,14.0024623966168,3.67985793112999,48.2859910886503,60.0851090527774,20.8320094730504,index
32.9257525126157,46.4033840349431,19.6579296924942,11.5115478192068,15.6521027665655,3.69368027844411,9.89927965597108,13.2113300098205,3.45135533939113,48.0931628194591,60.1465222992784,16.0309104844751,index
12.1351443952127,15.1353524053373,7.37313546321983,9.81974585376215,13.2924824245531,3.98458855350668,8.91973185186326,12.1664801814053,2.74690583768936,41.9289460504197,53.4734749616417,12.7285927390453,index
27.2013516378403,39.0318834647226,20.7749151258888,10.0629036118318,13.6123059089584,3.71360101845353,8.82701572872887,11.2630249178047,2.94272528241814,43.6556313300021,54.2893431277726,17.4219195456126,index
47.2471769795446,57.7025918770101,23.6393378695625,12.5527367136945,15.6211954327216,3.53905543850023,10.0283705830399,12.4952891659383,3.7244818533892,51.4530275859785,63.5064937805509,24.1491567657824,index
31.2305761745623,44.6314748383962,20.7938456647223,11.546504015575,14.6052891165694,3.46116092924247,11.6110316784616,14.0749396409243,3.17060574250698,46.8177694439842,58.5407622836026,17.1869362746362,index
11.3765497790597,13.5775286986651,7.35722286220927,8.70142745228901,11.9551328598469,4.28221058967943,9.95544657052562,12.6324949706285,3.32673637539161,39.2650977841121,48.4575656488108,14.9823853786697,index
27.3313739449206,38.6278356029826,21.1947701731997,8.09057509098435,10.9418176186727,2.47882691631841,9.92006274238202,12.6208219234674,4.19309164133382,42.520430035812,51.7430798842214,13.3473440693409,index
46.4910607360735,56.6793962609205,21.4606237573882,24.3112705151124,34.972749597485,15.6533750843231,18.104614104854,24.0683015625664,11.9601424608466,61.4656765705179,73.7400506473814,30.4972508457393,index
85.9912726178909,162.202471825898,45.0449834635872,125.767666092677,256.569147537893,85.7485423810414,87.6850591724806,190.56775983847,65.8418940174932,162.752602661328,281.469123541436,103.052843212577,index
245.363431263446,739.878229897071,102.385574935176,400.443052551389,1208.5479283707,162.331481667159,387.55300095472,1095.63843237265,174.2645202747,416.515087874064,1189.39739085268,176.739832979684,rest
196.864221875632,723.476469854469,101.189732209708,312.390066071004,1181.87786184639,163.789038064634,327.142922373122,1079.4600973104,170.492312207418,309.767821967393,1157.70126931807,160.198006790844,rest
16.6407288493904,23.3856370745188,10.6224651949145,21.9191837117875,31.0926511014592,17.0230008555334,18.2032064706136,26.0017918840072,13.5752146479127,23.2368013994557,30.9623124764378,17.863580268939,rest
21.4537249209852,31.2004228483179,15.5371751743317,7.06667165466969,8.4738872870976,4.96255288275298,6.13660913661604,7.40225743647451,2.58031668177851,18.6412964012855,23.7078697926266,14.1670224543258,rest
37.6078875291845,45.2026715525657,18.1785708119494,5.78639248058235,6.87808420100885,3.02114655606684,6.41310171867059,7.88720804619978,2.89838334027651,26.6828537143489,31.7101548939035,12.7851636947308,rest
24.826310019551,34.3316388646742,17.0497834201843,3.80621510547295,5.05053033043752,2.4248019665117,4.70727123326172,6.28582992619923,3.06006840947549,17.1612021772894,23.7514894911152,11.6371108026521,rest
9.24499022962633,10.7646332391158,6.10069225036419,2.08763063671927,2.6013768315379,0.861215075533284,2.3781020060602,2.89840832850186,1.03568767752788,6.30478900859645,7.81362495135994,3.76193637525668,rest
22.597652574186,32.0698303802563,17.3800801022978,3.66720209376914,4.81099038427659,2.52373892618962,4.2607275951258,5.65792344421234,2.89546277532064,15.6562772817963,22.4916166966909,11.7502692602977,rest
38.0341924997982,45.7951392386251,18.5422821577783,5.51526401507591,6.62072921761612,2.64622689686716,6.54264507659088,7.96341899752055,3.10021150650183,26.7099447514291,32.0468572807219,13.1621342795258,rest
24.7551368647164,34.4644142232231,17.8479961419747,3.85386327447855,5.16572208491005,2.62628412792176,4.7870872728792,6.41290329221808,3.02804339402277,17.9744399624473,24.3044711685938,12.3447084584336,rest
10.5920147654169,12.4421117496469,8.07239461039321,1.88212861702821,2.3219389969253,1.02140007509024,2.57903342288023,3.16620530275076,1.1217470360761,7.85654365094267,9.25086365342243,5.74788600438643,rest
27.9142113763352,39.1667927537615,21.8032165022507,4.22428375288504,5.80037407628776,2.945746556879,4.76725239877058,6.73506868609983,3.19644107115146,19.0497500822037,27.5564514805616,15.0251665228245,rest
48.87345804547,58.1711862429295,24.6512197197886,7.61969598250994,9.46491750479069,3.46754846402575,10.5032194325375,14.0310995142896,3.72056439404939,40.7427339818388,51.6486866487028,17.4164932408495,index
49.7501481493211,58.5143518690283,38.9450078304123,8.48274554607374,10.8687301804168,5.3165284596267,12.8324646999353,16.0955695392164,5.74043021105271,46.5339483257678,58.9837193965959,26.9916322598194,index
42.1390341362531,50.6810746327651,22.0349954435965,8.89378123843757,11.616668231075,3.50069192494506,11.5336821916787,14.1866151589521,3.83289768959231,47.5199834523181,59.7758358934003,17.9915299616533,index
23.6532168020541,33.7651655256366,17.1233773262494,8.17378908687428,10.5925766937842,2.57769125825952,9.36260489483557,11.9406677604841,3.32187035282372,40.3797123334181,51.5288683042153,13.3790376979571,index
9.9949157676473,12.3724316025507,6.20481750599177,7.54664127444227,8.90641967840914,1.93762872667184,7.88266585274998,9.89107014716968,2.53221679448721,30.5329462370578,37.8140298888298,8.02307599451342,index
23.8518513327059,33.4394447627455,18.1655775295956,11.4057232831412,15.3397715778033,4.1847736534433,9.38310388147243,11.7447761405793,3.74825716201984,35.1321701415799,44.3380238058609,13.0691077464601,index
39.4794543678792,48.3493151452082,19.9604412545396,14.9726529603828,20.4528352660688,5.22551263946151,10.2191777985243,12.711144750986,3.74030594621475,42.2955949501502,54.6890070817483,14.7803348890479,index
26.7138431959979,37.3822717984732,17.4314766504331,11.5653490191687,16.7445005904766,3.41236442778526,10.0373552141917,12.2464360619748,2.76260860956229,43.6457072599014,56.4520652271249,15.0317625026371,index
10.8990612108497,12.5487382596897,6.31562568134599,8.71208607268104,11.6280146841925,2.90659093937283,10.6952202907558,13.1192834822669,3.20293673283015,36.7679227508698,47.5005616847134,11.2311247153585,index
24.326534248862,33.6759413938072,18.1427047946752,9.29545709957807,11.8478174580197,2.74622462744386,10.9542504085985,13.8170649330816,3.37875734922419,37.1155788983873,48.5026306036025,14.64690573552,index
38.8408004614422,46.9838241575626,19.6972947862647,8.06585185292701,10.1337121702417,2.83524748301979,10.8811112733243,13.67651480775,2.68889943417421,39.6899400911331,53.39074158028,17.2675735707432,index
25.003858220949,35.0928365555371,18.2816672859216,7.55599011363724,9.53296347641289,2.46547474936414,9.75192097800807,12.0255608810957,3.99356881085688,40.4685195397975,52.1155055521339,15.4255039276799,index
9.30934670211918,11.5424875270084,5.9319705916815,7.71735256399412,9.49070825939959,2.23688102420626,7.88724406882254,9.90362272017097,3.8255587743106,33.6851034067375,42.0138616425518,15.0287462418004,index
23.437795195305,34.9487848166845,18.0121266695407,7.07403893708332,8.68488703344124,2.35323554649219,8.3057561067757,10.9857886265994,2.61627971277784,32.8494537739631,40.5516200526014,13.9643321983241,index
40.1859616714935,48.9570731119024,20.430861905441,7.17937725274009,8.9199797409563,2.81242849149298,9.03315156156152,11.7680820246256,3.05435066472093,42.9041909926167,53.4981937174092,17.2509595931761,index
25.7570724798429,36.0186382451011,18.2196724798761,7.66966398008394,9.59623546062307,2.17658961615811,8.63816366089224,10.8108980288543,2.71133116379251,35.8055420300669,47.0090752838093,12.5818146706565,index
10.0463848833609,11.9199236821133,6.4903928667178,7.22280439461543,9.32292933158604,2.78848173563062,8.95017972718379,11.3989785890106,2.8409358747959,28.9992293870656,37.4998049192239,10.7194835473677,index
25.3322845323284,36.7862837082107,19.582284164394,7.13850588152247,9.04512703837667,2.01435721362555,9.70476546644101,12.5157235135994,3.3507714835972,37.216429172537,47.019669746526,16.8620639503797,index
39.6930953970965,48.1336932458587,17.6325913746563,27.8411646933258,40.8342431414906,19.6476833389474,19.1463142984983,25.2695824047576,10.5202346300033,38.7576861166075,47.7976262659607,13.6006916298142,index
83.8799240625154,164.876543620922,47.9805996580283,166.750344164358,357.639129839905,108.832302758103,92.5713462078771,193.231457357866,60.6792676249174,113.49796289948,244.204382456176,63.9958164428181,index
242.457059189684,738.750783912369,100.571665971041,560.073422134855,1541.04577080177,245.467653917413,301.120493999206,821.360236243731,131.818170284791,377.458195460426,1099.05100803298,167.622818182085,rest
188.18786644152,721.060102970188,98.3248168415533,442.678163179771,1500.14201437416,222.429035740064,236.168424111445,798.983869885648,118.534818571477,299.412301344629,1072.4840346237,153.429049965594,rest
13.0277823839116,18.7601188483137,7.37790397740447,31.0547592990927,44.445388002767,24.2601532637275,16.6758990388346,23.4716123226087,12.8276630463939,21.0455213283715,32.034581616873,15.6441030922505,rest
20.2083770993413,30.245601288166,14.3671305291419,9.12943680582347,11.0283201396005,7.04358426849726,6.91143152290339,8.14512408961468,5.06716060198925,14.7474619967899,21.4221155255234,8.86931955786258,rest
37.3002782528854,44.8131663221584,18.6020430630796,5.7882486737306,6.80945070891212,2.83424506699018,6.8200385597414,8.03341274507993,3.23621598551706,25.3293243579283,31.2277002056925,12.4657602849219,rest
24.6847272936712,34.3660551298379,16.6863346698743,3.41604656173113,4.45087821172722,1.93724985111782,4.65057899979954,6.02345571391311,2.82987083716384,16.9252690599679,24.0297051007827,11.6395510674063,rest
8.96398773897018,10.5053412640575,5.91413280189028,1.8271015574683,2.26106446293562,0.710030011536631,3.00344486417105,3.69896559613702,1.06054267416284,6.3767300995927,7.84349857342911,4.16320820102614,rest
22.905215688543,32.516834080099,17.468009165368,3.39409670670392,4.66647734682743,2.42401496783803,4.99235826425269,6.41554048632757,2.83864889941293,16.0257096140761,22.9294585208439,12.3212556369155,rest
38.299649565705,45.6893698426279,18.5705873369488,5.20991748657787,6.41827924740624,2.49505717534616,6.73723056760493,8.21551147179782,3.38885816912927,26.2217485317347,31.9831353277885,12.9239219475796,rest
24.0324924375416,33.6100906206496,17.1744714748836,3.50478877830475,4.86380273133337,2.36937452113008,4.83826897939092,6.43549841179606,2.92753869487351,16.3787140147941,23.5929751301197,11.9145960986692,rest
7.62245227686004,9.01689879397361,4.68679570386789,1.60257500283434,1.98221354127408,0.780019155047901,2.75551505249093,3.56015845730035,0.911022282942528,5.36096791231143,6.7330484762609,3.01653601643908,rest
17.403054071449,25.3868271215541,13.6401693701913,3.30978399800914,4.67673719198277,2.30938930236249,4.12556100129393,5.64857811268169,2.36361822039692,11.3635985364848,16.3944527281753,8.82819297111553,rest
29.9582998690556,36.5603484630297,14.4348440429225,9.71083092544301,13.4064666588233,3.99980866969581,9.2870630811791,12.328153659355,3.73721030510664,32.9945497134469,45.0998774310105,9.29224397340944,index
37.4008692655057,46.460465878745,24.3762821094847,13.7910479609465,17.0587660945693,4.24786409553264,12.6779040302239,15.5317009020917,3.65139004164169,55.6773721625563,69.6501460867216,17.9247464322292,index
42.3346413687075,52.509174395234,21.6146256831767,12.8358522645902,16.6531562795898,4.83464966518551,14.4273670955988,17.706278794578,5.54814259793919,55.5402772355072,68.3282856515469,18.7581488763625,index
26.5656009970244,37.8041535766781,20.1986092623499,10.6737748509191,14.9144486844533,3.64168157630094,13.6032273163474,16.7113715415568,3.47819816408648,42.5896602573398,51.3709602030708,12.090316028633,index
10.5985148968887,13.2321508368466,6.59552154464476,10.1525574945556,13.4102414781779,3.08477352169567,11.3280069366004,13.4890380358583,3.95531651696409,39.1588126025322,47.8509328091857,11.1452714028973,index
25.5201950806262,36.2149219440699,18.9355655881846,11.2331128740721,13.7813401146824,3.4077354758871,12.3922995432097,15.1999147267963,3.53909903664377,46.5502701835917,57.8196045412775,16.3083325586356,index
40.9805349977726,49.5978151837417,20.6996291430848,10.48226415384,12.6768783194819,3.13608505916151,13.2572679599099,16.7337180338937,4.01962619757496,51.1874217935595,65.8667993278597,15.7180472606138,index
25.8686767534724,36.1657285805364,19.4915389957544,9.37051971754767,11.9802613115248,2.51590010884366,12.9409036398055,16.7566881504157,3.83204502673541,41.9046078030056,55.8739006835643,13.0706253054229,index
10.7784753197938,12.8672509590583,6.80718787479102,8.59600857102727,11.514874734672,3.6100931658707,11.2280513486981,14.4159507621883,3.45304464261655,33.9558943303393,42.3669501573846,9.51978026315948,index
25.9189606933726,36.6118048319032,19.6093229871878,9.88388310929985,13.1746879184459,3.55764359521345,11.5791859029555,14.4064751396824,3.25980919414274,36.7273375013251,46.0118665773717,15.3869786037382,index
42.4759341772671,50.9796954963063,21.2291082534404,10.796638318231,14.2650713917219,3.14133034952594,13.1808983707222,16.2389861749489,3.85732593030389,42.7992002079997,51.7480550589482,16.316886185448,index
26.6314641632244,37.488334430227,20.04297682794,7.65936817343662,10.7276614054598,3.37367229483234,12.2752712050865,14.9606416268444,3.8657983168786,44.2616077457012,53.1456827653037,14.171416910642,index
10.4410090234259,13.0285053186322,6.19401248210133,5.1638121965849,7.09868925598614,2.37217716176985,11.2535643541733,13.7646117532843,2.79835649160219,38.7421573131128,48.5601754026832,14.4977961491345,index
26.0976765314267,37.0223402525832,19.4419850784579,6.70259168182346,9.09207828074799,3.37261242710627,11.8789252622738,14.8573434317051,3.85041490224982,38.8493641338975,47.6395504566653,13.4996320223757,index
41.7018649497285,50.770623389114,19.8986981470192,7.79691824441946,9.98045138159354,3.32019383839633,11.6582062491271,14.5719220555805,3.55325963241387,40.7920051761775,50.2376105657347,16.7880168624935,index
25.8370146769973,37.0615318922756,19.5563399557528,7.04278478726961,9.5719786331295,2.54825557029677,10.7956861472742,13.215719352178,3.45421787836643,37.2319659522308,47.2188832624572,11.8992579395004,index
10.0192695667072,12.2862288113605,6.37454916112511,6.1617130687651,8.3350045527849,1.96661814469317,10.0721938143638,12.4925543776286,4.20580170529786,36.1965840587861,46.0406112927128,13.7751863967887,index
26.028709586424,37.5601843298528,19.8800025494579,7.89313561471627,10.3213732006231,4.0818322844368,12.8577745814598,17.3155346938499,5.15549044622061,45.6831861831728,60.90136621581,13.8709573995768,index
41.8805051088956,51.1420269951497,20.1587733808055,21.8738910373908,30.0639333376727,15.1461859764031,16.3250939770077,20.878590857206,8.30574461183743,58.0832876278447,72.673297014023,17.680117169969,index
30.8769025261668,39.3222170296606,20.249404929678,119.322689347621,234.505520537168,82.3177211665456,70.6373894001119,154.488330986771,45.080909744673,98.3803144259061,162.717732309763,59.5513867923768,index
20.2247165588339,28.7527836829245,10.6191960578635,493.282237890277,1390.82745096449,225.522717988874,244.652604259238,743.675127844549,98.3456241657969,259.650237935785,769.985877809091,107.422696307681,rest
12.3783568202924,24.0104837495877,6.6431916065568,409.815638477944,1371.59732412997,219.483070197745,193.771932847268,727.86407224623,100.889533848374,205.551473830157,754.743101194429,105.627974800654,rest
5.71626138003375,7.34570876097245,3.53848676321397,22.5941819992662,33.0109198120409,17.556935270418,13.9220779595225,20.2681003070963,10.4776610911936,18.9143763478371,24.101291839936,14.2668706871812,rest
22.142689153645,32.644691957558,17.3407635139312,5.88548940879067,7.49530371129252,2.72685021795495,5.08623064501615,6.48240508948266,2.18595101624396,18.7767170393004,24.2193529673259,14.1657486298735,rest
38.3388203078868,46.7097354462877,18.6862837913843,5.2236327355528,6.30199550217186,2.44753984522395,5.98410586038751,7.46488824120716,2.71267023152463,27.5218518266151,32.9225517163189,13.2874521025692,rest
24.5463169257082,34.9309958114339,17.5057641614652,3.73907963347549,5.01699016786215,2.50416592407553,4.58808739739477,6.14716807749676,2.65225801091479,17.7016445479587,24.6332332379599,12.2035405861108,rest
8.72907934448734,10.7505478862091,5.7581576694972,1.69703178996856,2.13126498945393,0.887485264138088,2.67960430461037,3.41064335777019,1.02430002746214,6.17693096729218,7.64419117124206,4.12592525003376,rest
21.8791447743971,32.2449025733835,17.4106352704956,3.09915771679443,4.44580987683173,2.23596166152036,4.48911790130173,6.13497222470973,2.88123251949081,15.5487568842222,22.7446607198176,12.0543890584732,rest
36.6402205730274,45.4332032416499,18.4587265916078,4.98399321511883,6.12365765236314,2.41796363391347,6.18642223657782,7.88855660960424,3.08100749562201,26.2899800451151,32.115358290283,13.533126861562,rest
23.1145577855054,33.661180713217,17.0637107578466,3.62214736251687,4.75189651776421,2.13986481138756,4.45070074130539,6.00728244343088,2.76261464745394,16.6555457117819,23.8249004970526,12.1207457693709,rest
5.69092712462551,7.80894314474767,4.02410634100984,1.77499435137385,2.32960549895631,0.503771643292392,2.4429056655069,3.07029077059499,0.789683108520561,4.39985582125128,5.96053660724019,2.88854022762887,rest
2.95683190769658,3.58979862707835,1.51634816977036,1.89182977141587,2.62474954821089,0.540232203232664,2.44346246367047,3.2845222882739,0.847345233673986,2.912898977599,3.66169417168591,1.00696690944382,rest
7.34236502340807,10.4654293589956,3.11903722729864,7.47701812482249,12.0841341995671,3.07683463893724,6.85280913832677,10.0872160992711,2.70768048756071,28.4056030441715,46.5434353031076,12.1132603514769,index
23.3484964230502,31.3177535701562,16.5717001696278,11.9173876080191,15.3498030294701,3.2864525942823,11.6510287974407,14.9113517397616,3.00398042010108,52.7644874230201,67.3461185238666,17.4426515117824,index
38.8677388103369,47.0448868838535,18.8389217145159,12.6878848242049,15.6878470526767,3.53066571030407,12.6710246183685,15.8031100423667,3.64967299089892,51.4849091636768,67.8709286580855,16.020732688559,index
27.268135739154,38.0341995904104,15.5803966148436,11.4916881084294,14.5438988085492,3.30057735762331,12.9555774111435,15.8294978694181,4.24650272022059,46.3235612245621,61.947121373289,14.5177019773506,index
9.76549346762753,12.6935539506099,6.00819396252846,7.9407617704738,10.7411021943874,2.90453363508575,12.5021978636546,15.7537499427688,4.02165564257028,40.2399949100893,53.125273446892,12.525998598047,index
22.1102373615197,31.5045522435671,16.3672504539723,8.31299960250145,11.013227234505,2.18483013538936,11.2436773563691,14.9405872407291,3.04080908756808,40.4120957861947,51.053616458665,13.9209695846251,index
39.2083788459272,46.210013795043,19.4545006975355,11.369500100513,14.4501998630429,3.83937328792342,11.7352167745694,16.5726916529256,4.01765232325999,45.0934465017006,56.6784075708433,16.3228141515342,index
26.0938998148282,35.6602439997389,16.642502195444,12.7054187554684,16.0920304502265,4.10241737842894,12.4820259061394,16.705234196876,4.14590253418111,47.6558773007662,58.1050438943582,16.5060162766698,index
10.4202676094684,12.7539873427225,5.34243168598045,9.29737499935277,12.3495005010553,2.58399882664433,13.4146241511681,17.0662538794544,3.88510629733376,46.3398131513249,56.1459463796306,13.0595195750654,index
21.8951088137534,30.2835684735822,16.0912992707014,8.27930723949419,11.0307292705133,2.86466233678099,13.6444105627399,17.1844214148666,4.56707976865564,45.1356952564014,54.1520454439963,13.2110078111248,index
39.4326520270314,48.3413363669032,19.7466988559037,10.8465098372826,14.0980468007255,3.31989380536912,14.0952039542972,17.1616865054521,6.59390474327305,43.4596205978556,52.1601231249203,14.6573778982316,index
28.692271688499,40.0756465605417,15.4736179992739,10.2591297771253,12.9816145286493,2.83750004401088,12.9961949293988,16.3277837891901,4.00645048199935,42.3184186417893,52.743824156665,11.8966694856909,index
10.2895950134704,12.7220009784961,5.40650562468117,8.48036821917154,10.7609397952814,2.40986458341324,10.3498436279951,13.0077772965258,3.41636712489667,41.8233821208846,52.1326248167827,12.5345478867912,index
22.8827017845397,33.118917379345,17.3469721328078,9.68178121125534,12.6673083996952,3.04883977515514,11.3510867175806,14.2294741342556,2.89855338386176,44.9551999183022,55.9619621045274,15.4405469438649,index
40.1841287735606,48.8001347829685,20.0593249088766,10.5099513459367,13.1751096930047,4.51876711511647,12.9130804687574,16.3031399952369,4.32421845642194,56.7878638552208,68.6320744252874,15.0738408295061,index
27.2379725587393,37.9134490241033,16.9390488659305,8.30002679386492,10.9357998126781,2.66823938740244,11.9801437653683,15.5256251553961,4.21071799057242,59.3020610626653,72.1238691615116,15.8153504518902,index
9.89874329361713,12.3205028744145,5.89175235859411,7.29280233953542,9.69578694581743,2.3428347374823,10.6293470754189,13.56930706671,3.24125024428196,45.8959579316431,58.2835718274669,15.8716034765943,index
23.4060407870756,33.0057103317845,17.5419954842686,11.1595623731404,14.6407600907386,5.16059344820028,13.0223377025028,16.3875129376091,4.54078222808563,43.3907585389631,54.8111589627246,17.4783647438331,index
35.2092645491264,44.1230321460529,14.936508770825,23.3312785525394,30.4962443372734,15.70795130915,18.1542637007031,22.3277295417624,8.62571706557336,47.4953585768797,60.1524364910319,13.3359904306046,index
80.9658491574189,176.16846291972,36.5657000185549,133.419920107624,296.469520491519,89.3464472139184,75.6125143862192,160.541811465252,47.5593126565732,94.5191814160811,167.258624133956,48.863845966713,index
287.502801575469,888.068837915367,116.826729335275,461.206295656753,1331.57785899424,201.613465367317,251.154599744488,702.757660203527,110.333237015131,334.683393811304,953.854707376832,152.483793958783,rest
238.701008437004,871.359620905422,121.498278651579,364.459279465509,1298.96154387401,187.282108863735,196.944697764925,684.671308375893,100.034687918172,278.298068011784,940.325120445437,146.447470023088,rest
22.0578415796989,28.5908209861878,16.5845091178683,24.981834024051,37.2964909042786,20.0858433300401,13.2164843771459,19.4027579602991,10.1481551828644,20.9505570365052,26.9636599587189,16.0944235200562,rest
24.5404005928143,33.4061735001729,18.976911900426,7.1082620675154,8.94783503367307,4.64177561079759,5.58175890834181,7.05481697565954,2.65982094207784,19.6537700754969,25.4375955431353,15.3707284754468,rest
37.3983603543603,45.7680147599445,18.8268412620462,5.31170134040433,6.1653522844837,2.47293753953862,6.81530094841209,8.31399018727974,3.31109438821643,27.66277139887,33.461090778249,14.2635104549266,rest
23.5631763364876,33.6622596957007,17.289249678301,3.42122964647402,4.49137327987934,2.23807842219139,4.90368467367582,6.46646932520165,2.86226466296177,17.0068606192418,24.2404102299575,12.4018882138315,rest
8.69267047249289,10.2709339283221,5.53666017798187,1.58045929298995,1.88783789124698,0.689523184896851,2.75976499290176,3.42192762699048,0.880108842226067,6.06169291638709,7.3680176674108,3.87026067754285,rest
21.7319718788497,31.8306125693587,17.112604306091,2.97982076319475,4.19793146094698,2.15416991578554,4.68491162596039,6.17482694765505,2.84361390318737,16.0224042985007,22.8157448883848,12.1916048080712,rest
37.0814824319937,46.0448678113286,18.5997558026602,4.79869514000916,5.95530478727156,2.20432972386643,6.51944847847284,8.11525208567346,3.15672280057001,27.8090722495547,33.1667632796413,13.3476486325562,rest
24.6504954212484,35.0225237488219,17.523525787371,3.43092568349679,4.63253170810893,2.2111324562258,4.90185499456446,6.69236044347874,2.85470814546846,18.6628603961222,25.412013115658,12.753058791403,rest
10.8823121184193,12.6263630632494,8.14027786018964,1.65464247843449,2.04701536882447,0.880937354149803,2.91626163776121,4.10042900329457,1.31366508257817,8.14847153905508,9.41437486434118,5.96225531850642,rest
28.6766606390163,40.1872646708245,22.2170690754263,3.64869808445115,5.27804216431467,2.6196911902075,4.42207946291406,6.03368358621219,2.81179283942364,21.249032949826,29.5640859558959,16.2660087568691,rest
49.3415421395611,58.8589230585447,25.2635625021916,8.44022071971784,10.8601760686987,3.99397907124396,9.59316110518508,11.8561238883169,3.02549834023093,46.1038529698812,58.6222600554161,21.9835553566451,index
51.219881184241,60.0229986387948,39.265013008871,13.6350281302665,17.9068412431659,4.89852057436662,11.8952157522784,14.4812313247255,5.31813087624957,54.7119724611563,67.8492208290636,27.3615140337855,index
46.313304861678,54.0266300375984,22.9121888799094,13.3332234291858,17.625592960238,5.33501817233887,11.7892833392391,15.2678047688482,3.8211349566889,43.9635873408489,55.6701622938232,15.482728131088,index
26.7793824273234,36.5352542847494,17.9268922795969,10.2458276450737,12.984982922057,3.14622420621088,14.0453952993869,18.0667578010243,4.88614715748879,42.1546701529628,56.887136407871,15.8494391662005,index
10.658501071839,13.0119962111949,5.64850251343029,10.2140620452019,13.1048385115995,2.71366358094778,14.1482850468472,18.1592500646127,4.58951045398639,46.1918583374056,60.9292090061237,14.9976486290493,index
24.1630502700259,34.6127808637956,18.160052819103,12.7301062378825,18.5592996649129,4.51892401604545,13.9778099621359,17.0024186801408,4.33517695236469,54.5288051241342,65.4176027118718,14.486607909136,index
39.5048883974019,48.5193214512233,19.56401663143,13.8601435475686,19.4581736456146,4.90359966659243,13.1781016894856,15.5620380924657,4.10314141092219,57.1783310053774,66.411805190941,19.0194585646775,index
26.6505348634313,36.6215129206895,17.7299597283388,12.0023697896972,14.7733197749386,4.25832409629328,11.0024735027883,13.1614275223574,3.28292444557534,49.7324648380494,59.9345523910069,12.9869296303746,index
11.0849430587247,13.3110199684473,6.55057632334744,11.0432306990037,13.7351593601243,3.34895828996139,10.16113668721,12.2917529565038,2.98457415341127,42.5031123533226,53.4449547213231,11.8620484634229,index
24.3511299028532,34.4500065090607,18.3844171395515,11.5757517892464,14.4408447481805,3.27790730860971,10.1200633053424,12.5001501915867,2.73946165369989,40.1089012318973,48.389326225079,12.3952425718199,index
39.2513174843894,48.4040846397828,18.7833842359975,11.842247135944,14.5706308373469,3.58180093792344,11.8430549844907,14.6288188872898,3.61566175075455,45.3097538968599,53.9471419615214,17.8539466997906,index
26.0811556516206,36.7417880830095,18.4388957710022,12.2969340522243,15.301553719331,4.02987117505845,11.6928447389603,14.3940195058208,3.17667902804616,39.4655675967833,48.9115135653671,13.1439106665216,index
11.5490525372705,14.0541382344243,6.71563343904629,10.9156168379239,14.178603247567,3.28745323830114,11.252353986153,14.5274025846814,3.1727298817661,37.4659097714157,47.3216087213834,13.2211454665313,index
24.5087143178046,35.32740018178,18.3496897513066,11.1033123085815,14.0940040846685,3.15847675845904,11.6077464812955,15.2142737276395,3.73556957733157,46.0381801078618,57.0871177958638,17.7875452188275,index
39.6632726213683,49.0596983720318,19.9268571742685,12.4596916056621,15.5118652963926,3.8053173394295,11.1720421831927,13.9113968782555,5.47690428509014,51.9204241432524,64.0434040034598,20.0980982087905,index
26.4991645458874,36.6531700216722,17.9281978351086,11.5409629145247,14.1681633306499,3.56639439225812,11.0363023667284,14.0310393309134,3.88847998024913,54.0426421858954,65.4089262376311,17.1406434532848,index
11.268937185702,13.8777579228022,6.32529147703561,9.72456165176284,12.2703191317681,2.95611983501647,9.31636624609038,12.409661760454,2.93940159145362,43.8328707206875,53.6118687268341,14.7516626253991,index
25.780029125004,37.0461579060902,19.0941174193465,8.62890870206992,11.2252213297941,3.48475149561287,9.70680807749432,12.4786370491591,2.41111037876605,42.1698188721649,53.7592998222614,18.1258684940353,index
39.4692394983737,48.3159080781688,18.555387839537,28.5080737559621,40.1357004234516,19.4022249548944,17.1282929382946,21.5206716683331,8.06411168054202,48.6809056438892,61.3920751214799,17.8152584243234,index
81.4132166163117,177.921015370495,42.4829210695644,162.666887888735,348.008860220215,108.913528091564,68.916470396033,139.34227012018,50.2314579550218,149.672414716631,343.485997856962,77.312460920037,index
292.883303977665,896.683835917003,117.878303530492,539.782453583283,1494.97126954932,236.777340239653,296.041032426399,831.135146195177,136.01101890312,546.923744717891,1512.10684612508,247.190589487051,rest
248.65183402165,880.007314571545,122.074261166638,424.478234502233,1454.99710462523,215.157880611092,249.807554234733,819.83005387204,132.048000659918,449.666328185178,1473.99286378506,220.183826755958,rest
24.8958384216047,33.0362027885741,18.810852860564,28.3294184017581,41.4533055078079,22.1594208027468,14.1449471883898,20.4868668579785,10.6887922994734,38.5742576410172,51.7588077243545,29.2027903394334,rest
24.9949946483302,32.8053177724342,18.7216403439533,6.80410854408394,9.05983909211511,3.59942225922527,6.26074103721325,7.94203734697894,4.15574098244865,23.2687698236293,27.9555413913778,17.0441387254069,rest
37.0177569323286,44.2274771017102,18.0825811122508,4.74341434051198,5.80976141665922,2.30877026380675,6.83357538029615,8.59337858607181,3.40130345738323,27.1539070873138,32.9033496566342,13.3617794185385,rest
23.1743566818599,32.4445718078024,16.6916294184843,3.56634688610268,4.70544267448486,2.34204527035417,5.23060805819638,6.7284621067778,2.6964632456973,17.8346110431427,24.2383529644757,11.6645400597171,rest
8.36071597313345,10.1623810843572,5.80317316432485,1.65017697416006,2.04342842457329,0.782962594443751,3.62856740734519,4.51321333639948,0.982065603968768,8.1359598586015,10.1900354944588,4.10780429509278,rest
21.4448185410234,30.7793769246153,16.6029809825168,3.00319044903561,4.11411587971398,2.05781725999894,5.93439610265608,8.10565105018598,3.35521322455633,16.0266982513733,22.8776422098169,11.5529708409633,rest
36.5561503588934,43.7957068197747,17.8173091448155,4.88717991362957,5.89080277421871,2.35118963836246,8.11992864298507,10.1024179676258,3.43403893749358,25.8204020823177,31.7850921651181,12.5043861012775,rest
24.2713854702739,33.0359237937354,17.1407757024409,3.41839414397332,4.63198298477187,2.1034293476674,5.923434760027,7.64026749573737,3.454284511037,17.744754046792,24.0515643693471,12.2230300669416,rest
10.7403076994874,12.6160439001222,8.17193881902123,1.79921454321805,2.24639623063099,0.910881327951662,3.73105912822977,4.88363060215554,1.39006780506103,9.46098987311791,11.3300016985779,5.82278233882722,rest
27.4455586138682,39.1766704560981,21.7445477907818,3.54530160078702,4.75185635084947,2.41380580417051,5.95918026697047,8.11407696748034,3.63691973911712,20.616154625405,27.9534651200763,14.8572641580619,rest
47.8595289043584,58.1060824079952,23.6048650851923,13.7384486934045,20.155781464689,5.05825895011219,11.027941282094,14.1888783773289,4.5164766192139,41.1416344038803,50.3305186838347,17.9399169829799,middle
49.1139241235691,57.7503025819804,37.7485796224329,23.1242235936972,28.8295846312325,6.0819653927204,14.4554379864352,17.9627617699352,6.51080885825664,53.4895146447166,63.9540823279926,28.652617818314,middle
42.8602349952822,50.2105827710737,20.9265483599218,23.499898446193,28.9444390258006,6.99011907517851,15.0818308516165,19.4855200738332,5.51734649598501,62.0122339174346,75.5616263138901,25.5921268625008,middle
26.105896304494,35.1540734428452,16.562043403643,20.6466104520932,26.1923549869726,5.83925770596392,13.2879572868627,17.9014982329926,4.29347621223348,51.2068178699657,66.7141504299813,16.7769301822674,middle
12.9670277413796,15.8224983179538,5.61965582108412,18.0428224073165,24.2013548232861,5.74378750184963,11.2590561240274,14.6843627725067,3.63665057609159,38.1980133470696,49.9909863793282,13.3297411434671,middle
27.6769154805738,37.8379175037359,18.4067827480778,17.5988200755708,23.006193228142,7.34533504195802,12.1837593048884,16.1730015591783,3.1940663403164,44.2968659454066,57.2474381082573,14.4262143258834,middle
41.807336928039,50.5277925411407,20.6608871992681,17.4543134269059,22.0080928047412,5.47739825470205,14.7072943021069,18.6649446499172,4.59028194326555,46.9226987553371,62.9622494899309,16.5600920174412,middle
26.877020545322,36.8736350063525,18.7904881186843,16.6471634369294,21.3126665991918,4.84001277108569,15.493098263769,18.8221726053919,4.1969437554012,39.9944372392203,56.4001389407021,14.0114000997514,middle
11.8777071404707,14.2096271569693,5.91526874468364,16.8766767633836,21.1973192630312,6.12334843899933,14.7816017317923,18.1259679461886,4.42925407767533,32.3552576874534,42.6920791463565,11.2787291220694,middle
25.4243788905654,35.2390291678535,18.0363804350303,20.2275583920565,25.0043664957829,7.39936585649543,17.371588879147,21.9865582890215,5.55930155380332,43.7838094343722,54.9007068430133,13.2483819591491,middle
40.7709751151831,48.7922662402148,19.4293735733624,20.4338385807039,25.2197264026144,6.1013291538762,17.1257349813748,21.536074131333,5.63968786247591,51.5457685211144,62.8136181663902,16.0046642558429,middle
27.4844810264343,36.7446032777613,17.862275663372,19.1333981350275,25.0731440113657,5.27909951633829,15.1685729558516,19.5186179561362,5.37950925935685,40.8424878661292,52.5160804582561,15.3389520765319,middle
11.9085292383541,14.4174182899932,6.347129809892,19.8503864236602,26.3475129629042,6.51944017546048,15.225156367231,20.0182201253841,4.55464719519647,29.9182529406655,39.9954959858571,9.2591972514218,middle
25.2235296940063,35.5861415418844,17.8522661914879,21.7766474641403,28.2541394273612,6.32379110101777,13.525783813549,17.5619467129579,4.17567521430593,36.4093856775768,49.9521867875458,14.048589400842,middle
40.151926051616,49.4878643107737,19.9259489244206,20.3642459812859,26.6358133916217,6.84946052394636,13.5323769251039,17.8915477520087,6.35888629945646,42.8147669997745,55.5828124396054,16.6880452136096,middle
26.1944385064785,37.3263846451048,18.0106249661752,19.4265638854932,23.6962772131511,5.63650035812678,14.4280423726278,17.9892540345095,4.2491310295547,38.0861189208472,47.4597026848709,15.6165803207727,middle
11.602180091031,15.1980815907545,6.19286839780513,22.1046067821476,26.5066183558844,6.21322100710703,16.0365729247086,20.9182690493444,4.84213966532599,35.8355621879367,43.5977669679188,10.0479503435638,middle
24.8360239748177,34.7260051983565,18.1828373889878,23.6206941212141,30.181563447822,8.07154682859977,17.3117595863873,22.8177802851369,5.61197758440969,38.4520783673491,46.6636894697255,12.3948682154362,middle
42.5882512946272,51.1956196832758,20.553456455794,24.9644644567117,31.940852300116,7.64139818689158,21.3816803543598,27.0965163310184,11.5393829748951,38.9154429922471,48.6148708168982,13.3573854626738,middle
43.3999524507222,53.3326366225454,28.7347877923584,50.3347229538215,97.5340248039669,23.9593803509135,91.1997652816204,197.104347398514,58.8398313178065,52.9341579880478,105.415307373792,20.5799269669904,middle
69.574490580365,150.833429094519,28.7110016731705,150.20709520956,451.87908714164,60.7415535851809,318.133978218257,968.875413981193,128.335132389646,212.242981865199,594.393651252739,99.7787744312141,rest
56.750914832299,146.855922252166,22.0369892697389,120.237277473474,441.967737796355,61.1820389948171,254.965466950113,949.234230359932,132.114178489713,191.276748749731,586.389349808964,93.0311930882232,rest
11.6167339462445,14.0619475110927,9.0123374541769,9.89870208999878,13.6070260118151,7.51867709612174,19.4838870539949,26.8715187460301,14.850875889538,22.2060904132112,28.7943072227576,13.3022489528625,rest
22.1413235472409,31.249067083015,17.4795747939297,4.74226969603949,5.61179213486422,3.51116214601929,7.93657402111771,9.43466647533336,5.56944922078416,23.4346823405845,30.5934227437658,14.500916093053,rest
36.5047148301131,44.0047754854046,17.6142393801589,4.9497564825544,6.00327071051711,2.38351341299066,7.28261967753691,8.84469630074505,3.55563840005158,30.9822943870238,37.957800530628,14.5139148025216,rest
23.8153796540675,32.9557948459751,16.2586502519016,3.23271715275059,4.43604126456356,2.10484921366844,5.61877717963169,6.87147788864475,2.60599153243299,22.636847771266,29.1918603714218,12.0435138906721,rest
8.62112302661452,10.2390422703571,5.29393722597144,1.71975756967193,2.14378572922002,0.675045466497119,4.05498968224265,5.03994347865261,1.20807721321803,16.4556157185147,20.7780191812534,5.3618202376011,rest
21.5584043130868,31.2757520307984,16.6840451800218,3.27267595212279,4.50867679684216,2.25431460254499,5.71424827743373,7.52083541140257,3.05028070108236,22.6900157329776,29.1654425821685,12.0499315770124,rest
36.0464798074217,44.0750906076714,17.6468553003523,5.00977846137697,6.13971547301086,2.33862998854252,7.7543489981469,9.41529204402207,3.40133734180179,29.0012354204607,35.9369523271437,13.192486798805,rest
22.7889272391499,32.6718822375828,16.6445261077686,3.43559094068467,4.6722601536104,2.18469519973347,6.05556070874685,7.63263395536908,2.95080949888263,22.0674234840772,29.092497448605,10.9042849890949,rest
6.19968428633199,8.39297872491738,4.29189813785521,1.77650415113977,2.13095998169112,0.612241065946735,3.98776003260943,4.94220684920368,1.68893722971187,15.424193283703,19.7450145657873,4.27422723129722,rest
4.91489368110002,6.21013650758753,3.12138253729596,1.79220915410847,2.21612069832003,0.486046998098423,3.52746170723758,4.27106208677708,1.08621899657826,16.9016641609611,22.0648835082213,5.76524600707294,rest
11.7187964269483,15.6854329135214,5.48510275364154,12.0906307711918,20.2059839213812,6.1550770523346,8.82887745514442,12.3214653969208,2.92425868542013,31.6558569199235,44.7490069776484,9.39473606180923,middle
25.9762633271237,33.7155225444951,18.762735561361,26.3094726896282,32.8098574795259,12.9003724500155,14.5025435490774,17.7905277327672,4.90347334938879,44.2584180592394,55.7882955527731,15.2498185217398,middle
37.9459521446743,47.1658267151717,18.7107485580401,27.3385375720217,33.6789566419774,8.49198675930123,14.3862655916176,18.0737852856244,5.86138358877372,39.8237854111452,48.6045605026233,11.8793111553314,middle
26.5779132023753,37.5132956732265,15.4600036481686,20.730215596902,26.1510242138763,6.48445443903258,12.5215593795866,15.525359970558,4.0376937939924,34.3491702253922,41.9131367170043,10.7050515722971,middle
10.7794867594248,13.3560814866714,5.56110762474237,19.0674714128328,24.4315961301705,5.78704505956136,10.5148317111061,12.9444483877999,3.55829817619804,30.6101376399005,38.3226695435583,8.41931425964356,middle
21.8654803829613,30.9397429608706,15.3670107689354,20.3007297111652,25.8581883782082,7.72026951599422,12.160373931312,14.7947536065368,3.3592957347796,34.8071083559966,43.2524214787276,11.4505943436524,middle
38.5099392382368,47.9269181891188,18.4618222462473,19.4831460447052,24.0823487408665,7.68770273039351,12.4072633206926,15.2361367737414,3.75267650742688,46.0453733117897,58.1638208228381,20.5043740420634,middle
28.5860315963841,39.4901361840786,15.8848518777387,19.7944340804327,25.1979511005199,8.85028165752683,10.8124890561215,13.7556681623213,3.61382583410412,45.6182706511203,58.3061647364362,13.9972509450943,middle
13.8505846792144,16.6079475149012,6.3929449573815,21.8613724191736,29.2371524121448,7.31703740985385,10.4955236390916,13.2816933171478,2.71285884667818,40.2610136807225,50.9658628795071,12.043852562504,middle
24.3073506204586,32.7475841209421,17.1754875680278,24.0976733370507,31.2835463306288,8.11850184177163,12.0310763128207,14.9099777919235,3.56177426379956,41.1588623855559,52.8727633407121,12.4555628742628,middle
38.311869909296,46.8668655575538,19.1656731142957,24.8239532282567,30.9025340877378,8.1094157641461,13.2616807709256,15.8514535517116,3.71489764204234,43.5180703741389,55.4642520482596,16.1169935010034,middle
26.0986060264585,36.5831450075291,16.0992120288823,26.4341684336475,33.0661574445852,7.45862946864383,10.8092473604779,13.3313173433245,3.80559918168982,38.3098528273711,49.7042236035623,11.7352183496802,middle
11.203790217,13.8346209765642,5.55979890413474,24.8056239973807,31.2326233082514,7.60339963037124,9.96138760219011,12.6114325978906,2.44580997632852,31.4788273154759,40.3794752822118,9.38859865321532,middle
22.453206358009,30.4674696895883,15.3849390449751,22.5508932867115,28.7772857692018,6.92992750289605,11.6998117133087,14.104955198169,3.15082199722498,37.3126409674509,46.8776841111087,12.3097522622478,middle
38.0750452105924,46.7493846845756,18.0529034342472,22.6702944302412,28.9673823852451,8.33815372221939,12.1720451294553,14.803857305763,4.18906020099456,42.940638313787,53.7458684516709,14.5057380058745,middle
27.865664321712,38.7757568513542,15.3450632509632,23.8363899792966,31.0763051284487,8.08945742532637,10.2919438479333,13.5151974993096,3.02814176047295,42.1284037391148,54.3933924382536,15.2590333907206,middle
11.9309543047566,15.2105508456638,5.58499856016209,22.0223869579678,29.46628678589,8.20177228028949,10.3973806095,13.353057655224,2.96560901624476,39.572079851293,51.7082919452152,13.845618950418,middle
24.4912343027433,34.9402203209,17.1274323107972,21.9207477493381,29.2799174035761,10.3489357001788,12.6243151324085,16.1161577621999,4.65034827585336,47.2805714322064,60.6802230009169,18.3177821587256,middle
41.3813179058233,49.9609029346474,17.64186531195,35.3285815542501,45.7421594842871,17.7960007019202,16.2882048417501,20.3984913785503,6.08220723241522,49.6123979691755,63.0155511358687,20.1586511188437,middle
96.6835766486359,189.116843291808,50.7371108550283,132.62648684942,265.190924993944,97.3991563590008,66.1593344741945,140.036444233257,44.486174624041,117.941199894503,244.901751952664,66.3201358289429,middle
288.648552752008,878.014636396693,115.756353862806,558.985582545447,1574.80570195572,257.3081181205,222.652987698141,676.348277719399,89.0267154014392,390.342071470121,1194.62091673484,160.381767362441,rest
226.990137899253,858.489308408093,118.728903715284,469.390746122665,1553.22032556804,250.375967939219,177.686217601249,662.208521951313,92.723415828173,313.346567188157,1170.39870547269,165.393776160058,rest
17.5755393492658,23.5844383894369,10.7243984078486,24.4667388830248,36.629578433895,19.463113655948,14.9922584349962,21.3742739117589,10.6474251661369,30.6864550003827,38.9641672164551,18.3902633598047,rest
23.7100135610596,34.1916126266786,17.0297800911703,6.63736943207331,8.45383555055987,3.2510840482853,7.35636267230954,9.51543329456226,4.5177793279734,25.9011962897175,31.4231353170167,14.1571845850023,rest
39.7598959730466,48.6349072984382,19.5067940163893,5.82336295810114,7.20742105695825,2.89150871326659,8.02622581277448,10.0368807794853,4.06176059413214,28.2295089180782,34.6945597211968,12.2916186287799,rest
25.7269608709544,36.4731875280966,18.5069589784175,4.33897932480542,5.81131684862607,2.88770178461921,6.74454944915749,8.33114798214528,3.02234885821136,23.7694125765274,30.5514956508571,10.3408649099073,rest
9.41103382031951,11.4994845537372,6.28366039228419,2.04881373042125,2.61732799943276,1.04615072860769,4.71994200183957,5.9166620335305,1.65772239245657,17.1255325021012,22.5087008111618,6.93167397445977,rest
22.0170903489765,32.1030385736158,17.4359428275264,3.7228923669871,5.19914265563399,2.61517287562369,6.33873703324891,7.9980369311593,3.57454103327482,18.8440836046776,25.5044463243096,8.45492389294265,rest
43.3308247262311,52.4734381281506,22.4003936095479,6.84362346972224,8.18463182385253,3.33845500083578,9.47094215665836,11.166024929484,4.83021456715156,25.6330418246612,32.8826646755441,11.1972306224353,rest
56.0954697334333,65.424410378926,34.5265373592025,8.3704841621906,9.85009565335442,5.23214591172709,10.5165052901322,12.527927061924,6.47252788074959,36.0216233290448,44.9590400791667,19.5680413420117,rest
54.2991734801848,63.1007909906089,26.4957588185563,7.84294578116901,9.38829873351182,3.94339912885036,9.80835967523433,11.7636872678738,4.43102373044337,38.1114855669448,46.6341649677977,19.5621568465259,rest
50.5722183602954,57.7799310034317,39.037503065936,6.92410903764456,8.13713246751418,5.34926993159891,9.68807013132153,11.81796885675,7.07625522423151,34.3308933377634,43.2251855392489,23.8429632532898,rest
50.5091554149788,60.218577157387,24.0775706233766,13.8872178171336,20.4684657361511,4.81643550290383,11.4930801869057,14.706856606734,4.63000987952958,40.4318940076518,50.7392450187377,16.1310400746624,middle
44.4880505560801,53.6227193991669,31.4026102926088,21.4230156005973,27.8879689016697,6.9248889806326,12.2082705140739,15.2839678417565,5.4976693173582,41.8572947521352,51.6402610595742,20.5473283758251,middle
42.6436460244572,50.8059710390358,20.950186613764,22.5601012034268,30.3086256574265,10.265614653716,11.5676846039946,14.0520915414808,3.57165607775201,37.7820715374825,45.7740352295653,17.4993524540393,middle
27.8940653258359,39.7151304439957,16.1091425155438,21.465972217373,28.844925172426,7.99013303014894,9.75251393130036,12.1117051311795,2.53528153039851,37.8255255483133,47.5775584203131,11.7298956254217,middle
11.1864687820948,13.9564911522375,6.38547441386213,20.117861397136,26.1670440516996,8.07820335236283,7.52274045474806,9.80224961020002,2.58902858002009,34.9991296026988,46.3326162043065,13.9371828473706,middle
25.3521885503103,35.0253646195537,18.0546327702326,21.1178938421737,27.2013314170657,6.25689950537012,10.6548624304118,14.4222802220221,4.11837478463185,33.9505083994104,45.4920605894641,11.3700970237206,middle
41.542309177325,49.6905377299312,20.975641630882,22.5200462822469,28.764948369795,6.6493922055573,13.7592078644168,17.004875369457,5.99992054945079,35.5295822001805,45.8936036480716,13.3459528660225,middle
28.0807075231118,38.2517018365445,17.6482359153651,21.8307329277816,28.3482601982019,8.25478846969986,10.4207756951978,13.217706976291,3.15440225503954,28.3144998547162,34.4585830819577,10.0599893265622,middle
12.482680855139,15.4866025698905,6.16023147994814,18.9832597511901,24.381119951236,7.70728101882983,8.98827909193075,11.8282142192513,2.46395580841745,24.0994963651983,29.9222859398468,7.81357303229262,middle
23.4766423625428,32.5878417809403,16.3117542393237,17.3443093979006,22.0973633803134,5.70048613590084,10.6234473073414,13.4201392224833,3.5895765355375,31.7410348579133,39.4476510197075,12.2240787728169,middle
40.3519050892323,49.66342528683,19.4218884540617,19.3628166556791,24.5190148452591,5.77652964726088,12.0791396657254,15.4664974530748,4.53794902974976,38.8471739234648,49.2352976409036,17.5943171410894,middle
28.5694897649295,40.2939720529887,16.4979964013975,19.866188092684,24.7882459610775,7.37472638508779,10.6480257213188,14.3998798548871,3.96668564780879,36.5230289990761,47.8135516767998,14.6528046779531,middle
10.7385803427107,14.011133334452,6.57314320905325,17.7133572013319,21.7521968111787,6.19446819488522,7.68487377987798,9.86955836700215,2.43308868754962,31.4582841240518,39.7811080111369,12.4166606415315,middle
23.9551547254644,33.932845874781,17.5637793070501,17.5565103628943,21.5393717125336,6.02718248404126,9.92154584528681,12.5451794804635,3.35077223576825,39.3515185467206,49.1250601442274,13.5876229811362,middle
40.9213370137655,49.1705920067679,19.9774914542194,18.3203120215537,22.8497251005954,5.59818493547854,11.8713889744217,14.6613344249581,4.56761359379167,44.3069810467038,53.5845247118823,14.5678737616421,middle
27.4740962052649,38.0522979660414,17.5224979970084,19.5617390165359,25.9405287435669,9.2648841436442,12.3302531549716,17.3443389306703,3.38897801616067,39.4627951657604,48.2696471896584,11.6457940615906,middle
10.1193681857214,12.4716936433682,5.04604031295859,21.5802976173661,29.8569330344515,8.23727548244328,11.8167827616911,16.5674457414415,4.3119439308271,37.8430023079893,46.957711300375,10.0725927633556,middle
21.7241526872805,30.4125466567876,15.3270275369037,21.9347916722894,29.8527865827203,8.00506612192421,11.3327923673687,14.2689199696422,4.62567555177181,42.235285983164,53.3299068939535,13.5130548233067,middle
45.532930143369,54.4202561934306,22.8394339671576,22.829321096636,29.7502219117332,8.63607096793942,24.55486075464,32.9147600097375,16.4964784507882,42.993301420713,54.1718073356189,12.7668441570887,middle
71.6211610473272,90.757757816501,46.8273364373251,68.0770419596148,141.396806889457,41.4191598163921,132.299199208315,298.364206487587,86.9227418838614,75.3757797400396,151.875432680152,39.9446686155448,middle
120.090661021268,314.587058781821,54.3312388606655,218.570131872544,664.401397716856,89.7645287051099,459.435300675401,1331.61965917265,202.814465066826,287.059845419397,827.897162633445,128.661158677079,rest
82.8805902279095,304.841210458271,46.8574642656274,173.233461321577,649.806683890316,89.6542996524967,367.20867462465,1298.70653377637,187.386052126615,243.324772415744,814.866414291368,124.930258474431,rest
10.895498883116,12.8022355235984,8.31176554318441,12.3065065497857,17.9999053674123,9.3467606026561,26.1726418277489,39.4918604253865,20.7154532287813,19.3826031170851,27.8376043703861,10.7919432211759,rest
23.7069631104755,33.5704399744835,18.5192241877061,4.44470289668653,5.84655070996549,1.94552738183139,9.40550086939473,11.8764022349968,5.9334713283347,17.1011815853062,24.1399641186791,9.1275066367763,rest
39.2305809774383,47.3151117051143,19.3450191464366,5.88076919486563,7.22012927143676,2.79021513419241,9.68920162355179,12.6637236008194,3.83860270197852,22.8323034006458,28.5753026848299,11.8578478003772,rest
24.8663127077035,35.1614037882406,17.4720428074433,4.31777010694789,5.7477802945132,2.59018022223498,6.82189428100861,9.95641005869025,3.37908347508033,18.4736177942245,25.042650213007,10.7756166538849,rest
8.2547528072634,9.90912992533234,5.20071065146868,1.99006820396022,2.43500088782616,0.947367776363855,4.09534522553735,5.35246727827125,1.16057695562243,10.2347011320444,14.4259116926507,3.71229243860468,rest
22.5775401507275,32.140286465893,17.2263032381906,3.78779238267932,5.09320461323939,2.5481833255075,5.83609040737856,7.67305875241797,3.26397783751259,15.4816850674151,21.6056077109452,10.5400681380825,rest
39.0495915387791,46.3018401944197,18.8900362246621,5.63594241019022,6.91250271542233,2.67012756508455,7.95489845417346,9.81502550855042,3.7659198911016,24.245192666766,30.8511823168097,11.4665107703911,rest
25.6190136916131,35.048786412814,17.9662717231457,3.83829431370291,5.2855134184092,2.62059824144778,5.90737706631037,7.73417146433722,3.41967731695082,18.2708300208116,25.1197430783447,9.8786838986042,rest
10.7266719660089,12.659139465516,8.01208669231935,2.05337450511722,2.68205418965006,1.19920007036185,4.20144834112354,5.11546106473499,1.60544528998866,11.2767571427285,14.6697905628526,4.9333878269177,rest
28.0269391541808,39.6205430307727,21.8429843194222,4.265834728166,6.10334741116764,3.07604288840292,6.80759630223754,8.74861560673746,3.94784735977936,20.0764016935726,26.4094797288014,13.7260331256261,rest
49.5818356574676,59.2551656716359,26.107208007914,12.3545948190313,17.4191214815427,3.68763284716101,11.5367131788824,14.3963013704041,4.71457164418042,32.9951356606325,43.4100393468006,14.5485677430067,middle
48.2835698150166,57.2122398814111,36.9611790820126,20.5569999880765,26.5952978168858,6.15225738833932,13.1650161103258,16.5141696054994,6.90480987172466,45.8516528197235,59.0957621618617,23.9545619681078,middle
38.8206171756021,46.2421838353942,19.3747278014494,19.1848246748951,25.3211501691327,7.3026424398797,11.2876460678996,14.5939865550232,3.69637399006787,44.1966978246557,56.8634510602929,16.6954147787399,middle
24.0053204735596,31.8796038523261,15.0489707033532,17.5011476240004,22.3590845317553,4.60429490560219,9.46368040023994,12.0850599522836,3.33528684506848,32.5138990103795,42.5525815796355,12.8999935658693,middle
13.4223252233714,16.8550795536485,4.94458883526741,19.7406813751127,25.1949675714955,5.79286613299119,8.74506682601985,10.964354534175,2.89116617081831,28.0109354977829,35.8760773885418,9.34481616596461,middle
23.8783136637936,31.650307303107,16.0717533134944,19.9207177719822,26.365588083626,6.00060307465354,10.4405434745582,12.881868643159,3.39927735849068,30.7228005182758,41.0081964966541,10.9597161367192,middle
35.5916945346452,43.3720175325344,16.3345123140571,22.9892580112062,29.3559006770344,7.98708379277277,11.8729387231828,14.6710383804529,5.64645628556358,33.2549948382845,44.2442196839446,13.8524202853057,middle
24.5210102570155,33.7561961631889,15.6551510741352,21.1103915098312,28.1371236096548,6.2516764346324,10.1633910660106,12.6150252576946,3.96564733752623,27.8359669090267,36.5308393752291,9.1228264332045,middle
13.7717921802092,17.1862633046034,5.01964792607481,26.9274482565908,39.4663746511392,10.1176124325691,10.5839023740224,13.5597365883086,3.46044546122142,28.1541211020925,36.9988931256693,12.5735983242259,middle
26.7005682751022,35.5171541685879,16.0310671716885,34.6531437889581,45.1633729899973,13.700471699654,13.0764532074935,16.6090532285069,4.37850509793286,34.5798115065319,44.684584618799,13.4417640606884,middle
35.6982600990059,44.1066478108716,17.6192597985966,34.1371210750333,41.5702387575,8.23583712966964,13.9559311379345,17.5597819171098,4.39827595617022,39.8128565456049,51.5215765142846,12.3317038339666,middle
25.5337429551347,32.9096286176853,15.9781730056293,36.1526776014843,43.4974999714729,10.9094454372816,12.5161825729385,15.7343273701872,4.1789920526295,40.5381358057402,54.0671556259509,14.2480859528075,middle
14.3758656249548,17.5841025989935,5.28199274575859,28.5679193021714,37.1242584087043,9.95679285508372,11.6150107399524,14.9873487214328,3.8664657368742,40.7151737235378,53.5189912429188,11.4516141892404,middle
25.5367835441029,35.6030671746446,17.2377346863794,26.5980132547932,34.0814753042116,9.477441440597,13.8241739078154,17.3362494561492,4.10555555432389,45.2426233904425,57.7326956766598,11.4241806828494,middle
39.7211707989704,47.7814157463871,19.2101642251154,27.2837498648287,34.8032146246413,9.86005999386415,14.0991718486619,17.2823177782139,4.41429627914263,45.6250066633746,58.3547098131495,16.7813913904025,middle
26.9378288591536,35.8730857583426,16.7909079865366,24.2916244443597,31.5409962782895,8.6143972500303,13.0961678011378,16.2976840192286,3.71454371620215,40.1807916737351,51.5995509516921,11.3582102799771,middle
13.3616419891345,16.9466219251533,6.16647403531142,23.8582795425146,30.4686601496495,9.05682673969479,11.8490938922197,14.6783540484346,4.12933831266342,35.3170941326628,47.9793279843289,12.6568624498291,middle
25.1878954229007,34.3759594073368,16.9527476135902,29.1842367441329,41.3219531210092,10.0883178075223,15.4175109590334,21.0660672346844,6.97864074844341,38.2382301514267,49.8860770965613,12.6824973584633,middle
38.2748092946002,45.9509953310544,18.2093652677056,39.2486018575701,51.7374515950487,17.1224793091442,27.7892880401641,36.693847869313,18.5617914964307,50.6720805452,61.0684832303097,17.9908064580101,middle
54.5741855988773,82.7528662748097,30.8157639081908,127.212692972931,247.021054430322,84.3018192571805,149.417668674172,333.334545775201,97.5041470362555,141.778823399621,235.703579081891,91.8207090713396,middle
99.7243222846388,298.134145578215,40.7096387764776,526.907894321748,1480.6239004302,242.417559337032,517.87738438985,1447.74052020286,228.788129706577,458.618450361788,1286.27189028039,203.210657898701,rest
66.9576297788282,288.279019344018,39.1890286996847,440.452570238927,1460.74751045764,235.33857126451,409.044841472636,1409.76396074571,208.035310049078,363.333400809072,1265.79659783594,198.718953161619,rest
5.8532593558785,7.60004623142037,2.44555326562157,23.2332588921123,34.6825907802336,18.3293998159985,28.153405211688,41.2021519341709,21.675357687821,23.95034629331,31.9493478365105,17.3656609258618,rest
21.8428963858133,31.603685536213,16.6327901992912,5.49502750487239,7.63181764972107,2.57516533111876,8.91476454736292,11.8016294299004,3.01707637704628,20.5952357276166,25.7757620309037,14.3881188989633,rest
37.1939168405029,44.1773174844329,18.2016103151397,4.58165987161104,5.82363996071448,2.15212670338819,7.5872482080478,9.49659456999246,3.14250838515506,26.8852848421722,32.2491230442299,12.373293213409,rest
23.7172161528423,32.5811969070833,17.0594014014691,3.91218220278886,5.11158120043702,2.43433892005642,6.66632693267177,8.60831756507663,2.92069017162887,19.1031574263467,25.00434557389,11.154899433061,rest
8.90610422625206,10.8979340046892,5.92986749392434,2.30172731029785,2.88616676468282,0.90122776042463,5.16996486524025,6.69519794488569,1.52491429508558,10.3557284656676,13.553584202138,3.76503825358055,rest
20.7739186328197,29.9494183808151,16.0804495853376,3.34176258201526,4.26104938981187,1.89079977164184,6.92081665233995,9.76568112171139,3.43357128836007,18.5603500554694,25.1155530636243,11.8132880059045,rest
36.2091327083934,43.5905065433714,17.4907172292435,4.99893466149534,5.96411087961269,2.27553544382216,10.2338044122002,12.8273513310937,3.97588939083717,28.9006941924577,35.1458013516491,14.9172012645745,rest
23.4443145674385,33.1677357263636,15.674880914608,3.75674067792679,4.91635151926611,1.70118338381838,8.7242870669721,10.7625989439372,3.36360157210614,19.6578680637262,27.1356669089182,12.2389361205602,rest
6.23163633562292,7.91767237322584,4.13141523592507,1.69962774972058,2.13197824023761,0.449068488948869,4.9937538216144,6.28023235865568,1.3486018403069,9.32722067729433,11.6675718330166,3.26953597448117,rest
4.90272890967838,6.0470174606603,2.8290808447051,2.09043521382163,2.82672232667602,0.669275088063771,4.17893092322442,5.40949837158507,1.1421942635975,8.81423708355948,11.7560841591706,3.09240142304974,rest
9.95047610447569,13.8059219699966,3.7211099733009,14.8712109401905,24.3348901702962,6.34275467106329,7.57432264294634,10.1753343803267,2.04722677985823,21.9841290174187,30.7999952696828,9.18939921689686,middle
25.147902797576,32.0469188744094,17.142194072296,23.2257921988363,29.6184336310248,8.31979138196142,12.6641092015834,15.2222476683387,3.67178638836312,36.7446087218016,46.5406497031894,13.8604828535557,middle
40.5853743822992,48.3570160091324,18.6248275242006,20.9183817733559,27.018885098548,7.19920266531413,14.4068492064291,17.39570829998,4.64720757201941,41.9609720307321,54.0771831244101,13.2781402955715,middle
28.4278291867672,39.7736423655398,15.1802928192,21.3976869825698,27.7671750190983,6.16631276749981,13.2271736537504,16.2895713427056,3.8543673032874,36.6876102715052,47.0115478623168,12.1408657623739,middle
12.29699943255,16.1226697552053,5.7482898549977,24.6068151404319,30.6088180531597,7.99139367910726,11.668323797671,14.4642807861694,3.13152566094827,32.4827561820933,40.8790095296087,8.98436935408004,middle
24.3880851346166,33.5204741198728,16.3143551490194,26.0869474883655,31.7113970235042,9.34351831558749,12.1376192676098,16.4993939615967,3.94416680965011,38.8858199977518,48.8535784088113,11.9674581634549,middle
38.4724411708427,47.0327219843621,20.0385548140692,22.361628172547,27.7024170531048,7.49722322019948,12.5625016492524,16.567168467596,4.24740821246047,38.1312282998041,48.9551740309411,12.6579454115166,middle
26.5641092963215,36.9221957590391,15.7436078286649,23.1678915971508,29.9173474450819,7.22734639519521,11.8411003598402,14.4166954941739,3.02546263616834,36.1555792717735,46.8531328251185,13.3949566727743,middle
10.5416629686604,13.9471255531708,5.34933158256448,23.3714084289207,29.7574902910596,6.99699658778036,11.4195662156471,14.1655499228535,3.50724684639746,36.2033795137828,45.2183012853047,15.837978426934,middle
22.2654115775565,30.8610067822566,15.9174500072651,22.8444150520373,29.0854404204967,9.98538319017659,11.1209310542717,13.6376662187616,3.37539789303486,38.2656292499495,48.7561826188641,11.0642363230954,middle
38.6487410929813,46.7504568099709,19.0941121814868,22.6330578720638,30.4133377842345,9.06301332281759,11.5984202455871,14.1521839837249,3.57562083602912,39.9002769711575,50.5242341273685,14.2571789154545,middle
27.1403748898359,37.7916377181165,14.9796948755009,21.2343363543837,27.9293471652001,8.27035861290452,10.7974839348218,13.2356487601694,3.96940828599247,36.9152374440202,45.0557589599321,11.4992741819059,middle
12.2847711247035,15.9962824029281,6.19795206060059,21.0879005208975,25.8643341679913,6.59694685747584,9.08398783034344,11.0280254294293,2.95249448556965,29.9784803561753,37.6731029135547,9.90274553446039,middle
24.1531961422452,33.1081571418848,17.2653244499835,20.3188518727553,25.8952192416119,7.78424846748078,10.4800196508431,12.6707726082736,2.96207727136515,30.5716582686105,38.2814047269106,12.8342213485135,middle
39.5208006814406,48.0641108894119,19.825064453671,18.8520389662681,24.9203412843558,7.06863526990334,11.2970246191943,13.9794184997304,4.0760893118107,37.3158610759875,45.9751264808323,16.1941756162868,middle
27.136016284435,38.0247176840861,16.6502791707407,19.0874583909606,25.9315319248961,6.9440974036649,9.60230663106747,12.651107568336,3.08092739085105,32.049248351146,42.4242496464191,12.9929767755905,middle
10.9620231515143,13.8107876532457,5.78698533266086,19.6317386960452,26.4205461647539,6.50501037083758,9.72026828140058,12.5732161144527,3.10601423957198,21.7828409842258,30.40135225654,8.74918147189902,middle
23.61533680499,32.8210624520705,17.2034118922399,22.7579405797482,30.1109770558853,7.61445623650344,13.0859729660305,16.3139733277652,6.41823525686235,27.2024925452497,36.3296983462252,10.6868468826223,middle
38.4402170990416,46.148926475278,18.1442097071786,24.4190735360483,32.1133466889228,7.07545607964678,26.1066824192805,34.7595460663665,18.8551252444595,44.7602588351115,54.9304364798419,16.758553709434,middle
81.9474643569219,163.274067516585,45.301890935592,21.5312145763915,28.3035128964489,6.92327026803459,158.009189500671,353.302605579774,101.666294886543,119.646159569648,210.031013625659,77.4562445369009,middle
245.886571916731,743.323279079977,102.020755000878,13.7417616777752,21.1947990608984,4.70440305113618,559.664770264838,1540.03313750186,245.108880401634,297.364223027564,895.426630123401,121.920508979632,rest
196.874375871448,726.298224825553,99.9866927772513,4.35739432006644,8.71402825516524,1.65992844050634,445.734645219578,1499.96138800462,222.605187030084,214.603345577158,871.803037378419,121.574416613808,rest
16.2610922769778,22.9191517384913,10.2824409347839,1.79138287470639,2.25533539592609,0.646725449471702,31.5518600993332,45.5970503454779,24.4945872854917,17.1807940993644,22.9529430738534,8.9325764343439,rest
20.7776930576847,30.7174141727001,14.8943059459369,3.28850245905304,4.53822298518822,2.15696236401204,10.1365543211589,13.0798809071097,5.46100471327172,19.137162269399,24.2765373460076,10.3794365170872,rest
36.8933647955567,44.587338413442,17.9425054035044,4.91839529869602,6.16377278840053,2.55782165305382,9.29012505982029,11.5554026551539,3.97548841493288,25.9005356053808,30.9369773035284,13.5219799408154,rest
24.1507474164561,33.7587255329574,16.5208591300933,3.47309452275725,4.77737692552215,2.02073407215417,7.14440412467345,9.34987572449246,3.74765810007348,17.617942802228,23.7746520575452,10.9041452129873,rest
8.63363594557634,10.3634514075226,5.37551122995958,1.87366051864277,2.32933753399229,0.713761052713029,4.99211983443118,6.68181473743138,1.75116117957906,10.3266933748127,13.8656323009707,3.72002112333091,rest
21.9503793150205,31.4958564045307,16.9114557352063,3.19301312826649,4.35230887270441,2.10956874792053,7.17378299928771,9.2113387586828,2.95380822515488,20.4901188274309,26.7819534684375,11.816729594899,rest
36.8711802924415,44.9422547811151,18.4833873325963,4.69264527969756,5.79620508779623,2.30674533722982,8.02717602891486,10.0156681694862,3.26673923435842,28.4897626869313,34.4717301494991,14.338384410375,rest
23.7576918875215,33.7010489115882,17.3723058217485,3.36474032546745,4.47482085185687,2.16362491460608,7.12031797678681,9.09092394053607,3.50954911891424,19.7503494987358,26.5392665028488,12.1502717299095,rest
9.13623889824117,10.5484623495674,6.9712363785489,1.99132609012767,2.40571187335157,0.780270339785338,6.19882702890047,7.93838556422973,2.51469495626923,10.6854815273873,13.4476677557425,4.85805414177568,rest
20.3976614692446,28.675641157938,15.9902189678158,2.97019488053654,3.974256947426,1.76784649579658,6.28826880817607,7.69681022108275,2.08635086050804,17.01333452931,23.0893863824866,11.215297658488,rest
36.0807198127389,43.931600031384,17.7543341866882,13.2919929942815,22.4640012173244,6.00888837623037,9.72502497092877,12.362467943172,2.59206606828993,33.0055349973409,42.1877276965985,15.8433580262486,middle
38.3217214475327,45.6080285704822,29.3712861266161,23.4673840956486,31.5781777240166,9.00408488627615,11.3974267368103,14.4371458189129,4.91377197929831,38.2636710518028,46.935529059795,21.1698702227247,middle
40.5438514540146,48.8441704168189,20.1667835213416,19.7074287090983,26.7337145641759,7.50160614206125,11.7481773091232,15.7070742855755,3.32635087776591,38.6976547639255,47.2651473541984,15.6825384011005,middle
29.3443433982918,40.381660735848,12.6432528015216,15.4095273461432,19.9348579005059,5.84936856030275,11.7296367949971,15.2651997792496,3.08995737743838,33.314853083155,42.3990615337864,11.1234620788839,middle
11.8650809230955,15.4694730885207,6.44021435232907,19.1607699832536,25.5770030064055,8.63918783639273,10.2775234371158,12.4477150275355,3.15993399482473,24.1573160002505,32.5140465839072,10.2814487301426,middle
20.9066958033678,29.2757543079522,14.6369676742473,22.5791381689178,29.1415771371305,9.74415126562175,10.399187649021,12.981035835478,3.020554555264,31.2904643196555,42.116580253344,10.2956306645606,middle
37.7139596939438,45.485271363121,19.3975352586304,21.4784182009121,28.0926000533013,8.59631851319461,11.7590336833723,14.7807185404577,3.35884152206375,39.3385285153925,49.4427654531842,21.1382166285219,middle
28.1903687949546,37.6569482129532,14.3752022174185,18.4993663389353,24.630582959594,6.61165733027387,11.2335246072407,14.0666782359232,4.15123406117425,33.9266844827559,43.13047910949,12.371139390804,middle
12.3693055695094,15.2439992372013,5.33852096289607,17.2092920824878,21.1092261225471,4.27644985313863,9.40670660172379,12.0360896506232,2.66376782110468,28.6250664701095,34.9708744653827,8.21009813487566,middle
21.8164302690404,27.7737032297261,14.1358486491458,17.1847757690493,22.5031555078381,5.4343283810518,9.74669802262423,12.6604399287803,3.01833830808976,30.0064703585919,37.5548874884623,10.3222663668565,middle
38.0673792398833,46.255184924692,19.3642583289111,18.1294052718792,24.4322764481226,6.77255213511636,9.29466604298209,12.2955201028168,3.34252336735428,34.9425669329235,43.8321992861404,16.9119626366322,middle
28.6023863344103,40.15272973607,13.7524185010957,20.8552911144502,26.8157343165426,7.77718657130594,9.13827079359191,11.7358083323366,3.43295100088919,31.4688345368593,40.2472569847046,11.0899865799058,middle
11.2673125128606,14.7569761873849,5.22286415424871,20.581780481883,27.3482557267537,9.12368043145922,10.4051988542721,12.7895781259336,2.83071400102113,23.4903961115706,29.3591212747976,6.9138129710483,middle
21.5584008660489,30.1221770149131,15.271375556689,19.6655573904013,25.4918788359371,8.10385620603855,9.59978495478093,12.0270714415474,3.30651091981513,25.8474873298392,32.7829187420487,10.3161623738531,middle
39.2220635620404,47.9253087024245,18.8759480501347,17.9902454301987,22.0685059262892,5.83984946884637,9.85261263198987,12.3489175651921,3.45378234379375,30.502039736412,38.3789526362442,13.7194345571365,middle
28.6086381167164,39.9348177256724,14.7169611529902,17.6371481993363,23.2877799217725,6.84190546954433,10.4010269232219,12.7412664955779,2.72473815234691,29.1606642045527,36.7160728302008,9.22334596357202,middle
10.7547241911959,13.9338210565392,5.84417606577206,20.9180260352941,27.8259676955711,6.6634311064405,8.51986092324265,10.565431157738,2.84057033770889,25.1964646530656,33.7417857668108,8.46048620961498,middle
19.7199552595438,26.7676386235705,13.7723443936488,21.6205149773805,27.3380561903851,7.80983586431012,7.49874103264522,9.38168871011111,2.24134023158195,25.1329133741116,31.9221208968527,7.79025475042913,middle
41.9479822118521,51.3924759247011,20.6416411781735,29.0542848897354,37.9707294452767,17.8379177297091,15.3367676486731,21.4980443163496,7.70362454133795,42.1726265515447,55.0850445789032,19.5580516586015,middle
55.9095118647441,69.243905301072,34.4207480864987,150.319818978553,329.049839411497,97.9382147697699,67.3148252189986,140.961216134158,45.9772945265056,122.571204818947,210.219778360713,75.3044654569291,middle
61.4391653110164,150.940082569661,24.7540185769075,521.290971410444,1450.76857792921,227.143208673027,210.753374627336,623.145018687021,90.6020184924217,308.426962975699,861.554704335441,132.678698483382,rest
34.6607361579679,141.394245884898,21.9957370378733,413.444203533689,1413.95792392673,208.111504025435,164.638912097311,607.582316482688,84.6718851772123,227.083077357935,837.331335377953,120.516353072546,rest
7.20028747143191,9.08203118566337,5.23850421233402,29.3816067815504,42.2112736973411,23.2028568322378,12.7941606981638,18.1652744730381,8.58526740850561,13.8646752876836,21.1413266944246,9.68215947716168,rest
25.7395042161782,36.9737467038449,19.9558394157777,9.81812714293124,11.6294205867966,7.64052395306877,7.47357655874137,9.5014429667836,2.98038732883181,13.6087276465988,20.0152053626716,8.3298456629992,rest
43.8705732464393,53.2812501916448,21.7712551454063,7.59066766913651,8.95626422723081,3.77095101197225,9.09580172972251,11.4954511322142,3.93768372907557,23.9947778556477,28.9714441095706,11.7438362922279,rest
28.3902144263614,40.2254552130548,19.5470239847918,4.4910156455511,6.09834895758811,2.7304699587791,7.13797945051446,9.70819634504776,3.46842775623158,15.9455334659369,22.180036703544,10.7703649696974,rest
9.83078722089456,11.7108493833061,6.57797184486894,1.98457346807076,2.45641043448438,0.863215938883378,4.62734400220393,6.10173726674494,1.37143534425213,6.3680456629689,8.08875061895845,3.72573684031044,rest
25.7808130062159,37.5023796997028,20.1371437858676,4.35271474727269,6.08829231865811,3.05747186509448,6.47724660893641,8.53607001408389,3.4781731404782,15.1643668153697,21.2893366773117,11.4358094410834,rest
43.2383831763512,52.4919517136514,21.6339197552867,6.80855125636166,8.23252853323959,3.30057393440813,9.18458054863672,10.9727838733643,4.14052507908879,24.8124705375651,29.4481724657218,12.0579312317431,rest
26.5261907868018,38.3769767276445,19.7838290464746,4.39975000081528,6.05736631631629,3.07824936904912,7.16259470899476,9.03921529789858,3.27774805063447,15.745323092161,21.8341241967243,11.0921032208574,rest
6.07771748848197,8.45637119188353,4.31919349402909,1.8503449935892,2.31004195617672,0.753506122328722,3.914150719748,5.09683264910735,1.18002157308121,4.31887137147847,5.92221398531081,2.57856808080244,rest
2.67069663939896,3.22364727760854,0.991555097149287,1.47571495551691,1.92767274736714,0.421827270527182,3.94881255500099,5.4228585354639,1.41234369592855,2.95275564327343,3.67388430483556,0.950791080573889,rest
7.70345922571896,11.4936021926185,4.18273382020377,12.0004007045656,19.4633035367132,5.02955282000566,7.45337396800072,10.4369383838431,2.4443693926686,15.6226740482691,25.6422220230918,6.31827290480604,middle
26.5944358706117,36.9370948777523,19.8201560960047,23.0591405718149,29.5081298088492,7.78233003534581,10.4256975320949,13.3698864199111,2.75519431305348,30.896293017464,39.2534301551814,12.3534667743321,middle
44.9105932514678,55.7993633027859,20.844734531945,22.1918067204385,30.1133887495894,7.13279716244498,9.97286001641143,12.7011767982497,3.77874117903015,37.5986197207722,47.3733377546851,18.4851361072628,middle
31.4479378411616,44.8009143945535,18.1952508531778,19.6419048767122,26.2691426887898,6.42128185830682,9.17245364964374,11.3883465327054,3.17675297314249,38.6902426158383,48.6006902985416,12.4028406282514,middle
13.1623007835886,16.2654815398723,7.41306012204332,18.40618920684,24.2966779769019,6.6677049355899,9.17549349439648,11.5117478142352,2.78201474002739,33.5717957236083,45.7830703134268,12.2086557759564,middle
27.5329824388336,37.318034330392,19.5924216736532,19.666766030801,25.9414131308748,6.99537961210388,9.46103516392929,12.5112648891159,3.88137646864747,31.4388933408459,42.7881100085068,9.45045540283045,middle
46.0269611529753,55.8972502240466,22.2877926356438,21.5991455935145,27.4473585992816,7.72251209234557,10.0386726525741,13.0397255827812,3.40002072017155,33.8404831416976,41.3109958207942,13.6135694538211,middle
32.0290645905971,45.1037683623961,19.1579668208037,18.1312389979341,23.4961651066278,7.00180470091372,8.51405062764225,11.0764571205863,3.5073262803176,27.9468092359752,35.5679964116697,9.09830223289959,middle
12.8420429018809,16.8003534845831,7.45984806262888,15.8729803013214,20.2510080125132,6.79957095199857,6.43831772588123,8.22161798577267,1.76698597093455,23.9038568248559,30.828328817734,7.51831450496983,middle
25.9271121712123,37.037166872086,19.537664526114,18.5927565568276,23.8788548630595,4.79670803790254,7.89805610492074,9.87129083838044,2.67421908580198,28.9448467862108,37.2764661805617,13.5649832203148,middle
44.5079383059535,54.8244221871696,21.5906668232977,18.7218430022988,24.1151189022279,5.88442257226785,9.90656750157378,12.0665705944277,3.57784675794176,32.803402976358,43.1331524420972,13.3087511419897,middle
30.6338358542977,43.148913156421,19.0519303658209,18.7677284147703,23.7904730397925,7.78272503814623,8.38128786053553,10.6236337076796,2.99007805602217,26.8087057737098,36.8015764968421,12.8289209296991,middle
11.6571754556853,14.42511343319,7.27916064551474,17.7340542847379,23.1679292562287,5.31407695450403,5.85029612880009,7.68131789531622,1.78352643535286,17.8455235865107,21.2134055215714,5.25737876904835,middle
24.1776984178505,33.6809549681522,17.9574026744988,15.2766419822088,19.8872288196569,4.25462107370614,7.08142650920504,9.01696591176279,2.80598111475246,20.2148272516708,24.3180408466043,10.196847824179,middle
43.4249006570011,53.1730809081037,20.9444657887039,17.0274502256463,21.8100646875249,6.10557124482547,9.63606235822563,11.6155295541868,3.93610126282986,26.7467905642644,33.3241865411372,11.7544727095221,middle
31.5316734541292,43.9348465086262,17.9595652346889,19.111036623704,24.979976049691,6.36368445977225,8.9725488110782,10.9684586979402,3.16456065035004,22.9945241444118,30.2124687195343,8.84734011083198,middle
11.7864431901174,14.8737257183701,7.41140022135287,18.4412888449746,24.202946280359,5.64159626377241,6.45011187706887,8.05489344802804,1.85047821297102,17.1417483432384,22.5591829190775,5.27559400501274,middle
25.9919092585073,36.9300250636284,19.8390212626503,17.2417390362967,22.0523708131043,4.91035160935345,8.16126104661829,10.5085225347371,4.12006090903005,23.2134938288638,30.4293584936826,11.4100087650722,middle
50.5676954826879,59.3738070625044,23.6694664609751,28.3830010774639,36.5153117751692,12.7844719952676,16.0980166999237,20.2018999777421,8.32877032024474,36.1192815065304,42.9280192074126,13.9313468480088,middle
112.868882384595,218.601475032926,72.1638945993109,98.1534654337333,196.639699576025,63.6834807676181,68.1831418653786,145.632376291751,44.8343208490917,92.7720756185797,172.324324666316,55.2056975131978,middle
346.613593134463,1057.2383806442,139.412059704027,316.442337541893,967.111893984435,129.113071246462,232.325104441694,710.007309735244,94.0006953279599,263.883366199012,794.431577980961,105.227577336191,rest
282.15014161686,1035.953946253,143.555089521144,254.044914219767,947.873989406768,131.76503282852,186.896505504208,695.439548553509,96.6916733664455,205.04480668001,776.575175691697,107.71345920725,rest
26.4588281227103,33.7659440597812,20.5559036422173,19.3762977237339,27.2727206356089,14.9910662800962,15.6339849651696,21.1942076362071,11.5193148448269,14.4016710291165,20.5845120436004,8.89751452815992,rest
26.8948707692146,35.0507904069466,21.0038167328874,7.1166182245692,8.33379981134638,5.4327856270529,8.13928616900539,9.91785298256204,5.61255400109459,13.8950623178261,19.7391138825391,7.95930223796793,rest
39.5139382471062,48.2065532057246,19.950917524374,6.40513536599722,7.61446783303449,3.14039194565076,8.67684010208035,10.7260581861146,4.05176876579522,23.2607115227703,28.3650091005566,11.4914565616602,rest
25.0192510734419,36.1519408588006,17.6408379601725,3.8619657823838,5.47814012013009,2.51089244557755,6.83146812396055,8.94080642799153,3.645570644784,16.0799975081798,21.9615391309314,10.4198593138463,rest
9.585847619063,11.2816420900684,6.87880428231038,1.79309795987287,2.26422045108087,1.0459927717544,4.304958251294,5.80221193993286,1.39394727849882,7.40575044639657,9.10106209580743,4.4800111742834,rest
24.5582855095657,34.3883439951702,18.7160348003006,3.89863362061299,5.52334427988685,2.8589558621036,6.0705970289266,7.84591838883945,3.24969928618612,15.1287073805355,20.6050265830218,11.036302995524,rest
40.0808902302709,48.0108397457545,19.1508851783999,5.98293153574197,7.48707061777509,2.88877725139233,8.46005112776843,10.0777129795662,4.2175370669151,23.3042647935863,28.2785374198477,11.2411540464452,rest
24.9072236196603,35.2469879498466,18.1698637355191,4.04096486843993,5.62137192509818,2.70381462149425,5.64369033557854,7.75619754325009,3.224559301873,15.2428992497702,21.3304049954902,10.607303397156,rest
5.8343598319407,7.91481201046581,3.97235555108772,1.63587762505441,2.06674197540537,0.451539101883178,2.62319554097246,3.6798066028732,0.903002868309635,5.23003801781864,7.11367506267817,2.49294053836509,rest
5.37925589045971,7.53888736023923,3.73845591427555,1.76546059316734,2.56585377305131,0.561903128766488,2.7073327508852,3.66106155255004,0.905998266774281,4.51775086977567,6.06891186503249,1.86929887557686,rest
10.0393876070293,12.4202764882923,4.16738953116858,9.34643524820856,14.5297506900139,4.08893648830708,6.38151969498841,9.60409419659378,2.78186780623397,8.62390224483949,11.3183677673835,2.54068636777518,middle
25.5090505334876,34.7887812830544,17.5960755095855,17.498061770693,21.9896902897462,5.1237493621985,9.34769936840775,12.3279020498739,3.62710303187882,19.5744315860277,26.194805599975,10.5747542035104,middle
42.6752539460296,50.8486333888072,20.8026569518208,17.7876962894392,22.0730310809099,5.52569504091067,9.51452039839696,11.856558880218,3.13715860482339,28.6827460977809,36.7895118175689,12.2107904351617,middle
29.1619721219463,39.8651892219931,18.33602353047,17.4936643539805,22.4254024438813,5.16584327875097,9.83243021363793,11.9696879484129,3.17364088173779,24.4710416631536,32.5428662809369,10.607783088339,middle
11.2917450343269,13.9585519802119,6.95329893620362,18.5740106497552,24.4230901397792,7.10082163237009,8.61726276671163,10.492217987051,2.84658944031964,15.2177360844156,19.7147557248571,5.82977152027825,middle
23.7150766870462,32.5019256410239,17.9453539597578,18.9532574853786,24.3420176846075,5.86489440840409,9.46264496809703,11.3753062472164,3.52493772734608,18.1019027614038,24.4152741010294,10.3176947771685,middle
42.9464735696078,51.5224394482023,21.357098971822,17.8780041701062,22.6181783332762,5.73464238366507,12.8007520013665,15.7941246314254,5.48829803736944,27.8885466611433,34.7964314243396,13.777548557814,middle
31.112992163974,42.6971795447145,17.0851268235484,17.874753764015,22.2975878199747,7.74318102946177,11.2156101595692,14.6119329413793,3.26897409957751,27.0030970325437,33.922669386054,10.3769456135896,middle
11.6793788242708,14.7171145931321,7.10525080942201,19.7751233788431,25.1644835222001,5.98529427378653,7.73992605713037,9.89266159401552,2.33574369642931,25.7357344195189,33.2273586572079,7.41185063535123,middle
23.8432592784657,32.8208693561039,17.5823245801764,19.9670979831519,24.6535812271368,6.41641307025304,8.74920210314546,11.2568056670701,3.70352744237712,31.8476601215466,41.3962759458003,10.1026803176379,middle
41.5425775013222,50.5832797211915,19.809221108902,17.1532290107987,20.7919758425829,4.88212396343099,9.40267814951098,11.9783835542687,3.51021562507487,34.2851194040478,43.466820007371,14.6676372111758,middle
29.2599769104712,40.8422428872745,17.9270682437692,15.3440406919441,19.0499409800182,6.59037503616978,7.2684665512276,9.29512445982943,2.98882650459058,25.2983976050497,32.9154759843123,10.1806271031615,middle
11.9061359792988,14.2036572690289,6.75758334593196,14.7102267499756,19.0636706063849,6.70208383275928,6.10052526525037,7.62496036954211,2.02086326334232,16.305137621102,20.8846798347305,5.25947243616081,middle
24.4394135930461,35.0807880157115,18.3581150723686,16.8283026885795,22.6404150346011,7.21644742834215,8.70082835572372,11.486612045879,3.39184403950037,20.0686853056113,26.5033166489941,11.2836227104699,middle
40.3404891739629,49.9779699461427,20.6989725872129,19.8938673363954,26.6690545800808,9.07019263258717,11.0007367514385,13.8579312177565,3.86542226695359,29.6163649133188,37.0280524092824,14.9527949202947,middle
26.9464079923923,38.2238164618454,17.7852296160847,17.6204115816252,23.1349142786504,7.05730857108594,9.06170740831947,11.7404627991494,3.47514788745048,25.5375345823545,33.0975638806086,10.8576224784392,middle
11.8926622221777,14.2982902593998,7.8022523936171,15.7568975246291,19.1156075109907,5.68477933277462,7.07312331607013,9.05257241030493,2.12830946480148,16.8722875854562,22.3012070261475,5.82684429730021,middle
26.0557990153231,35.6481614133383,19.4677824493367,17.2090351404696,21.413988178335,5.46140314705256,10.2796185378299,14.3161915189191,6.19862778584789,21.1643843635488,28.1245889806968,12.1232979798272,middle
39.4921320254762,49.9087380838304,17.7999656166261,25.866200404638,33.7622503551225,12.4453540744545,24.4128231990803,32.8355330375724,17.3517003344759,26.5728695337026,33.6920152889911,9.83214417798093,middle
78.9678150539328,176.745755457258,36.5932386383324,113.766939951197,235.499776789214,74.6429526352083,148.574793644786,334.211505942476,95.6393907284399,74.846308707838,175.973052320797,34.9613973286022,middle
289.7195639075,893.058020283791,120.060759935099,372.031235248443,1123.5267492451,148.863923329777,529.640372159591,1471.95102197862,233.11802319261,283.205787911135,824.085177462862,128.977973569134,rest
248.813899348441,876.732412036206,120.745732869966,292.466276564481,1099.36697916729,152.530958880076,422.962306990931,1434.43771694136,212.254045399022,239.435982418258,805.995428183276,117.178804647772,rest
24.8636272975375,33.600569263159,18.9540279056243,21.1645893594578,30.1123927645688,16.3295606215743,30.5171190678404,43.164966039075,23.7803378168404,22.7664710028568,30.8731677291718,17.6316580441786,rest
26.0660090974497,34.6683920139251,19.4109073872984,6.90643996420653,8.45129223119116,4.74267594554845,10.9442101354391,12.981513763455,8.20324133867019,18.1647207632547,22.941427460066,13.5376813640677,rest
39.4665939330951,47.2886851586488,19.4050352082514,5.81724218107518,7.10206930673552,2.91216738992122,9.12695946993657,10.7823344719135,4.38594691073121,24.8901548070998,29.4542806518164,12.2547313710611,rest
24.4545165403208,34.5899388711311,17.9848715557412,3.86924011109194,5.22134464344739,2.57933624410379,6.32401061451927,7.84776014081244,3.35875902231832,15.9306182840104,21.4994342778292,11.2759437134568,rest
8.81161167270248,10.4319715300064,6.18735020984347,1.88610888551088,2.35383692152819,0.938622003074764,3.95341317631632,5.38145324456397,1.38833930051844,6.52743476102283,7.82682438199188,4.07403523159154,rest
22.9256690436579,32.8636917398073,17.7387922737081,3.63898592382577,5.21692645693858,2.46851734217957,5.91191943939168,7.88274676682639,3.2676479034989,15.0139439500104,20.9429827029571,11.3836523645665,rest
39.6252639639616,47.3479916257541,18.9761731295535,5.87677946110932,7.18928792885952,2.89976522522972,8.0626169496388,9.81785677159242,3.91298855255102,25.1003424558517,29.742869894015,11.8462287125402,rest
25.4130185083815,35.6610499948753,17.3564878076096,4.04097532515531,5.46397893107229,2.55088513407239,5.86455000124857,8.01119175857824,3.24299317159282,16.1127139453127,22.3322739023363,11.1023548757471,rest
7.98138209987599,9.6906555739706,5.3495588193601,1.91218755904668,2.36762278151233,0.959359284297057,3.55611349424877,4.93166445371115,1.34243412602225,5.38113291984579,6.61318558587285,3.46785057945543,rest
17.7878501250358,25.6491846342323,13.9402968199212,4.22808296345218,6.11281899292433,3.0423574959061,5.12281661812509,6.82820732587398,2.67157298077479,12.5299504490666,17.5487566901845,9.43285009234414,rest
30.4098612648126,37.1993549624027,15.6249852271676,13.9130940640629,20.1407212575388,4.62291272851104,9.16583088538359,12.4555181066586,3.27043733206923,29.0009783492903,37.4974706595432,10.7315827045599,middle
37.766289585645,45.594628356925,24.6204506876975,20.530962741515,26.647335674035,6.05293822962764,11.1829441353866,14.6899555885792,4.69344708440158,39.4502564272249,49.3001176436391,15.1228087561943,middle
42.8022133913869,50.770596249177,21.1410239722063,21.5976233703312,27.0063220072297,5.960344110382,11.2918341013647,14.4105444956908,4.38246921397845,40.9262139209228,49.8780380699294,14.8312628560172,middle
27.6104813497094,37.0783841614991,19.0240757736891,20.8619753140735,26.4461442593743,6.42543929253775,10.9005593010982,13.737561394505,3.17985372881042,32.6547021156661,39.9768213352439,11.8812834118008,middle
13.4604796293152,16.2055169001474,6.08937762667072,20.3101551313244,27.0895198674211,5.4943262787924,10.0270707339355,12.4133164324934,2.44752711846583,25.5912547544136,32.2160776102264,7.12500583398391,middle
26.6690403126617,36.0113149660424,18.7242342093331,24.4996318980247,30.3553751390656,8.86978251048747,11.6541111411592,14.9085214126905,3.57086152545394,30.1864385818267,39.0875215992824,14.338940544444,middle
40.1835379790091,48.4671630888291,19.3576469322545,23.8166683764362,29.408140174781,7.66187381300248,14.3510728487075,17.9933600273603,6.09899554750829,36.3777089974089,47.0616391676085,11.006206933253,middle
27.091105403235,36.5278944505227,18.858421974356,21.8332122697049,28.7136405188323,6.6220328936561,13.1933663973423,16.3228107171396,4.07143171996197,35.5335923452867,47.1010718196501,13.3141899401124,middle
11.5988325611896,14.625445440578,6.01859287964793,22.4854958009862,29.2892469825129,9.07424885689212,9.92420758015585,12.3509914730198,2.58999295103437,28.8123839897408,38.1580922358387,8.41798631720741,middle
27.0663895932029,38.2991702378838,19.9303327779302,23.0049180574646,28.8129853825672,8.79326906473536,10.1637833005286,13.0309532195091,3.74392245557062,29.1331136596307,37.1782747984139,11.0652147784234,middle
43.7053273922826,52.2544828873232,21.3440115651473,22.8877343686926,30.1934231118623,7.19707355613001,11.5146477855635,14.3471181482352,4.00754062474849,33.5713927885002,42.0258850362776,15.1435231625415,middle
28.0508524395208,38.1282594434969,19.97375951619,21.6806210993719,28.767553765585,7.21839480239026,9.83184292088021,12.318263520964,3.97983945108398,28.0066430261435,36.6365874025449,12.9811478231609,middle
11.9145929843385,14.528125604742,6.1366145010349,21.3280782081264,26.1914744003047,6.86385013576839,8.16318994574396,10.1908839405615,2.12688453320005,24.0670838227729,31.3116250130099,7.46812420804898,middle
26.0851005418572,37.7956247360918,19.4448764691756,19.8859233713245,24.8320254684216,5.86216129691321,9.30132126043829,11.7255430607614,3.25692302885071,30.5361805130772,39.0056175781658,11.9776498749456,middle
41.154991435071,51.0873290439116,20.0675081789428,20.3235004309297,26.382225491177,6.12331967038543,11.3250060174489,13.9248570496179,3.99011641744622,35.9141125885668,45.6440726795798,13.5848482927903,middle
26.5629779516879,37.4715673043533,19.6003572885674,22.1552691593511,31.2000692354088,8.62182095270512,10.3433564141239,12.8768505716652,3.60959960576903,32.2340550505222,41.4733743300211,11.8622785296835,middle
12.468377751134,15.7421932460802,6.92611097769044,20.2022455374044,29.9616594296419,7.21388493164525,7.31312422311458,9.41790715789502,2.28023866228788,26.4419240928952,33.933538387768,7.190130096264,middle
26.3868718391739,37.6106673291797,19.8355319278112,20.4315275487613,27.522691380831,6.85599669917313,7.2023773228281,9.10463007160753,2.16778722866042,30.4478729125493,39.1381903825274,11.2063070338982,middle
40.1491537825179,49.3898331545464,20.8654674986186,28.7125431979134,39.0300664579261,14.919119179688,14.7277841479556,20.0559814607265,6.51644043490142,45.2458563631563,55.9415546481905,23.3686590196516,middle
53.3274048308145,90.648241284097,29.4572960278104,116.26389776246,223.257375908849,76.0819959423779,61.506253512907,116.726062591087,41.5531296579497,114.289952289053,221.400392734782,83.2690024584077,middle
149.170275573621,460.503028449556,62.5011989023826,452.946831489041,1291.40208487626,203.435438699659,197.320527429209,593.466302693944,83.0709399251824,462.402554602472,1302.97951024976,213.622804614831,rest
125.389424135359,453.021100250062,64.1244967841373,371.515822172513,1272.73415242896,199.684004769647,154.996905183616,582.358234713451,84.2368232188241,393.792182876913,1285.24247715573,207.086650726476,rest
14.6161111053598,17.6684892311758,11.3257758969824,21.4366584366262,30.1774970365484,16.3262246826157,11.4452649508676,15.4418854348412,8.42807338678558,24.1536012939997,32.5276833540237,18.8435319759739,rest
24.569596017443,34.6327148415409,19.3889095488748,6.92402041984421,8.42997174443129,4.15772296528359,7.5724649320307,9.66089505225459,4.77933693823876,17.7946161885742,22.1657062457879,13.8574040577937,rest
40.3976336064316,49.4012732487993,19.8702067546097,6.22527459483971,7.61282722410817,3.13232887127349,9.41128950726077,11.4230726800315,4.45767588104474,23.5753657447943,28.1481152715175,11.4751721636617,rest
26.1529950844113,37.353542026399,18.2048884321685,4.25529099494203,5.86509627839146,2.72989368881733,6.75237230154977,8.6164129753134,3.56919722050592,15.0757650477389,20.7571449556806,10.1743042377254,rest
9.49223200404007,11.5280162892273,6.12361709221444,2.02223522633946,2.51419515265291,0.882260418636782,4.49412884144174,5.42982459935031,1.39529197597854,5.98771555651519,7.39853010437812,3.2914325869412,rest
24.4469169266489,34.8601124958992,18.7318615922583,4.05238552432342,5.45496066648478,2.72244606144353,7.28052551857529,9.40334060278454,3.86858700963197,14.1061465127599,20.044337722099,10.65110041909,rest
40.6529536445388,49.0239627488018,19.9033540951955,6.09481824952693,7.32073771067674,3.0850908964121,9.57105919429682,11.9472577804554,4.51816306110834,23.178303004151,28.3985126400484,11.3461423051742,rest
25.1596673201322,36.1321414091668,18.3545347275452,4.12276329078348,5.50202660193005,2.71237041027379,6.85149035292444,9.34558177798895,3.79637582882488,14.7677141455725,21.2403032669431,10.2920039917565,rest
7.21910515605242,9.1223580096897,3.93637931282872,2.02115591466296,2.4832365304719,0.555677455328231,4.15448972710525,5.34692991902203,1.36408656870931,4.84497775834115,5.94998584207814,2.09819547478796,rest
15.6232786014887,22.2844231128627,11.7312954383908,4.07730283324969,6.15346464123336,2.57920115673437,5.34613658689639,7.069240314669,2.73052802935452,8.68972822712579,12.5357096288271,5.58758664068276,rest
26.4005903684508,31.3047930781118,12.7888724303376,32.9015582779063,53.1349085626482,13.1509078932775,10.1315862478893,13.4220833996141,3.68728378382537,31.4650416628703,45.3026512829787,11.189159784315,ring
35.9947579690413,45.8682025682882,22.8190353631099,58.1327524751079,71.5986989910361,17.4923048912866,16.2309918101828,20.3049497190796,4.58383808804136,45.4813790648222,55.9610108445839,15.0798924247479,ring
45.7108848077388,57.5120962208526,24.2627973231926,61.1392451121426,74.1988565440325,18.3157203885897,18.5852650098434,23.0777425207446,6.3172966398897,48.1917632161197,60.7966020562231,15.5483703158389,ring
29.5710305490861,42.8061770508556,21.9563595414668,56.422688058667,72.5123798313182,19.1117797192862,16.7254552362688,21.3591795334571,5.81805731763111,51.7048712881904,64.5907862394303,18.2830321740687,ring
11.868542067599,15.0696738796192,6.11614846634695,42.9878906713642,57.6670236888668,14.2713148403148,15.1485178990659,18.9067003596406,5.92160432355134,39.80840118912,49.5380567039157,13.777153347046,ring
28.2839791495929,40.5700811887894,21.1776938489436,37.3290653767264,46.4824336765271,14.0528697341768,15.4204132845013,18.0901329069161,4.53860523495731,36.3157682241676,46.6534545251984,11.6988740992139,ring
46.1375250209018,55.3589565968854,22.5775720759575,39.9568748589906,48.2413432650132,15.4081493223087,15.3772760433771,19.4201375572105,5.71515073742976,39.5584550059991,49.7557970554504,10.7906635009718,ring
29.4911970895764,40.3630273162385,21.6227629281403,43.5084607886227,55.1066393349486,12.2296943098001,15.3966388073583,19.8319498802931,4.49620784230002,37.8265789828799,47.1933575741596,10.6366125751258,ring
11.8308682899741,14.5249770395675,6.51929630846234,40.2333801030168,53.4746778941291,13.7096952603523,14.8822856087383,18.1553722930518,4.29213610047756,32.0446344175466,41.1320277039756,10.3985742339654,ring
28.1740136125144,40.0685499438629,21.4484758041754,37.5417166825174,51.3004331421625,15.3058497641788,13.7985418584981,16.8708857858972,5.21957738657856,34.0229583777732,44.2968288505551,13.972320790256,ring
45.4495091411622,55.4641653453086,23.6926421188967,42.6318982022535,54.2135576253529,16.714583087052,15.67197565547,20.0060644795032,4.8744725508459,39.6993391948077,54.3133128720399,12.8488815630084,ring
28.1952268970281,40.6684098730796,21.5411161303531,43.682837770464,51.9718344238597,12.2525024488217,14.723925190887,19.340669376257,5.24941221932935,31.5245610147866,44.8466028009699,12.1677559065014,ring
10.8861447593202,13.182276721929,6.55095729266296,36.3677864043285,46.5678489760308,11.0643051514659,10.1033680035002,12.8007019545407,3.17885997442235,24.1936637213431,30.2333274839588,7.32224735041259,ring
27.5871057348345,39.945434815719,21.573773124696,30.9081112661367,42.533644995276,10.6136690891074,9.19821038809123,12.086520190055,4.19433971240605,28.5421780804447,37.2300086860231,11.9976275336792,ring
43.8719041138549,54.906385342374,21.6999537180363,30.8429117298263,40.8499555927299,10.4563531368509,10.8159478306365,14.5951905656307,3.59140399039285,34.4789941068576,42.8252509236798,14.4292782598207,ring
27.5007877853909,39.9523903220493,21.5576294300362,35.0329692935997,43.9074846978643,10.6331358162879,10.2820927279946,13.4608698683539,4.31440982294678,27.6585247859887,34.4749705296345,12.2666372763196,ring
10.1686962918867,12.2909246140811,6.40352336056519,35.8250569011177,44.3827614324592,12.5898652166316,9.99176664005328,12.3206420491826,2.80404182156829,21.8995093364603,28.090958372674,7.99387494856573,ring
26.1801763100996,38.7058514484489,20.3758307145606,32.1327349586807,41.2659463853371,8.70109858338905,11.6717299529131,14.889637182473,5.7376131824843,28.1814033170642,37.9189874169647,12.0944210140841,ring
48.3341985904687,58.0092660290922,25.1874720220995,42.2107036062267,54.7898334706982,17.2205810492155,22.5790288996673,31.1758884299087,14.9625123493859,40.4248388158056,53.3707756281329,14.9385730396032,ring
56.7779285772856,80.5850535825341,42.8531236026817,205.629507966017,552.89958659076,91.2843640606342,154.830047703428,353.387607207759,79.7636119213802,119.244311238272,283.461009426375,43.5671254694073,ring
80.0444031058369,162.013401873274,40.2512757034878,486.327506189675,1360.4573161702,219.20522643431,415.619190296203,1145.78296121083,183.255298741677,258.230262117077,728.73095782699,112.922950238622,rest
57.9260996315014,147.84629976093,24.2566651704231,325.062344424575,1244.26160927445,185.094610299385,294.87575840008,1090.73461358123,165.776897175588,170.284572022239,672.859396143293,90.3329074376149,rest
13.6673999589913,16.0378248938043,10.4457646601838,20.6442534018772,29.6524587722722,15.8192826075149,22.7234197497085,31.6627417113422,16.6978744310181,10.5977919504936,14.2131981101534,5.06831636994979,rest
26.8340007599203,37.3636654334113,21.1174826364596,6.40276018703282,7.77002357204241,3.76497500580073,10.8305688544291,15.0127665025846,5.08080257892145,15.5912903282082,22.5532217399851,10.4502141572891,rest
41.8831608994492,50.881926726537,20.5190128499744,5.68581300261795,6.88627739759933,2.63537212077597,10.1287600793053,14.4486840468604,4.19030351495499,25.6180635630502,31.2644879006394,11.9834615354171,rest
26.2529418182099,37.0809354430299,19.8454666208416,4.28629990332452,5.69617832960991,2.78133797729004,9.26007293314685,11.7533019851901,4.22980159932386,17.0282408826907,23.3146083103843,11.9889236021393,rest
10.2547794136701,12.7690763763107,6.1922023365787,2.7597601809868,3.52695330738817,0.935360840081827,8.28684132931298,10.713997855654,2.11539693609705,7.70529773159966,9.77032013510459,3.24086126924157,rest
24.7838034826203,35.4759133819803,18.7750898777583,4.14532010038519,5.4930886900796,2.404376973658,9.18513486625638,11.6902663550883,3.67288027037428,16.6784540997253,22.9871901823533,11.8708295176199,rest
39.8259841141167,48.6978158907381,19.6751204976265,5.62618214121667,6.97565267798585,2.82340192155376,10.5549488479394,13.0127845348798,4.57476767062768,25.1954506537546,30.5830051278585,12.2390851055886,rest
24.5998393419762,35.3270158928709,19.1859409326578,3.65845668750509,5.10870574851444,2.38026034971163,7.7201494764634,10.0023442461651,3.66719484471099,16.5915122494674,22.6276990170419,11.8959763568021,rest
9.9261691326086,12.2050868651739,6.47733513883654,2.31919637750893,2.94790601809358,0.856908031232434,7.37945007427124,9.88208412957219,2.84048212881016,7.96220272989125,9.79743220594866,4.30671573672243,rest
28.4481891209446,40.7142533683945,22.0427770350924,5.3754999462612,8.70372085465146,3.16917259282133,9.2855386406252,11.6839293981946,3.77638973920348,17.5092235781835,25.2302157690225,12.8473261895094,rest
48.8916309159396,57.6136442768651,24.62807998989,35.4607499645563,66.6039376007269,16.3338224812829,13.6766305406438,18.4155862092644,4.35290702395414,38.6277268646665,52.4646649535714,15.3379260140844,ring
48.1148527435526,55.7766937356025,33.2754067647359,62.4745455843079,86.572149859612,21.1264401715191,16.9528200128286,21.7792856612856,7.64973637009114,48.847265091045,64.2891472325613,19.8516938009511,ring
47.8568167225916,57.7100416112302,25.3128264416399,58.2780019343728,77.7194343853244,17.3867935740647,15.7329202678157,19.4947942232436,5.0196227457198,46.679925914588,59.6449193103044,18.3298836665003,ring
32.0707492888457,45.7804496004157,17.9137292388946,44.6699149715772,62.2990139868339,14.5399030876074,14.5240281440386,18.017209490611,4.43594015637009,39.5573109656154,50.3542683295264,13.1448343565302,ring
11.8920711480377,14.5817979212998,6.28644392963254,37.7960382919136,48.835260600153,12.8826706288747,11.4484807066839,14.967281243252,3.04943303174275,30.1021251526335,40.5278477260611,9.92639203090213,ring
26.3814995243516,36.8631005257817,19.270805045805,42.5408831560832,55.1323030929584,17.0652280228435,10.8410862402225,13.9256315968919,3.8573546679643,32.6522110696978,44.7394301209394,12.7639487344574,ring
45.9630955241283,55.1314975585623,22.414030449146,41.4394459847337,56.7510651348614,16.0855167713925,13.0215964552091,15.7815781600192,4.51192725787849,40.7109089623396,51.8717953455444,19.6070009489254,ring
31.070303621815,43.4926995877733,19.2163764534024,37.3327195457639,52.2926912150272,11.9490604349001,13.1895968973307,15.8532095097087,3.7038197979654,37.1115129268709,45.6802552918663,12.4985373231082,ring
15.0061782844755,19.5255525362082,6.699518986305,37.7198343144542,49.5698774528141,11.6634930078013,14.792447656903,19.3137152181474,5.41675083415373,29.424297517104,35.7731491651574,8.7389930963582,ring
29.211425057914,39.0967118495336,19.6009577886012,33.3807836934044,43.7598487761801,12.5291422856065,14.8828872055818,20.0881227370231,6.06821290706422,32.9085170019809,43.1364164438135,11.986262496016,ring
45.5183175159245,56.2185661327577,23.0478222938053,28.5035654288919,35.0366397998964,8.59831724110871,13.387459179809,17.7363052540252,4.7280669956782,35.3309873788473,46.0328151575467,13.439803012509,ring
31.215478945101,44.665289034578,19.2419510362748,32.7499845826288,43.3751770937336,10.1783815087175,14.1810533149591,18.4366547684781,3.88350684353395,31.7906332289991,40.0581221663043,12.444585022828,ring
11.567498375634,13.8613397797473,6.69473364627061,32.3947883694059,44.4968333700052,13.3155404076727,13.6858725900298,17.4974311497767,4.55824986048821,26.2941039607686,33.861359941593,8.33997182039179,ring
25.6502047337239,36.0666612961264,19.2900931174466,27.7960150925595,37.5870115227551,9.92259633264196,13.65675291266,17.0140744845727,4.68876001171257,26.9881779823798,35.3326330941355,13.4377358977481,ring
44.8511275980088,55.3391097454239,22.0270670248095,29.0671402675899,40.4943897237564,10.7780765421662,14.5589915691385,18.1641840517664,4.46394111319715,36.2732913087002,44.9650770439595,14.7065588797482,ring
31.3796360718752,44.5318967129034,19.1971827834045,31.695381684168,42.8610612061667,10.3925049187234,14.5460384695359,18.5042252213477,4.0747418886783,31.7656265098602,39.8358819622462,12.4537442598918,ring
12.7936385157871,15.6937091523656,7.11854037062985,31.0930486842452,41.2906886510429,11.3334915260499,11.8638667374325,16.1450918655221,4.10923389520332,22.6551944876125,27.5364607864085,8.52985654459067,ring
28.5140730173919,39.6426177044383,21.0184150132949,32.7158389677475,45.2356999009116,10.007403033757,12.2147172146801,15.8187287042301,5.60929314558109,29.1207125536238,38.4494025512427,13.8009552639154,ring
41.6451805874496,52.2496566323986,17.4998767920693,41.6477131871945,60.1393573193215,15.8268636706308,19.6751516294998,25.6951717824329,12.1033183252605,35.7536870547768,45.5515708278188,11.9476837181047,ring
97.9720687920209,211.835411508118,48.0773782485469,125.787963559844,231.102931189799,77.9877920083798,85.9878016340392,189.025660050997,63.1879137755373,108.265739968844,234.226401648139,60.8410355748976,ring
333.144357585421,1028.54088836186,136.275179642762,409.311938598619,1201.90532046132,178.855784436614,385.470219926803,1093.55765616204,174.5999341165,365.772214328972,1064.11577467233,161.323296952345,rest
270.828189785825,1007.5296785535,138.770496121481,323.804854695369,1180.82631241207,175.885586428499,326.631173916492,1077.64663343946,170.062186912447,292.387586869961,1038.89527141591,147.465834939343,rest
19.7384350601845,29.3773523591679,12.4164738036108,19.8862630454478,28.7398698318314,15.6317972600431,18.6079939257744,26.9134898713495,13.3352758958805,21.5966709600495,31.0276658214215,15.507039808685,rest
21.7418630176154,32.6243821366636,14.625480851094,6.99617226885384,8.36094071100149,4.87041790627332,7.80928663163063,9.66758267445755,2.51174040879955,15.1358827766088,20.4336303770506,7.72423847040295,rest
40.0494299639194,48.5597449318415,19.4817649170576,6.36767921422171,7.63280162193155,3.33454622222947,8.67692404114928,10.658644992844,3.31278964780752,24.1409868192494,29.3418926421403,11.6871679387664,rest
26.2947609443883,37.3284751968953,17.9509256367572,4.0109757561024,5.52679378159355,2.49603523598117,7.32941235705792,9.46719510908181,3.59343281559972,17.2038092876956,23.4096267463565,10.83368577639,rest
9.41690251257043,11.3245455230307,6.27336746692018,2.06371330448777,2.66566701231114,0.811847955144176,5.53915627990378,7.09495164199819,1.36655832630086,7.96527054274059,9.65445076573994,3.38112520684852,rest
24.6786174369549,34.8745703833495,18.8262330020766,4.06896729487568,5.4129286503728,2.69870421986726,7.46991120882216,9.54713828244965,3.57234418007729,15.6042885801892,21.0011450964407,10.5763606081092,rest
41.0985814153254,49.2131075920306,20.0426996618422,5.95256894492676,7.27274854561122,2.82482443713488,9.0153540118032,11.0143881690361,4.23202545329586,24.4163135689406,29.4785176174169,13.6801431738065,rest
26.9731200553189,36.9220845058101,19.5627253001315,4.33318465780216,5.72898209249573,2.72861469975051,7.39966644547356,9.17063460148095,3.52097168522213,16.4311814092638,22.5949978340291,11.4023131829558,rest
11.8639027062975,13.9737242858533,9.02022005212019,2.16744816199063,2.71704377791897,1.04176871529059,5.85100927055779,7.92199959615001,2.00032651031932,8.40091590670826,10.5125193566731,4.76146303960149,rest
31.2934781972593,44.5050208391446,24.504671785654,3.30452538405896,4.56369291049076,2.27144133463906,9.02332740903247,12.6850337708214,5.12381370087267,19.0432648011849,26.1772391837169,13.5866487372264,rest
55.6903074324442,66.4126594382932,27.6601671974858,23.7034735934086,37.8378217455832,9.66171387007918,15.351355990201,19.9500298877397,5.83790189134879,37.358036238119,46.9631333393968,17.8957099902761,ring
58.4909183799955,68.3650581883423,45.0465059248925,44.6928526412349,56.0669300184508,12.9201189379599,17.7104046462881,22.1185148174026,6.96583032171969,44.0857302056638,55.984735669181,26.5361356131883,ring
51.301205816079,60.8936228075526,25.4392940260933,46.2475123468736,60.5972664659428,14.817878195347,15.3855342660966,18.8436529029036,4.73394595032662,45.8767283249717,58.9454624092421,19.1332547325269,ring
29.5838430395477,41.0140681478622,20.2164658864141,48.9322826708594,62.7981334961302,15.4459921203096,13.6798358380407,16.9974448867708,3.91901276495707,43.1707236255435,56.2956050098693,12.5770280508175,ring
12.7710300835876,15.8812343865757,6.73418154128424,47.5950210551814,59.6269584127897,12.7842231821833,13.4651477933666,17.3248991501757,4.50495721048835,34.4994568987157,46.0728909582811,13.0501436898462,ring
28.6749024771263,40.0619874705755,21.4206327676577,41.1270441443619,52.2019568378536,15.54324997237,14.8916242120156,18.9181316584909,4.84027089314554,34.01436891457,42.7110883042937,13.9249718383045,ring
46.1475380191497,56.3587378207827,23.371329200409,37.1735273284114,47.6195436266307,12.8852138057639,16.2853531378068,20.2119454400548,5.46337578684309,39.0148299021671,50.6354967178889,16.7464744705122,ring
30.2099689543529,42.7838134977277,20.4697374646949,39.2679595485649,50.7958224916028,15.6298995794595,15.7800150129803,19.37011143611,4.8594710475132,36.5285643592626,49.2146910532258,13.5561423389617,ring
12.1969838299159,15.2062635390341,7.59383977228235,39.0250934761658,48.8842360401069,15.1490506654248,14.5250472792286,17.6527926863479,3.96669048062356,29.6799238683544,38.6134333693618,10.1191997375014,ring
28.0222839342851,39.869831058519,21.3504318618952,34.4614551459335,44.6964846254187,17.1328393513079,15.4012028914416,19.5097141257939,6.43260585380915,33.9688021528956,45.8473819030769,14.2056172891579,ring
46.003595961222,55.793260312138,22.8565755283642,39.3780785448821,50.9042717719128,17.0479984747554,16.1108202989532,20.0020910649014,5.8979386293303,40.1828338460781,52.1167060825526,16.8712160070654,ring
30.8126698332952,41.9290065618526,21.3261672459224,47.2915451350308,57.9647664108442,15.4246756871418,13.916941957253,16.6865535135325,4.41709936214142,36.4966470908465,45.3926731754462,14.8028036969084,ring
12.6809380443997,14.7773310979558,7.15863165915656,40.3059214055974,52.1389394578604,13.9734261311971,15.1714578840901,18.3283453561276,6.11290476316386,31.7888323042864,37.5518522812123,10.5890014736245,ring
27.6521403025583,39.639768308299,21.2729945968602,29.4305841719614,38.2301105070044,9.38879757893101,16.943535024626,21.1673567086564,5.05043002936709,34.5375818259468,42.4173341642786,13.1738001892093,ring
46.4784595563998,56.8749708819049,22.4427983096875,35.7793250676205,50.8753495711299,10.3753582024123,16.5207977834203,21.2178252315897,5.48806756233789,38.6900592338483,50.0229954529385,15.2818220257991,ring
30.8956098699332,43.2461354730339,20.6468183881253,39.8124913578616,54.432329581002,13.43134100535,15.094291994556,18.7697662341119,4.51695049279179,34.0795338716753,44.1214883815511,13.7126394525528,ring
11.6639059499498,14.1367984950814,6.47365886929445,36.2088410028322,44.0579057662964,11.2460924248098,13.223244543385,16.1940374824732,4.15301745267772,26.0415695628868,31.2811568864204,7.24870877200099,ring
27.3744629110136,39.2682435842348,20.1869885499833,33.5032967315784,41.5842605127591,10.2664661429777,11.5861771070525,14.494028218283,4.16876145022477,31.0093333871504,37.7476080870015,12.6321714959652,ring
53.9276870628406,63.8897627911538,26.7779836636378,35.0395040668199,46.5676310612594,11.4279546260027,27.0236268969055,36.2744410683691,16.8799674879086,43.6050561812662,50.4342542107241,19.0992758076555,ring
91.9506434521554,151.966861798214,56.0786459471286,101.016534416164,203.136527711136,60.6079449877447,129.885200771997,255.245225751422,93.5691539028563,91.3271943270155,159.195258182233,56.0107159271807,ring
257.823839117252,755.546255972459,102.514869684013,319.586324968545,963.280411612099,128.401393178106,529.785751750095,1494.11947086101,244.043509604387,261.954660954505,772.418333358939,105.9375451776,rest
212.939789407559,742.345368826872,105.372820831893,253.452219123249,942.722106568391,130.628682874118,441.18430293605,1472.97165082973,237.639042365705,208.877313621387,757.214384903727,106.773521800141,rest
22.6295419948522,28.8530726614331,17.4688760535591,19.2189782237243,26.8410969420119,14.8596427398814,24.7378815640266,35.3784884418427,18.4121969028744,20.2762734361776,26.7987639878855,14.4409256741518,rest
27.692506221487,37.0102301651608,21.4051521693959,7.57677757506241,9.16344991354803,5.41298519725248,9.75771654931961,12.1573604780302,4.37796861830964,18.2961173095539,23.4643627794922,12.618614684586,rest
42.1796315238496,51.4811076976937,21.1495343280618,6.93520169320588,8.52704863475028,3.40176215270999,10.6514302552428,13.4433698661272,5.34634945686787,24.1202986089429,29.3239957631802,11.497047922436,rest
27.4843513710729,38.870211193118,19.014103075967,4.63213098405592,6.06253915879795,2.83993046162963,9.38821166335687,11.991262387393,3.40641290449986,17.0444046082955,22.8991770724924,9.87808318005017,rest
10.3852506376548,12.7177651954575,7.16943561582315,2.45112123666102,3.00982024644471,1.02773135262174,5.90678560421916,7.40580638593804,1.80669948023831,8.93711948974899,11.1715206624421,3.40075196720004,rest
24.7682226735537,36.5011280343224,19.5898816087539,4.10851619030281,5.63192139175514,2.76926695151679,7.21058023289619,9.32265867049871,3.91985976018853,16.4746997179717,22.1995423383211,10.2558236684263,rest
41.3427045749888,51.2116477269825,20.8299365752625,6.37072695325135,7.77560983528294,3.00286682354959,9.39759299315637,11.7233096694672,4.68465445287128,24.6581251444386,29.87454886672,11.6190174701371,rest
27.210184657937,38.0731861094451,20.3107494601,4.65315950059574,6.06090893886204,2.99403334657341,7.49749910338404,9.74548667420975,3.61617983141826,16.9535267035266,22.6181342558314,10.7721362207604,rest
11.962551693236,13.896515355064,9.15563138631596,2.89651304665095,3.49771219813341,1.69199579083124,5.91245758402014,7.40042243618911,2.25392140920459,9.03814596246144,10.7671167367529,5.01217235323392,rest
30.963074899269,43.3335716622961,24.0795589957287,8.33246987857147,12.7523797922568,5.4827294757527,9.05517145035936,12.1651284381822,4.81030735327069,18.3535264073538,24.9533169885516,13.104875326205,rest
55.3964778244223,65.3723282878865,27.5519636544364,31.5126691907636,49.4699210545855,10.1917281578253,15.1708551922338,19.1929554618596,5.4171931463502,36.9176755167494,46.2296703902034,16.3275354051206,ring
58.1749148765486,67.502121512543,44.7650211637318,44.0292768258864,58.9931989698642,12.4146109408013,18.4568022737336,22.8793328449639,8.75071748116961,44.0676761652615,53.8443188643018,23.4212877701223,ring
50.0776886499137,59.9125988141952,25.1412326703265,40.5157699140854,50.73546795527,15.9613210219424,17.2378396719229,21.6152420513557,6.92466113923178,37.9120513674132,48.1038796310315,11.7151171306382,ring
28.3233731739546,40.3783906453752,20.2829911130781,39.3363243619375,50.3190620447386,10.9192725237547,13.9461216317369,17.3802710121732,4.35003631097065,30.840569772409,39.4085429257708,9.76361343707675,ring
10.6608868001865,12.9637631183638,6.56126120434255,34.1192510650228,44.619518080353,13.2249171833875,12.1930651001697,15.1121617758084,3.43136962165574,29.0704516635906,37.1417307586137,8.28074628474892,ring
27.0434899718709,38.28166755221,20.4152020823782,33.0077526286236,43.2416307318458,8.85646639485501,13.5903215090636,16.464336553291,3.66285288393831,31.1174084482505,39.7801075214276,11.0856879781753,ring
45.7510786031672,54.8248878255614,21.7256189738479,38.12527118215,52.4956823758138,11.1066446477488,14.8708793670093,18.5931398621854,5.03519455277857,32.0107405210391,38.6102695237868,11.4444829497588,ring
30.4267364375872,41.8021992990648,20.5140837079184,33.6963624521979,47.0672171734955,12.0988263555463,13.7032556221326,17.666618191762,3.80609396277763,27.9497492800162,34.3140089172015,10.721948124934,ring
12.6907190410446,15.4082205944163,7.99040976960162,31.0230902067123,38.5118665399509,10.8591434378166,12.8686835795231,16.54976783441,4.1922532779709,24.1321852632853,30.5139034561979,7.79077878342812,ring
27.8716145615441,39.0220739146387,20.5551381464258,36.5493600209246,46.8331437166499,12.127958157735,12.3822136183163,15.9470426350166,4.57799916693356,29.7463000861045,38.1395700330845,10.6804196645963,ring
45.1121601476752,54.3541785047395,22.0108125506495,36.9491205416081,48.4449899314404,15.0790631012577,12.8519551420435,15.9241693879926,4.95140738388735,35.9376705847854,44.4546755305368,15.5229851875008,ring
29.7935458508898,40.6609275792848,20.9196082991103,33.0361190105689,43.1885150311318,12.2607756686526,12.6657137097945,15.903878315817,3.99217259701845,29.9645125069171,37.9768349965693,12.5735873693202,ring
11.6851475528688,14.0117211004277,7.1665495554563,31.1645335601554,38.7488897832954,9.70556292854149,11.0936578395905,13.8539458627338,3.52188334498694,24.3009171849521,30.5851637247156,6.19622408368878,ring
26.9142309478467,39.310032862012,20.5677022244591,36.3884470727988,45.4981746960951,12.1863144073502,12.6747263033155,15.9882277515401,5.11336162234854,30.94598093154,38.8974668827782,11.5491112188083,ring
45.4974903783458,55.2021863007529,21.9274763602014,33.8271895527216,44.4806266127946,10.4574061823306,12.5832987286256,15.9699914216092,4.40243117409994,34.0236990624562,42.5163929669209,11.4649729730612,ring
30.5278258203976,41.4268709322791,20.4623197332722,30.5344269878158,39.5124703145333,9.6246789673534,10.7620551708454,13.5013506064761,3.25687476936478,28.5728669360849,36.0272161591183,8.90795190649364,ring
12.7798101892842,15.346326322582,7.51824623366459,29.5581064285951,39.7285037858233,9.21046866935565,12.0393936889446,15.4113652087383,4.75052435193026,24.1971548748373,30.5573684805972,6.76302003556083,ring
26.1810601349829,37.3100866637066,19.5819225936164,28.5814205632228,38.776611279551,7.81039039634721,13.5836040509469,17.2743339352648,4.17826195745414,25.954170746172,34.7753685576755,10.4971328238949,ring
47.5098334122178,57.6369476245819,25.1783176082051,31.5750881495771,40.7537253074646,10.843695513438,12.5582367255437,15.917879872559,5.0291259638948,33.2723985657595,44.1225635575242,14.2085113483726,ring
58.3594590992983,71.4969284866234,42.018891517789,37.8939528506257,51.2891764455491,13.6502619179312,12.7304736368404,19.1281643851559,3.70539221865538,55.5727877417455,88.0216511544335,38.3904559509359,ring
64.7766543863526,156.77429936091,25.081863432979,55.8814611374164,141.45084577182,25.5261694224835,28.0633713454538,76.656184039534,11.792283496923,155.666586698495,430.089493735123,71.9641281986649,rest
35.7461901861276,146.64518649499,23.1443490202611,36.3792146719803,135.138116156993,18.6211960992783,24.4546495961442,75.1909072218054,11.7415514928967,124.157403868609,422.47157107911,68.9019543017979,rest
6.60440353803487,8.37703857962912,4.66806373002634,3.2735357070672,4.402096076749,1.09579281128745,5.56233566129571,7.34905238351243,1.72209558408751,10.1837497666448,14.1209203763643,3.70992749736525,rest
22.2995842104014,32.5831655882803,17.6223412757095,4.64894351169364,6.54978607700205,1.75861730571562,7.43617698262455,9.80063391055298,3.75586575165016,16.9075693476011,23.2228928350204,10.1926578591266,rest
38.1343737780247,47.1001725665382,19.068213199437,6.44898985486189,8.01608832468155,2.73726680896478,9.68156343302861,12.0891288632585,4.87468167850185,24.8682687331034,30.2787194627161,11.9238093308159,rest
24.847882222756,35.7008856329819,17.4030916852008,4.05329889010575,5.48949917179636,2.19407785651904,6.63076245989516,9.05968532990164,3.79379277881209,17.4832461834395,23.3474806036903,11.1808187455504,rest
9.38170456499513,11.0774455986776,6.26372437340967,1.84459757652243,2.28051668944412,0.77345485015816,4.24445902774717,5.55764322943632,1.47581543769979,9.55400245912386,12.1500394477736,3.60371126864519,rest
23.4843406624538,33.5520847175563,18.1853962156171,3.77872400302458,5.31790101893032,2.58897221608096,6.59904231616728,9.01696427670803,3.44286509968166,16.646754683089,22.3176748416687,9.99250699281999,rest
38.5547327111745,47.4675697122766,18.9451383239032,5.62110891803718,7.10360647487354,2.66242184334225,9.04898978988529,11.5804580947881,3.66143783360977,24.57955252578,30.1863180955518,11.548979631631,rest
24.3093756289041,35.3858666058827,17.5943037910015,3.65944066324045,5.23231361918484,2.48975095855773,6.88125712856154,9.14392844990102,3.31554253577085,16.9990355349326,23.4633395222955,10.3334903283946,rest
8.10505947368973,9.93563482546962,4.99239881491143,2.08181430186974,2.58542291719879,0.633815200491681,4.8445512685942,5.76574815769819,1.22196616406903,8.94507356629972,11.2610260006864,3.42471913655893,rest
19.4701752688151,27.2961540652244,14.6779388496976,4.46368912516878,6.14204374184462,2.75760271286336,5.92340637527074,7.47304454644272,1.73686088706147,15.5530200976906,22.2821400967361,9.41455108637622,rest
34.030770350993,40.9470278162202,16.0899816066039,29.9257037976384,48.2810049770488,11.2082847152116,13.6956301187574,18.6699968878655,5.21871257142646,37.1811723093527,49.4355586176664,14.0296859093781,ring
42.0102505023379,51.718047627542,27.5576285526293,56.1557787182015,72.8664768273474,20.2578462155914,24.51143103874,29.6821501203827,7.61361638739002,58.1439219437592,72.7738827727828,21.094102867008,ring
46.0665806876372,57.1643013331577,22.3398177659931,49.5364841748252,65.6837245575515,12.5321046889115,23.9657058673731,29.4936509124287,8.99628863318385,57.8326635150051,71.9392660525655,18.2990874386506,ring
29.3309519454115,41.5987231899971,22.1720104511844,47.6007345262062,61.3227670228499,15.3314099429744,18.1134482082613,22.9609863269769,5.50908745923818,44.6601753824305,54.5930809222927,13.5635565968108,ring
13.6143304648958,17.1146042287548,8.0451539362531,53.4845195115544,67.7090303211029,20.7374194462854,18.1581593301625,22.7613534757903,6.98665279640362,32.8383546679081,41.0943394940863,10.3820481249303,ring
29.4081209157971,42.2626826256459,22.1415740754637,46.7618644410833,59.1907418314724,16.4032406424829,19.3468187067426,24.3155279351715,6.8145466144882,36.702210829354,48.6737715606326,16.7606369167441,ring
46.7946735101025,57.6027637272509,22.5754204394011,40.9693084627301,50.6316537119381,14.1162875162012,19.3520635444791,24.7122291116576,8.16066352351779,45.0019557269323,59.05274470483,19.3181870878658,ring
30.0192374509436,41.9351624406447,22.863064851688,41.9627572881076,53.7927780146728,16.8697200993318,17.9654975817116,22.3518396796466,6.68510559409084,37.4520354764771,48.6648001122057,14.3897256763835,ring
13.0049477216752,15.3563277981238,7.18952604465102,39.7028032184863,51.7483217507961,13.6682442132677,17.1717311399955,21.1495963701005,5.33766399863005,36.4371226051318,47.3703689388876,15.1761302216906,ring
30.1973958690467,41.2510531559114,22.0104969077107,36.2012571757121,46.7781040963011,12.834265877368,17.8505128441966,22.4070407231518,6.00310971505763,45.2646466061144,60.8619434701511,16.7201652280872,ring
46.6085431044877,56.5671156947565,23.191195730529,38.6645125275612,49.2185480772498,12.8255234306089,17.6445059405216,21.6415552761971,5.83219659612343,47.6032969342849,63.8417020133238,20.1975361907782,ring
29.3091218287786,41.74131362136,21.9194458192907,35.7010826041656,44.1261409281313,10.3873087250503,15.3805125294937,19.2899407412933,5.78603369594872,38.1085702811605,51.7997773697193,15.537107769277,ring
11.9582633703333,14.496830948769,7.10078551953288,34.9015113338921,44.2572015318766,12.0684486345729,15.1762755875228,19.6531492939509,5.713019841869,29.6866124778479,39.2640463685174,9.70405653479508,ring
28.9784701664112,41.4503734110719,21.9144136371472,35.2992443414608,44.867771962012,11.648687819371,20.227655964367,25.9829931976765,6.18164687793652,36.5543864471469,47.898370826152,12.4787129347547,ring
45.50164563772,56.8431045428699,22.3924077522822,40.7124087589394,52.9376289382513,15.7207105899851,20.6743205828265,26.8069660388856,6.13482322811312,42.6347488761845,53.5109770024889,18.4797106921152,ring
29.4522675119227,41.8700779834194,22.519244335501,49.185408961213,62.7348825989951,20.8808601624293,16.4773362122958,21.3160824165981,4.37783852952218,36.2983551508514,46.2287705519424,12.0732475144626,ring
12.5756670015142,15.4531061290753,7.43507974115069,41.570524251348,53.6640795387637,14.9309614209288,12.6445887605306,16.2469473807146,4.67621441428519,25.286739521313,34.2248655026093,8.63867764561319,ring
26.9601045735303,38.4359460584406,20.2011420205392,33.3309639887352,42.302134901922,9.41054286705386,13.5281894182374,17.8781504604159,5.04403347644465,27.3895908297262,36.3794077220351,10.978462183021,ring
56.7742015002043,67.3912530105552,28.2851200154957,41.2404880072544,53.2378193647156,14.528652088077,30.4971172054673,39.4922775483152,15.7189403625758,46.4932803379332,57.9374006850508,15.9801981766267,ring
112.324891800884,163.290549469523,82.2070044975036,138.50260719921,266.202888932292,91.7744955916988,139.493628887483,284.139331649265,90.3482040206908,114.768020620787,192.250243324074,79.2434870060846,ring
208.382374038399,605.758657749868,81.5856402025072,564.126508033427,1576.29077454175,264.82052006813,438.293911528117,1209.54651042715,193.55764727037,385.278735051928,1073.14688449933,180.987813994315,rest
135.866255479407,586.084438416273,81.3780821113869,470.9134946998,1554.70535427677,251.72961773168,340.180622652671,1176.73541550838,174.544498339239,314.845412855602,1057.24943357659,169.604881556198,rest
8.84639737878241,10.5778314900851,5.24562958297134,24.3828789853392,36.659076494385,19.4128074465255,23.4442174675468,34.0549362231297,17.490568328114,19.5130935144561,26.260469313952,14.1275642181348,rest
24.7679543807958,35.1533763384438,19.0135116238967,6.93009826429023,8.90420422778515,3.18215351421388,9.24039987491548,11.5301051748176,3.72757208083094,16.4198651266145,22.0193267794446,12.1139471799423,rest
41.386419993436,49.7574503715658,20.4988324874955,5.99400902288692,7.39780849902783,3.15117403806007,10.7317911512016,13.9355705811616,5.25056284650647,24.1461593936736,29.3323778458804,11.5892641948892,rest
25.8153138922828,36.9363530512265,18.9650090510125,4.48743485717574,6.11340554425371,2.88628151074462,8.60647000815337,11.9315085356035,4.09484081952831,15.7418842882425,21.7669632476604,10.6525171625555,rest
9.51419734170799,11.5776473007748,5.89947165762545,2.13468023848914,2.66468111634972,0.778798324217924,6.58724322746948,8.3734118086618,2.25156253457713,6.45632228989473,8.20401048269442,3.34838854180956,rest
24.6718397495101,35.1047232512472,18.7981636530449,3.95515430309921,5.40437721747601,2.58076742569109,9.04435847150591,11.0759597630636,3.66540222681275,14.0849602443004,19.9329007319034,10.5439435622103,rest
42.504172978383,50.5438733999831,20.7827228557948,6.19382271734851,7.49624844870423,2.94510535934643,10.1376132752595,12.4545594584503,4.83456130961379,23.3536396278252,28.4390745649934,11.7036782816319,rest
28.205995883495,38.4095028843504,19.3938878094099,4.34799536356455,5.88217022639482,2.71414469415532,8.30711048594833,10.4882981886051,3.83186907224161,16.0056151271223,21.8662693587954,11.0985368467899,rest
12.2963539112993,14.380149593241,9.14669259484034,2.46703741079141,3.15786587610599,1.12485259936782,6.20671214394032,7.76008175891591,1.88222983205616,7.37705546902544,8.84332910320776,5.024027374825,rest
33.2637127599467,46.4686969524295,25.6705241524191,5.07335513257745,7.11061326030221,3.31776503415805,9.05148496484519,11.3679782146843,5.09499390265935,18.4736853228291,26.361495514734,14.2681704869992,rest
58.5790682194617,69.1256171056537,28.0620404837857,29.0378042166643,43.5903952360886,9.7297572084277,18.3604317041589,23.3830890158045,6.32368962830095,43.4249977626059,56.6213111842741,18.1805930324811,ring
59.7500711981038,69.0293549820485,44.5001603633741,51.4768176465793,64.8092459536872,17.070647404378,21.9332688711127,26.6320933335527,7.74224173283408,59.1720918029009,73.9146115318981,26.8664024219553,ring
52.7426222906028,61.3029038152242,25.2937865091316,49.1675056207206,63.8482201487305,14.847266403402,18.4227822841911,22.3955952238804,5.57498118647808,55.277335400928,70.7829758171125,21.6371577563299,ring
32.1035382068049,43.6263428095617,19.5534404165873,46.3591829053516,56.7268682712119,17.1460690530132,15.72757936766,20.6916795501163,4.73765238780271,46.2762778025428,59.3408029798414,15.3205599902788,ring
13.8518141323869,17.7821787186438,7.23231873383311,45.749947848595,57.5543159628714,16.15346205096,14.0109598593494,19.235464305689,5.10452865221431,37.4370510196542,47.7703694940912,12.4730548873686,ring
30.4566119588606,43.6254305832737,22.3340074128343,48.9446980092331,63.4403314415179,15.6807457529085,14.139196392499,19.1564148765576,4.45228106592305,32.7938245757221,41.8876935565038,9.35798897679794,ring
47.5311739565193,59.2965260418366,24.7460513016885,55.0423681698733,71.9836950024108,20.4617980096315,13.735792916498,17.9022721285064,4.7138971926655,33.9693566368754,40.9104599008463,14.8999041151175,ring
30.0247438989257,43.3542903481492,21.4807800379589,56.3792309910575,74.735576166353,21.3444162544677,12.2099412289195,15.3630172650791,4.11907161040044,28.3819301685061,33.975617986212,11.2292102798933,ring
13.5651061199309,16.8021821839207,6.34911127556429,58.4387427170339,77.597024234281,26.6299182208744,11.1553000146388,14.3051370884237,3.86205537324633,27.0289947854607,34.8844342035748,7.55998820844605,ring
32.3104582736722,45.1286733781863,22.8655355506718,59.0453081523193,79.5622630392986,20.9113456828964,13.1996454274575,16.8703071465238,3.88886748135423,34.7838875613323,43.843224340504,13.5912327625149,ring
51.5474517309812,63.0616588938181,26.0755019605852,54.1098152807942,71.1315957413744,16.1128452204897,17.3175435831308,21.1124803010563,5.49608045163495,38.1988191693758,46.8912407766721,11.0854906200603,ring
32.3744655937455,47.0890973052427,22.1735361609707,49.9903345408653,66.7915483839567,14.2380969434575,14.9453225904855,18.9026487832948,3.85429310237404,36.4837695533187,45.6725970799598,12.7285317831471,ring
12.0784716789056,14.7749523083265,6.74628953329901,44.7758786650429,61.044665767741,15.1902475966213,11.7685104912524,14.4287788746341,3.23993726114959,29.5231890483079,38.1645165839694,8.10991568806716,ring
32.454771775413,46.1524077167111,24.4887763862273,40.9864721912099,53.5644121648072,15.9098395077046,13.130083876484,16.1496426606131,3.96049933753337,32.9050196409428,41.9438517108508,12.136066266681,ring
52.2436022458195,64.0423411327325,26.2290124461379,36.3167560896304,47.5322678746123,13.6417316581533,12.5570121814536,15.9732371558538,5.34998838652041,41.0631911890985,51.787703364933,15.871164405199,ring
33.9004344792162,47.6971620247903,24.5953339866857,48.6311288269432,68.9337122448649,20.7099408066188,11.6542788763361,15.1984148591048,4.26072722188258,38.3629802355405,50.2279136079317,12.8182238837257,ring
13.2382544628706,17.3041186974152,7.22285579457315,63.5102703167732,81.6480213163015,23.3039018560019,12.0149089484495,15.724765496082,4.06591257004286,36.6369934965152,47.7133086719799,9.88412631651579,ring
28.4198684877098,41.4483919160246,21.0210010688884,50.3333011459584,64.2499288259646,17.5840329714742,13.7981827945743,17.3232360959213,5.27190836085384,37.4542968388413,47.4676318111814,15.4413948534999,ring
58.969222563631,70.7976438746297,28.2426639745551,51.2420143110398,73.7807894215113,19.0871194337059,17.9605973371152,23.6873586191073,10.7435324215343,54.5075278845018,69.2080873544041,19.9948987073418,ring
104.062342127191,163.461588627671,69.3433286202235,94.6829207661337,155.152204605432,47.3468781835118,86.6556498927411,190.973501550328,56.6255464975369,120.889910830255,224.141719738991,82.9894783298289,ring
258.621850127659,759.980496148649,102.708156202736,227.789470905999,670.98047129324,93.3461354461001,304.977238151058,929.953297846385,123.502968704184,439.496973587438,1247.13239967124,193.489798185567,rest
204.59793523126,744.845383442317,105.486791565221,179.345697824837,656.416603341436,93.9969377859592,243.443723784493,910.704281221694,127.34347779394,375.45642527318,1229.00828298208,191.118474530369,rest
21.3942200413504,26.1923943173704,15.518511661744,18.3118944621507,27.4215382681869,10.1813755979816,17.6010516945551,26.1019825967287,12.9289818664529,28.1752620458052,42.559803192952,19.5333613739983,rest
28.6502205997639,38.052804233755,21.725385142515,6.62162569124411,8.66484695906899,4.15449081725948,6.05613450934546,7.38782027687013,2.28204876973134,22.0819904418154,28.6261193732768,14.1884669578857,rest
44.5235412634205,53.1867025773621,21.6690804508112,6.40731163523523,7.94936594538746,3.19134442726699,7.02840019232241,8.72932340135239,3.04622674862456,31.0464118770128,37.3768050304912,15.1292402896408,rest
28.4671482883755,39.9629022870583,19.7281232255453,4.58444633896303,6.19169601712951,2.93138290089247,5.2214280129693,7.27578303330953,3.08316847785523,19.731862044418,27.8833874898008,13.1375153460732,rest
10.0415766837774,12.2587978245076,6.51146420620576,2.11723132806162,2.61476618516044,0.883870004522845,3.08388800577237,4.01518312335808,0.922812185464728,7.01194287188889,9.20911606281354,4.04168814814449,rest
25.231048841376,37.3337589093807,19.9452283792574,3.8065658834607,5.46909334846307,2.70685155109384,4.84745770218835,6.21992107950329,2.86048284386056,17.8144452635829,25.4064892524022,13.3146143995839,rest
42.3842645685528,52.6493326607368,21.5404941480906,6.04061664911859,7.58959020492332,2.84309743822558,6.58393445788662,8.05321229102761,3.08462177253019,29.1640143578761,35.3897156503807,14.9504260789089,rest
26.6181439349518,38.9251302375239,19.6415135840145,4.22875519674159,5.81558118441656,2.68103138181554,4.56866405901566,6.18029251257529,2.96056936429915,18.2223913047386,26.15198115922,12.7028229123431,rest
7.53768834052826,9.58549361180988,4.41645423117235,1.78978010771189,2.27051787396213,0.732094816864311,2.53635884246599,3.03954421264489,0.626282484746039,6.33824480734665,8.05491567127105,3.36819547581943,rest
16.5944685786775,23.8628070970637,12.6880289650801,2.80769393473546,4.14458919165627,1.54058251652618,3.20608643419676,3.84883662453164,1.17672968476836,13.6983688676323,19.3865536887123,9.6603543044349,rest
28.0979650384052,34.3406658575181,13.5167418990073,39.8774627173172,72.4287961807684,20.1854332475456,14.5712815807503,22.1969464905316,5.80385596309277,39.0053499170225,56.5582708042757,13.8501502661177,ring
37.8319406110472,47.8890072829806,23.7017341434837,64.7160664462095,89.0618578721867,26.3100747906747,21.1057512634268,26.466336829277,6.21393449522832,54.7111808370905,71.6130110432088,18.2382661144701,ring
46.6517267749357,57.181657345624,22.8702365892312,61.4786000405824,79.1500343555074,18.9468441881762,18.5631953871878,23.0884343764293,6.48247571615,59.7261336188028,80.7076124595175,20.1497107547465,ring
29.1726386513259,41.4613617670026,21.4989837456044,61.0381788406307,77.6873022430727,19.9833888423589,20.0719683039492,24.4665934209094,7.54985542491513,50.230141357522,71.7702494374256,16.9281379741963,ring
14.6874013421738,19.5853479874133,7.42597611242679,52.1925169495499,67.4854250544812,13.7242795725285,18.4730861936809,22.5829755796996,5.32371428242949,34.6633026857666,43.7426167638046,10.0057637525518,ring
32.579604208668,44.2191967687235,22.0078113143034,47.4186648208824,62.1168891083,16.5193002021961,16.632262275266,20.5609452051948,4.65047135923999,40.5246043180234,53.163642261724,13.758045432062,ring
46.7629138279256,56.8632463445239,23.4467549421195,47.9479604051501,64.0724266435017,15.2444504667296,14.7434271082635,17.9281156443627,4.0245303595922,45.3073115032775,59.1472761960555,18.3960519435913,ring
29.0131770857096,40.9745303494886,21.9803015571011,59.5938797033183,80.4360286114629,21.6776357570175,15.6613851195067,20.2603942386065,6.37425891654956,40.2729560853028,52.3065422960404,17.2327169204828,ring
12.3890894882457,15.7942601176246,7.42094557627924,67.8755613551637,93.5683563316868,28.8123361636519,18.0235752186707,23.5521619062582,7.04906292655474,33.8354565798621,43.2061899511039,8.45659182129585,ring
28.7252674606016,40.7755579075904,21.4373973872801,71.0299763297238,92.6966677836837,25.1345260092169,19.264926700615,24.0222534243354,6.28183910470429,40.0832524117359,51.1176216255714,13.3696925758901,ring
45.2334374227776,54.6306597737891,22.3857874130137,77.598701518916,102.161064878923,25.5751234710624,18.7927329000525,22.8315161500382,6.6559204923525,51.8980454989636,64.4087712846933,17.837144997193,ring
29.0296257405866,39.628668958761,21.6502016165931,79.5405084871858,106.203737546719,25.6486198119717,15.7890125387282,19.7735844072438,5.51899003465465,49.2567073863891,61.7388438751424,14.1127852981136,ring
11.9266446473638,15.0074281998894,6.0252169376846,69.7225076272438,88.9616437902022,20.8325967279201,16.2743294330977,21.1352713196723,5.70867306279901,44.0269258958579,55.1199604923758,13.0176401289868,ring
29.1852151624311,41.6940728414744,21.7045260223793,60.0908093261519,76.865738405538,17.0431430902395,15.9205987817927,20.8555246470155,5.19642462070715,46.8417440735967,58.7743717656141,18.0359879873299,ring
45.2500541550861,55.8477122932756,22.5768951385547,60.4552297049535,76.2761161754386,20.2049500183892,16.2572713484127,21.2638932809711,4.92443493467626,51.8275631949822,64.0929028951018,23.1488918695571,ring
29.318259482292,40.6424418446958,21.9867002808944,66.5108713567091,88.42481748302,23.0249608202219,15.1528663776834,19.9106835234986,5.47991591467172,46.1963801296616,57.7802436006637,15.7487172220479,ring
14.3489281632603,17.5441236231249,7.35000221888447,63.4365264915505,85.6214289303954,22.1540475091417,13.4679984151048,17.7121434608974,4.70068821515382,32.5725981192445,41.9068780984625,9.9874640203789,ring
29.7574454281973,41.1411886625746,21.245961726854,58.6422091232535,76.8305246703371,21.4090570852697,17.9854390740813,22.5903855081142,5.74482268027004,33.3955842433789,43.5401788386277,14.5875222892892,ring
48.9306415912837,58.2304363787423,24.1764304430134,60.4381183746037,79.0823851633873,26.2423483851423,26.3699669058259,32.5512525501624,14.6441729685258,56.8709780307495,69.7583811748185,26.5056380400511,ring
86.21789089076,172.704857244135,41.9075693788824,174.211405738549,376.519695209788,108.480109745642,117.155986089366,235.779018383929,80.4474446583259,163.603081260996,280.299740507568,119.587478717558,ring
296.292750601214,888.293780013441,117.571373811222,572.516935040355,1586.07659192327,258.89165893357,506.953381654899,1426.52633229437,233.800439624827,551.551482279946,1536.68112396229,251.764577849813,rest
256.3702329702,873.107055811984,123.765493132093,492.672850824008,1546.17255940138,245.779272850576,428.292038606295,1407.71727492858,229.089210172891,454.107317477756,1513.04455925235,249.03791244451,rest
30.684153751198,39.104090540174,22.7185429065615,113.531561883209,146.416742821797,35.5813216544447,31.0860225591512,42.1118463910315,18.7511466727331,49.3862167555972,64.9205152756049,18.1058616440497,rest
33.5773290649645,42.9384141145467,24.9100149529872,78.594506122548,101.174038003263,27.0501124178968,15.7850680071315,20.0569083449901,4.97551454821786,45.638211862179,56.6524637792303,12.4470954085356,rest
47.8163180170622,57.1977642127986,22.9900539481032,53.6481642889104,70.7756687068554,19.5915263186354,13.9128559661223,17.7314134308591,4.37209408019641,44.5590692155952,54.9874471028542,12.6316192766483,rest
31.0883521380757,42.8617925721688,21.2810367246119,37.5625902023997,60.1088126157242,15.7153044676813,11.5603030846611,15.272739648937,3.30057948887996,36.2049190584725,46.1525277430643,12.7189429195049,rest
11.7709265898065,14.1996650112869,6.96183747722594,14.3078206115977,36.3460333244288,7.43795253864127,7.3987316773402,9.97426893585492,2.12839587284466,37.0879817023457,48.676928338711,15.5412243094153,rest
26.1648916321739,37.9509806477911,20.6141647973477,4.46218459314407,6.11396800510404,2.66123097382338,6.70680064321542,8.50841886052232,3.41879104547534,37.8808118533225,48.2525011614115,10.0622193846933,rest
44.0560370862484,53.9860638607578,22.0388602578543,6.53887394691277,8.10596368210294,3.37235760259697,8.28680262799817,10.0126815974823,4.11859755081664,33.524218935312,40.9633529069125,17.3725802134486,rest
29.1007979979248,40.6321541285003,21.2738254662178,4.69894847091921,6.34618667068721,3.17556005422879,6.44828832628577,8.33648213849301,3.60693827499099,22.8063843002565,29.9998835550239,13.1939868998886,rest
12.5948396567187,14.8559115380311,9.53284365874902,2.4177077505819,2.87460382746074,1.31455938763498,4.37669310155189,6.10608024105974,1.64847776604567,12.6075995719261,16.0889386008026,5.59297851190981,rest
33.0598688233682,47.1567217883992,26.2378999114687,4.68287902272769,7.12302225380677,3.25845028921018,6.35985011577351,8.49652027101515,3.40458993190569,21.2968648387873,28.689978021653,14.6925258510439,rest
57.5810036813289,69.0298979122993,28.5908900810978,28.7606031327799,47.6076095521706,12.454817332288,12.7503402787137,16.6250554237229,4.29056146821464,38.8106693212018,49.4718112467553,18.0459793293953,ring
60.2041114845384,69.8390388093447,46.0455669342312,44.1462626380969,60.1527329942161,15.7016874376275,14.3560104377834,18.1885417622036,5.221463182362,44.5999079414694,54.5786214061266,28.1528092365532,ring
53.7563928655803,62.9459957560951,26.4145241636958,39.2615215534089,50.3599851458725,11.0018918859676,14.5138108047464,18.4120743785079,4.92357176655278,42.5545312168187,51.0892052115296,18.9392766983049,ring
30.5637549389689,43.1751706734781,20.1879126455955,39.262893376956,48.9815901026947,19.9530792673075,15.5305002785749,19.331276117481,4.48980114125574,35.5668461407591,44.6841936033919,13.6837233900788,ring
12.7311775929124,15.8574670882392,6.7131478223004,45.0356979232074,58.0457814612631,18.2493519464609,13.9110716016457,16.7652602163948,4.02802480176784,32.0328846461343,40.7119076840107,8.98391129345623,ring
29.7356231084108,40.8878898514083,22.097143373597,41.8392279255326,54.1769244210575,13.1849812316345,13.1837345188538,16.3440092485002,4.4672887026649,38.1145895984578,46.7546662228583,12.1602474834845,ring
47.2402113978976,57.6299354945614,22.5939274941836,33.3945840063585,44.3448365161858,11.828151020172,12.5238507627114,15.8625832044708,4.12449673185577,39.6461202918788,47.6467697936664,17.7632554217566,ring
30.8884139528731,43.8124599769428,21.6101807958801,34.7925537723343,46.740331148598,14.2174616016013,14.4179727513124,18.0663656657127,4.83331007308478,34.4264047816622,43.2284097435853,12.016499145429,ring
12.2468276766354,15.605902524666,6.80257401343337,34.6407410915621,46.1456585444902,12.9606900114192,15.2649633633726,19.3255767490765,5.25754097750419,27.3918181090265,34.99990592023,10.1884770386972,ring
28.6773409109301,41.7613142954331,21.8728171026673,35.8739972558117,47.7609582718533,11.2939144303216,14.01622061382,17.4861428908384,4.51138930145994,30.2080191592654,38.3749034581741,12.230516604702,ring
47.6885222855694,59.3980007846549,24.3285997282434,39.4840284743897,53.6288071576609,13.8609155784377,12.2313489974581,15.6725827955518,3.55803645430313,36.9066409287038,44.6521078817682,15.8058042997614,ring
30.8871124019344,44.6941132793417,21.557545847376,37.6328763954083,50.8867237957874,13.3455268367593,11.5406289360607,15.4492258894008,4.31247923282899,29.2110071430507,35.8367054890368,13.6660701718832,ring
11.5000113477112,13.773654185717,6.85360458434337,31.9525047178394,41.7919649481836,10.5666016971423,11.7102931061525,15.7609636175055,3.27717143142172,23.1236675078607,30.8666747216089,6.70630779389707,ring
27.6993100128569,39.5690121344498,20.9841518851464,35.3209878008474,46.3426183885795,12.2517855373954,12.3925294039519,16.1932758632638,4.53359286653575,34.6870349593183,44.8299429167691,14.6044411668367,ring
46.5329290466368,56.1745892723189,22.617341402818,34.9025265980755,44.5576405491326,11.6947950687383,14.3370769990517,18.2804765753385,4.89743146959734,45.6973603019834,55.1895955483149,15.5090850234099,ring
30.1338460106851,42.409329955597,20.4573806106648,31.5749280375276,39.713465202647,8.68885167972462,13.4472673307218,17.2777993979742,4.05326576104773,36.8003804871335,48.0828356595992,14.1904333902789,ring
12.0562744489753,15.3160992855191,6.88054311849632,38.1581736672679,47.9951581234069,15.9418585404361,11.6733317040689,14.6173420097494,3.42568195291779,25.1000607874907,32.9571523294498,6.9940870742842,ring
29.1654867716424,41.4663703417437,22.2454283435907,38.4112157869815,48.4025860951994,14.9074765825813,12.6592662100119,15.357423446177,4.56480380599848,30.0290401870424,38.6135426382832,10.758442324863,ring
45.285060844344,55.9066059311546,21.5571193910129,43.1057772393257,54.5642638979441,17.9524502857874,20.0053473854691,24.9996729812298,9.6126733502714,45.404122805333,57.2572587240666,22.3118064174138,ring
73.6905794893983,147.111568819179,34.4684888249396,142.318672327458,295.535843570084,89.2860585056906,70.2745661557676,141.014495998405,51.3479855079423,104.883025927596,171.198474312301,69.2920521098885,ring
240.925534907828,739.085344520352,98.4773749617699,448.222996074724,1303.068851333,194.925494760807,296.495632276696,833.881272446099,136.620974164155,315.160651087326,908.157346937028,135.297806516568,rest
203.08988323265,725.734926185318,100.529872847224,351.616629301655,1270.38209150101,180.898481284243,250.535270702022,822.400061644191,132.774167234288,251.71359948083,893.463845656508,134.843274816143,rest
17.6418292292413,24.7557533836845,10.8890684778587,23.911147656448,35.3524114695338,19.2402623660341,14.3455176760565,20.0191838761768,11.2579285315221,19.7297764341361,26.1125253868625,14.7608236557743,rest
25.4914201405561,37.5630472279465,18.547134290504,8.01438253001538,9.76091142766152,5.65631763583106,7.5057011980633,8.9300648013828,5.77370569087718,17.9086767630969,23.2335962217476,13.5216928492706,rest
45.6099524507381,54.5008928319114,22.3687402847654,7.09073654108583,8.43751369174064,3.42830599152394,8.21529710112016,9.85298265469069,4.02015744412418,25.3194309711781,30.790935001272,12.7327316796505,rest
29.4434874797048,41.0228899728134,20.3953037305741,4.60972229980528,6.26139641412792,2.88581561322176,4.89386089234724,6.91973304786268,3.35554713394654,16.9529333665179,23.185580660313,11.4369510876853,rest
10.2876102061095,12.1329100096952,6.56239542688699,1.93783925280676,2.37910866366166,0.943699484222769,2.23113766942693,2.79247123566586,1.14374400394071,6.73532132035389,8.47435920548599,3.05298811016912,rest
26.5659551781014,38.3914199433505,20.6145323611144,4.13508434248309,5.76469164698889,2.93342876705515,4.93022103346445,6.82567752201106,3.56298242587857,15.5537445190166,21.9770654469461,11.2972251891329,rest
44.9376596655729,54.4864710911974,21.8681827792861,6.69781628680652,7.97834379735248,3.21011647464316,7.80322665999102,9.49795341103487,3.72166101551985,25.4664769524277,30.4501462730914,12.582818855068,rest
28.1925414093152,40.4668670264174,20.0859730388703,4.53869841841711,6.03050247662794,2.89725587795392,5.04244982750912,7.15860253382248,3.48306099367006,16.3807068729451,22.6520486317986,11.0674518194196,rest
7.47534171078734,9.7258372876929,4.17586762918938,1.86261709722812,2.31468951010445,0.720820473122771,1.74236814958014,2.19358241534371,0.86086225188248,6.17531037984646,7.93560837328861,2.39925096901196,rest
15.0866353489055,22.2815839157527,11.6412724644027,3.44526717484703,5.05940266981005,2.1743977349284,2.90636525983753,3.96415872627423,1.90142964163034,9.96153557192824,13.2195518678326,6.50731332799541,rest
26.811494753782,32.3935695247544,13.0809942265682,26.6120248754071,46.3225399046552,10.0464499782137,8.41879392351211,11.4438821053637,2.46817618799473,25.8658130237695,36.5124537180651,10.8303206055392,ring
37.2504991201853,48.7082151199975,22.9247642169477,50.7720197849869,65.6903047744473,20.0739258643516,15.1222771064302,18.4531966613636,4.49765636192582,42.0559907841346,55.0472826370393,15.689786895031,ring
46.6728078744455,59.7959965026722,24.7940097573882,45.5845420002323,57.0964798716341,14.9912646745999,17.0756524506615,20.2708066562752,5.01167331824442,41.3263189660674,53.4406136855947,21.0094943270615,ring
30.5640746268809,43.7685098822594,23.4042791329249,34.4703440281202,43.2249134181655,10.4950095085421,14.4368788406374,18.1170183191559,4.31463514204419,31.5194631094486,39.3516329072463,14.4101937777215,ring
11.9775701499335,15.0039663403337,6.80219311296999,39.3208027754881,50.9824791899869,15.3328520257971,13.4343733936009,17.1947007706471,4.3327099316999,25.9928735711699,32.1905055086196,8.67687871592536,ring
29.2402286624579,43.1588884605313,22.7011881215732,39.9814574749879,52.0780156918085,15.5478934943862,15.3285822923481,18.801348797956,4.77446335366577,31.6767355676598,40.3132509217224,13.5385611073489,ring
47.6574467135888,58.6485024911593,23.7481817674363,32.2845063019399,41.1727445512687,11.2358454089524,15.7084966993998,19.6889415501791,4.82053139191648,37.1562102749964,47.4597176715141,16.7749029222537,ring
29.6249736528369,42.2067963371257,22.3647509093687,33.2802117851175,40.6889819895914,12.4331297429383,14.5475525703667,18.3733784507587,4.02190000734755,28.6259518770108,38.3576587344268,13.9114283987001,ring
11.3758224133371,14.6116850979725,6.72027594763962,29.2213703987241,36.6094144490214,7.34110560926113,11.9371896860744,14.9612206380698,3.6767056286592,20.4023425534906,25.1011531887452,6.38229515661169,ring
29.7118526263573,42.9798125139787,22.9096813595791,29.1489833030872,38.1290346453588,8.68707519347746,13.5549361326894,16.9736424077903,4.37331050657808,29.4104524070689,39.3300212260501,14.9907593194385,ring
48.4627306804922,58.9773391324069,24.731821881996,34.2135242439885,44.3399109454335,8.70138282006738,16.3414101230949,19.5060527366373,5.33221987093199,39.6185605409947,49.2181130121387,17.1452179959085,ring
30.2904334208325,43.0456620816515,23.0549346939513,35.0422038395376,44.6331926764135,10.1919568400063,14.6920905493684,17.6123473574895,5.08936434136599,31.0460265911447,39.9569804949736,14.3070460532139,ring
12.539240990781,15.9274549767067,7.07637136576253,40.5914001168741,50.578353273127,12.6857938762431,12.8683807087955,16.1106809778378,4.24619905709512,24.1191251286318,30.9937142636115,7.1162816256656,ring
29.9617922156215,41.9306904723054,22.4866826155718,51.4195726376204,65.8971843918494,17.9658947270924,13.1323732591437,16.4697437120981,4.10184815735567,30.558549137004,39.6217952854875,14.3593732978669,ring
47.0755601281801,57.1157784072817,23.2016283645464,60.9994114747675,83.1271243781428,21.7134726178266,14.002908505049,17.8848507443791,3.55977980678263,38.1319774321015,47.926864861863,16.6352481039603,ring
30.0752008549943,41.8680531903328,22.7451546572247,52.0670855465586,73.4724472045422,18.6931507655283,12.4121302119661,16.447252358026,3.87247667001817,31.8827523634107,41.339416533079,14.2226152013658,ring
12.0364444528852,14.6205780447492,7.36502167900452,43.5338168383145,56.5963088048739,14.2735727910292,12.0705018713826,15.2469514932808,3.65662014694406,24.6453176859775,32.7500648320843,8.01676866174079,ring
28.0028494901308,39.8938081792046,20.8768893255981,40.9932205888572,53.3556054702907,12.7090318994688,14.1040921138108,18.2006101138569,4.03583767184638,39.1473561182938,49.2375057932913,17.7484461102352,ring
50.2555748984048,60.1004259193414,25.6067765273555,41.3654903199412,52.5768778871007,14.1272012019428,14.1189526834152,18.7139268095468,4.64041630757792,48.6593335803636,59.1699044975544,18.7506532057303,ring
62.2648417257049,74.1462304251477,46.1015603566081,89.2135565704529,166.316283375299,45.9928379293321,18.8438195800644,31.4338142498754,7.07422097744003,90.826859535859,176.88344157964,39.4211303751038,ring
84.566208340263,160.518026730343,43.1710852446361,250.634660768143,751.29137921158,106.220253957521,40.6047668998692,111.6893288932,17.7856628577591,271.053134785664,758.108472296976,120.926716168182,rest
57.2525910187044,150.080689454871,27.388359739256,197.780021062899,734.205886308543,101.945839730769,30.8702377274085,107.959531925062,15.7135518174059,217.376365146802,738.739800556178,108.975586415256,rest
12.436846615073,14.7403921835883,9.5125339453266,15.5890853117776,21.7636240149502,12.0514265474907,4.30566046117304,5.6717163146978,1.63905715865473,18.7795801336447,25.6962399419,13.4932626565788,rest
25.188318800721,35.3680431526723,19.5336878987614,6.25507234499554,7.50507545470408,4.80638332211742,5.36135317926428,7.6112092779136,2.94089709537249,16.6333687121166,22.9655338893456,12.0843434948736,rest
41.8840862929958,49.9155127168599,20.1901678386594,6.12370981071758,7.40472980210672,2.9782855329277,7.17135621355414,9.22342975267579,3.33993306044128,25.9618160663201,31.9008942366454,12.7269460173094,rest
26.9333004431153,37.2977502164015,18.5559708967913,3.98021963229069,5.30509101109149,2.39281499158756,5.34277814466904,6.84769641222088,3.11040150105558,17.2735026215835,24.0493544254567,12.1780074076423,rest
9.45377722210566,11.5434210480753,6.42359206997468,1.99630046216026,2.43104241286958,0.794186253010375,3.96214186599448,5.31903018246972,1.2177528377943,6.67115935006444,7.93440503481857,3.98971704497468,rest
24.3680110540213,34.9938659434701,18.6601662087337,3.95470319262248,5.48539095178695,2.68105689153921,5.72248652863004,7.8583766111293,3.06626666871973,15.5369150892678,22.349483096727,11.949233499198,rest
42.0097290891279,50.2964857533725,20.359117237615,6.13889721900751,7.57765354175363,2.8182845301392,7.36529759625736,9.43200034428242,3.24994281585001,26.2374714138889,31.8911489467392,12.5102145712509,rest
27.6792085283628,38.0618952295062,19.5271012727882,4.36390805217822,5.86137408105412,2.8366044636692,5.88380488190818,8.04277480587038,3.14893492234811,17.589951868659,24.2009837352497,12.0867189808657,rest
11.9036748313465,14.0201390038682,9.1816766517217,2.15820104193324,2.62283133744203,1.22515574304666,4.02074142563456,5.64168909369354,1.34948504017347,8.43986822065758,10.2801811950531,5.86730760596525,rest
31.5198612582956,44.7979870749515,24.8189136305821,4.59708415305777,6.80200173758299,3.31392375298406,5.65156918387988,7.2925904741143,3.25433496862716,21.7892658654371,31.0493102784317,16.7834065659538,rest
55.630189259693,67.2164248999305,28.2003882439969,24.848263745226,37.656477847507,9.75672489472804,15.7989505128585,21.7447738513064,5.71001603610004,44.4840883317946,55.5543936185221,21.0314151109781,ring
58.3473089827022,69.1367821523228,44.8873206593778,39.2542099883669,49.778549367619,15.5017964002684,21.0290460797022,26.5293486450674,6.36428690294904,51.3020682643511,62.5994430255477,28.3213762523065,ring
51.052592165523,61.2814848220264,25.8645258690976,37.0738827201986,47.9900657648066,11.9424957365156,16.9876332099145,22.2288203546455,5.510702102686,39.9213277912236,50.3141440043889,14.0590758085321,ring
29.8768385485429,41.4538337228154,20.8211208333653,37.2903253140166,47.9941301628532,13.0237650073169,15.5387556984181,20.0019509398707,6.17533349393491,31.2571943706879,38.9649198316089,12.6589558381161,ring
12.1397533864941,14.6481201151853,6.82894074306469,34.6314394915348,44.6421505945526,10.6160770176922,14.2503350942576,18.0290405322789,4.16304286366045,27.0267086485536,33.7931993301298,7.25481578407276,ring
28.3282484670361,39.9466767686898,20.1463117011717,34.8303741294714,46.181389690564,10.4483874634423,13.9229542423188,18.0236582277993,5.11505498465529,31.1130645420967,41.0494398515007,13.5574451513201,ring
47.2777058140286,56.1270093485671,22.7942404941863,33.5164554076925,44.2966221105521,10.4335287204177,13.7319102238103,17.8862599390694,4.20340550705108,38.2864250534481,48.0484454885382,16.9788560331164,ring
30.0425700212596,41.8501186173864,20.1956102992868,31.6964717554792,39.5111290405313,9.60798904406789,13.6232024520243,17.160146253572,4.13381515107932,30.2131816077201,38.1803916104092,14.0112919344614,ring
12.2926003754882,14.9381805783571,7.29481761415296,29.2211387141978,38.581279984519,9.55458923001408,14.614358565116,18.5381321145114,4.52379069377543,21.4568654078856,26.8961735083881,6.1365043864023,ring
29.6974609510348,41.3753391288884,21.9027917403632,27.3897239487457,36.1386681654946,12.2934553235013,17.3972311666656,22.0443287061839,5.77490047439365,26.4871976954153,32.7813947276267,13.3830712319158,ring
47.590410278089,57.097264674752,23.8396687130015,31.9015253089447,38.5698070296346,11.8633344524815,16.0860310522631,20.3348634306673,4.81068045078834,36.5059575000155,43.5346308521437,13.52603171716,ring
30.2861141354516,42.2114912880392,21.3191518919451,27.4712608847048,37.0017295611216,10.8511447435634,13.8528742892007,18.3128851024747,4.99184240551844,30.7743420576729,37.8824823455663,12.9795641797633,ring
11.9660822333134,14.8778135458356,6.8796757059729,25.2782473405947,37.1445535320775,8.6680837766035,14.1282546681622,18.7159494281412,4.06429144024611,20.8838142250638,25.215226253723,5.71661559848423,ring
27.9819177053264,40.4904402588786,20.4056838181517,28.390279723137,39.2563690422573,10.2831480383611,13.9218652130709,17.2932002645805,4.0310803264444,27.5522143185692,35.1863230453592,13.0279771162448,ring
46.3126429071526,56.5580246954295,21.3178299342523,30.3237823446693,40.7868838706943,9.00731365558494,14.8348571734382,18.7793799654032,5.36654114751135,34.8808548674598,42.1047456405477,13.4750920181927,ring
30.4612353274459,42.0668247070584,20.4087016158398,31.8043878214872,41.9479292517075,9.44333818442265,15.2120185448777,19.4236938750064,4.84608327645504,31.4570390968879,37.8568200084091,11.6529204386813,ring
11.9607990427801,14.4635715287747,7.03805132163421,34.1147998313331,43.7937729942581,9.9157715573051,13.5600722957136,17.4063768409244,3.64857360101162,26.7561039900043,32.7818008142312,6.76600926340172,ring
28.0759703303212,39.1201422340354,20.8284507276446,32.4978368857238,40.4906383799777,9.57483909943204,11.803946433639,14.7029079304729,2.96884789414065,29.4409253587592,36.8260091073207,13.1050564568327,ring
46.1098966694647,55.3306408955209,21.8551847614084,35.9592883029644,44.9019565509186,16.0197767466592,18.2497038015908,23.0694178507324,8.17076274494434,42.0464658325667,51.1087542362973,18.8953854605724,ring
38.0181538099805,46.9970402234512,21.0798162509839,126.971124625458,246.701207010949,85.1449222907574,67.7792803345305,140.484718639982,46.1548064911316,107.853121861694,196.648852155088,69.7485123407629,ring
30.3032955467652,36.7189653921215,15.6760410821853,525.832702949637,1479.06036437144,243.234122386834,217.224763373407,636.185582990605,93.8273343879859,308.84625354342,868.589211103307,134.890796688085,rest
21.5412258970658,29.4540965216604,12.4134693328853,441.51576218241,1459.27893491569,235.611935699108,172.151972645638,621.09297245074,87.075824232021,244.419861305273,847.673534938512,123.821590057698,rest
10.5678673899918,12.7948654707979,5.67774248998503,24.2998751313368,36.0471384588706,19.0005074725301,13.5321754753634,18.9686210762083,10.0345093368782,25.2728283449242,34.235200909419,16.5965266154819,rest
27.2837744708723,38.9513126669308,20.8156381670481,7.47044041332423,9.43646134778204,3.24797089194468,7.30802768699454,9.13104224985487,5.01737244636244,21.4730845063943,27.5922354545774,14.8693887920834,rest
46.0652473397033,56.3131010972428,22.9728302133051,7.03208497671796,8.64321328450224,3.52974682015773,8.53245552483385,11.0886746277779,4.78342803586154,28.6861299711605,34.7002332748857,13.3770638520262,rest
29.5037128509372,42.611782557378,21.257766331291,5.01560500436752,6.96759444274586,3.22346643768248,7.38807447534969,10.1944783605018,3.2833751926351,18.8852435813782,25.7289342523036,12.8509032580567,rest
10.7646617600991,13.0781459395517,7.20204502974494,2.45760200141062,3.08072211720824,1.13961156713473,5.39894335161762,7.09220520497785,1.93830081341504,8.34318838719753,10.9982241463212,4.62197897603304,rest
27.2226267874754,39.5159908740296,21.4763312625274,4.36692391570074,5.72053165757847,3.12526106149814,5.78514065013403,7.40588725135519,2.68652706192701,17.4386315582036,25.3243156975103,12.7237595112642,rest
45.406799974653,55.8559974375482,23.1935050735634,6.62904861467728,7.95246225246853,3.28391227012772,7.43906550382171,9.30428533812741,3.70658903663172,27.1934095401495,35.1871414659093,12.666693876132,rest
29.8065783138676,41.8157531054061,21.8686284225054,4.57634285581757,6.25171542997203,2.97237235763141,5.3428011708137,7.30600910270552,3.20795063093407,19.0659942653148,27.634622482788,13.0819711067445,rest
13.3331693564946,15.6345768702444,10.2279914215304,2.520075368646,3.22710872351128,1.54450307171553,3.12075345154024,4.04986937318597,1.17760497771003,12.0964123006636,16.3425068948256,6.41307572859373,rest
35.4027266126645,48.922458132064,27.2090240516691,5.58320908949364,7.82275646183753,4.12643214616593,5.71381967364692,7.87688698823626,3.49013694395543,23.9846266000865,31.6199665350273,15.7129097925336,rest
62.5622655927521,73.0950782121646,30.3169700408426,12.5162591375327,17.1203162036259,6.12105906737535,23.6511687699717,35.7238391665602,11.7150818029184,41.0854807403685,51.8791363774984,15.4130035926325,pinky
62.1202178999363,73.0850110261385,48.3502586484088,17.261422090555,21.578673030537,8.17592345443148,44.8388876600399,58.7900310559463,12.2977030343754,50.1597725774377,61.5752192125974,27.2378342938015,pinky
52.6155401474037,63.5126133406106,26.3807487800858,17.7565609514081,21.8463331466099,6.95260517121841,52.0456822265753,67.3635488553299,17.406876453203,54.4969843343515,67.5967017615001,17.1252690900573,pinky
31.737367243764,43.7485067890117,21.3238803231744,16.3873986687209,20.4964094823675,5.36601580099603,43.2250373811559,58.0714535528367,13.5884081788954,48.6632994577256,62.760587052399,14.1312612769207,pinky
12.8910667557273,15.6808161628912,7.75761838961401,15.0163221481239,19.3489361374127,5.6245453106932,33.2455819627411,43.7405804570425,10.3918977993273,40.8602012232453,50.956018393155,11.0092207200652,pinky
30.1812511734514,43.5725749991512,22.7183391223367,13.7785411145856,18.671350672834,5.08721045747799,34.1500262414521,44.2251525413763,10.2424079423563,40.0496902186675,50.8201054056224,15.2968001899701,pinky
49.3347834307878,60.1868092944692,24.5534866732773,13.7144181214933,17.8647934486609,4.21165475808919,34.2627775878068,45.7581377387231,12.3893395191442,41.9076567235542,52.3871958087951,20.0946136903676,pinky
32.0145997129018,44.6059799372872,23.0046506325197,14.0778911024873,18.2576188213085,3.67020218454223,35.5911109282215,46.9004797929757,11.6008929056323,41.8670657011419,52.5401791161302,11.4369683263805,pinky
12.8419870898994,16.0547327369628,7.94309499549173,12.9947995571475,17.5753422176784,3.63285345187079,35.9189534566162,47.3686207867385,10.317799299124,39.6656593941678,50.7614227635247,12.0647903665082,pinky
29.5463984221946,42.853193194511,22.6255965183699,12.4372104673469,16.5369605024897,3.93077479931243,34.441701477682,43.6425245067232,11.8271147932705,45.0073565759567,57.1419244604215,16.9847256523257,pinky
48.5020140434135,59.7264144894937,23.8373686844088,12.6670313088673,16.8723025612951,4.58977429866635,36.0367746274469,49.2723136564754,10.5128820652329,45.8391303604288,58.6047877944084,18.7036726298962,pinky
31.3616809327217,44.2559151156378,22.6230165839796,12.1826579229953,16.0554610899913,4.44426054836004,39.8233274786891,54.6740259174618,15.2828013362004,37.7534870135735,48.3158482522347,13.3853453692187,pinky
12.8063238420061,15.6088442761122,8.42147092410363,10.9228005510542,13.8330630997082,3.73161567582597,42.1476494040712,55.1525090842517,12.6190257671018,35.0438183405814,45.2606138811569,12.6739366198452,pinky
29.517894579812,42.2761286340217,22.2773077277905,9.84265391336323,12.6238884720465,2.88791769493697,39.4489610016808,51.0911701270953,10.7581883770411,39.5204206988911,50.1838875103996,14.0071890061084,pinky
49.4946282455999,60.9156251101896,24.5965066316005,12.6425623183841,16.4501015031306,3.82723528391605,36.0740700975492,43.9680503392012,9.89492022592913,46.6809784327317,56.3374426939885,19.2953886516832,pinky
32.7050399283333,46.5252472919082,22.0223963533582,15.4412640103125,19.1284228319268,4.92818397789729,34.1507096449759,43.4694248123981,12.4186894765733,43.3349361558452,53.0502297378105,13.5968269873041,pinky
12.442322743529,15.0632035690814,8.28815704377056,14.8448096209333,18.1376574721862,4.27533579015095,33.7394610837998,44.239366501093,9.73342366614203,36.8854155435911,45.6644505639376,12.1915852276042,pinky
28.3838759178376,41.3486522706889,22.0611782305127,14.672631366922,18.7806479272787,5.87203924350522,30.6899301569295,39.5785359506873,9.81449586889229,42.3966469825207,52.9606551637459,12.3984970717904,pinky
53.682432756514,64.428977014105,26.6556522212773,15.1318503639833,20.7050563318462,5.85895963294139,35.1392727427112,46.6973358836978,16.7450478547298,52.9874620342371,64.9199094513344,21.1292950637054,pinky
69.8818453882638,87.5258392755542,47.6487349916439,27.8823892712638,48.8473848305122,12.1340344050958,149.577653472943,324.854609890818,94.6470848933034,124.785575700302,204.40903427566,84.5738689416103,pinky
120.914780528853,301.101828687053,55.5985716006516,77.897501702982,231.379222705596,31.5435338948456,510.331544241733,1431.3121731451,224.877045493934,299.319943850693,892.969127400263,124.333777405166,rest
89.7911168003207,292.757318640022,45.2550221784144,62.0997067975429,226.814221230814,32.1089577376805,406.281169418334,1395.14063240302,205.816209739789,213.649742298447,870.846516064438,122.96263017377,rest
13.5668452757507,16.0857544694009,10.3762581756729,5.63565660430167,7.44697625156027,4.13595922500798,29.0589371631272,42.056996002584,23.0611737708907,14.1846484574014,18.4619172934546,6.62621230899489,rest
27.5970282915732,39.6308438004964,22.1300206676609,4.81747757813947,6.10451909958798,3.48833843650727,9.77034491836175,11.588098097533,7.41164071772088,17.5223696536049,23.6637829782898,10.0849754862231,rest
44.0059005616311,54.7767658970402,22.4261968889915,6.51075452533187,7.8763042750775,3.24752573693043,7.80330638901907,9.30318264135211,3.70299018734946,27.6865742383858,33.4285865166793,13.0127262848625,rest
27.8922907348943,40.1545973268098,21.026853072314,4.32240399890363,5.88955354044506,2.97965685326188,4.78114775023855,6.50015918968246,2.93818607535659,19.6115362098114,26.2483931384586,12.8395819013094,rest
10.7921806347364,12.8347426031397,7.41712143736335,2.13227095719042,2.51488113614356,1.05270581889364,2.62181203860164,3.22860055176854,1.08187150579794,9.05138819913197,11.0512330953714,4.87505256281286,rest
26.7851993562303,39.044004265828,21.1592601731044,4.35168703449633,5.80598357446912,3.00851430142687,4.58064149486,6.12155613225503,3.13068245817375,17.2967806278872,23.9234835539465,12.3291040810204,rest
45.4943877657659,56.0260515602419,22.8517922079326,6.84994395437159,8.16131612042829,3.45295411598433,6.96955555639809,8.66493518764033,3.19097355994694,28.2563526751866,33.318235528018,13.8923358679978,rest
29.4277353016464,42.1710375067036,20.5999564046253,4.5667507764144,6.24893291927378,2.88316995320586,4.91817411613304,6.81433569275066,2.98723434764365,19.4747046586289,25.5248468531143,12.2319195898656,rest
9.65076909850119,11.6826794893259,6.3852366877525,1.98373247044223,2.45531041382112,0.940384659574567,2.18743432163224,2.66874052871985,0.779195310893175,8.92971263056075,10.744610427613,3.16649686544945,rest
21.8568603894206,31.4144006968319,17.2622009707053,4.0264061134568,5.56184319582904,2.78339198110578,4.22974725737546,6.47240847910166,2.52924571042082,15.2259020767838,20.0235536747973,9.9116160125929,rest
38.186119290507,45.8903463713668,20.0388714773305,13.2516784921997,18.9719562537471,4.35004919115687,27.1224287383834,44.818090206116,12.2352365839615,35.0092394480229,46.1229420345497,10.7896833610052,pinky
46.9647550379267,56.5461823977927,30.5098767902831,23.8416181209001,32.0331397372063,7.67969712672715,50.5119227391989,64.5535457773027,15.0004751830016,51.8327492132039,68.0506355534335,20.2909355204354,pinky
52.4037106068454,62.6407159086453,25.2160815082198,21.9999413217899,30.7490191526585,7.18808349257385,45.9872016141206,58.1770973796112,18.8858675309501,52.2921215823926,70.8604314239829,17.5797247747283,pinky
32.9609574905751,45.2810593954255,24.3510727357234,16.0039957012046,20.3940918164102,5.91816122857896,42.5567672915545,54.9340433281005,14.8830987170041,51.0129841797687,66.0750596172122,16.9095445202897,pinky
12.7848119337821,15.7052710373097,7.35133177306983,14.2820718528405,17.7336885393916,5.25541511340602,50.107635109489,62.9141915457897,17.5219943606439,46.5099764783982,60.8336260975547,16.7454374793128,pinky
32.4845736089727,45.2689434901024,23.0631467848544,13.5061593514252,17.7805397467049,5.27629900571033,60.2469945704198,76.7267895633642,17.9666464133459,46.9126060412776,60.0401574711513,17.3821316961066,pinky
51.3829933062657,61.7119978174032,24.4141744397817,14.8196449149887,18.7099241329675,4.68793232535176,55.2395073769144,73.34911872838,19.9263054545016,47.5016584438377,59.8042887815454,14.0740655838011,pinky
31.5648146981859,44.6035698722992,23.5956921315527,14.7203500576864,18.7234000890848,4.14133760545465,45.6257323983085,58.5050091637102,21.5813526832068,43.5104133826503,55.5025429950113,14.7803908273777,pinky
13.4683159946374,16.5032289526829,8.45036041250346,14.5608912407579,19.8299372544979,4.93696882984158,48.050802061418,58.7564001086936,13.4789351684342,43.3296450164207,53.5163468900195,16.9656386475381,pinky
31.1991566226869,43.6318693170518,23.6079636939489,14.9676088689749,20.0107074522697,3.97376685075344,44.9372331931614,55.1473136035339,20.3460741069564,42.552552921259,52.1049316423933,16.4745904914535,pinky
50.0688269318493,59.6214146437243,24.0407692425351,13.9898524935726,17.8658299028859,5.16369882708821,37.1379365943725,49.0191898741893,13.7846483840708,49.3784127988945,61.1968318757301,17.5738875297047,pinky
31.2807625930008,43.3943793184364,23.1809227640108,14.5614344319048,17.9658693060146,4.61332023170564,35.6312911090683,45.9673165672848,10.7880703177517,45.2051061980607,57.7402580559286,14.31644253411,pinky
13.2137375672376,16.2555099214297,7.80421906564467,15.4312429895037,19.5127243956514,4.51182139103875,38.8498237754701,46.0976052536469,11.0310698912127,33.0031418097219,43.5769415672002,11.4862105312436,pinky
32.1128694185295,44.3431082935168,23.6617832234363,14.4704336223152,18.9787053313965,4.63320808154783,36.2186953932993,43.6725802993895,11.8664703848342,37.9224760662248,47.6192014282095,16.1221465663847,pinky
49.6236307854246,59.8764693172671,23.7971491831691,13.3312517085889,17.5480748436632,4.12753791628289,39.8707812874935,50.8764932361202,12.8571001592331,42.6714016538639,52.2218586304339,20.6226365945312,pinky
31.671607981242,43.6714593794689,23.9327305132303,12.707067089473,16.5564756249943,4.07276244070824,41.70585078597,52.8685628824003,15.1128020688914,34.7500554161551,46.0587176725008,14.6247439595391,pinky
13.0512873137192,15.9819221700723,7.79913452854026,11.7226202624601,15.2220700026794,4.36948800219163,37.5155243030915,48.8098927249906,14.0803338169273,33.2582695345552,43.4118716008474,10.9738087254751,pinky
30.9745749008271,44.206296453317,23.7314686254804,12.5856104770782,16.0834868366649,4.07764986990807,34.3928372037881,45.1035427002174,11.5146066245777,38.3602398232051,48.7009963593683,16.8395033096754,pinky
48.1337346959094,59.0366179149167,23.5577984168996,24.969958113586,32.6794711317519,13.3075951860558,39.4261921952075,51.0795148468609,15.1108415095473,41.1572343022287,52.3289859242763,15.8725890456124,pinky
69.5705552139943,155.779368736505,27.2714714166905,137.868371628231,362.566146368958,60.6076332199536,171.533583295903,430.728182453036,78.3291082506244,70.6143443175943,124.431720479805,24.920990823599,pinky
144.189623089632,439.750781397729,58.3813711787285,348.071345566568,1052.65022382368,138.022010301442,448.459264491338,1299.44000865107,194.624713628563,138.555929269398,371.895383242839,58.8972038274792,rest
104.530614371546,413.411860890293,51.8520371466537,243.531558656491,989.040931751567,123.771931003237,320.36333199611,1227.1962958871,168.515444718104,95.1721117989785,352.677159283929,52.8962086079337,rest
10.3588775304865,13.5251757511899,5.02446304114539,19.1339885036858,26.5220148780377,14.7788211472846,23.5242862815959,34.3337376335486,18.4800814905814,9.65689080155575,12.3875563986504,6.02439673556173,rest
26.6667255189337,40.0542934160959,20.6254289438482,7.86281764751766,9.07403774859928,6.05071386257856,8.00753202486688,9.71266409221726,5.03710337823958,16.6659999236904,23.1531296534276,12.1680645878348,rest
45.9420746209871,55.8941911927328,22.2479924998306,7.44705194559076,8.82563238636931,3.70413729645345,7.51165380785744,9.08643751701333,3.61048295486356,25.7348261760056,30.9003416842916,12.9973179872549,rest
28.6724214685976,40.7290402246972,22.2094852746484,4.27477054937251,5.97385800743549,3.08808586153456,4.7801106862933,6.65404083383393,3.50434997458588,16.848914465046,22.6720919726666,12.1240517725005,rest
10.7979044620813,13.0186167431882,7.53358402711383,1.91125705498028,2.34149062558477,0.95624536357211,2.08455818141981,2.6021423599821,1.00529172776129,7.46465732806711,9.1168260497322,4.09838627275413,rest
28.7099688292764,41.0892772669259,22.3319817671172,4.56778165423367,6.1736084660045,3.25494806567567,5.42730706869195,7.70975632438978,4.03444857444566,16.1870663518335,22.8771715204471,12.0728550476366,rest
45.6018493085816,55.63005284968,23.0803480708355,6.78249704588996,8.36964556571097,2.99274242895513,10.0735161274544,12.6439347935364,4.38672007637933,41.1215051912847,58.7675808404944,16.2350991652376,rest
35.0436730110286,47.5430149953188,23.9811526361033,15.0821690405111,22.9825352509066,5.42127494201723,59.0202422295804,112.371414079943,21.8939224228458,82.8239660100949,112.238280081744,27.1936997826111,rest
24.3296505255464,34.5093958104151,10.221503413386,24.8729035208511,31.6338380228442,9.63418181430373,112.383624460899,159.920404329059,35.3758419000372,87.8620221136414,114.311570437667,28.3699555648606,rest
41.7472496586364,55.409245842447,26.9853749961944,25.2737908528362,33.3958889914018,6.95051751998789,87.4509933304994,126.559322406434,36.0425309476435,66.2579160046385,80.0056653707896,19.8223035892521,rest
62.2838884725543,74.6035455197714,31.2896776262906,21.180562297044,30.0000760586405,7.98248319768738,48.8636316777005,65.9186467009425,16.2246451852626,54.5040071213577,66.2017690641851,28.1734789873899,pinky
59.1206558030091,69.6083412126405,43.8201968922806,17.2560303821238,23.3243753037276,7.00844217020155,40.5384931679716,51.8763139712548,11.7025638601618,41.8640782433202,51.6207872273264,26.1110817595698,pinky
52.5983889737638,61.5377840041151,26.9791066127488,15.1719910408331,19.5492878180383,5.05202786513342,36.2341725508055,47.6228872830748,12.1310780717416,42.8663131372297,54.4965424987475,15.0948204032702,pinky
31.9751836473248,44.8092481865791,20.6311299133294,15.4586040813585,19.7003453699476,5.5291980312783,33.5881037043048,46.0061549331679,12.8900550882093,42.5216050297952,54.7074110169351,16.0375130937951,pinky
12.2599627007578,15.5801820902803,7.64613128590262,15.5558511946554,20.6892509857892,4.11606994018479,33.4619924751654,45.0659690553825,12.0770666433184,39.6646742588909,49.1725809802668,11.3247676183213,pinky
27.6146770429435,38.5614941939516,20.9081023267982,15.5322137015943,19.6956072271266,5.03169589407567,33.1992051005178,40.9925016309929,9.36398554276923,41.1179770930715,49.5756310607959,13.9328313071186,pinky
49.8329498253414,60.788566817765,24.4786951141412,14.7444705830558,19.1734593872308,4.71937589512819,35.7919483875353,45.3921821830797,9.10980918811024,45.3459372386268,58.2622156754481,17.0952436625428,pinky
34.8764977835889,49.4301091280086,19.9450939641353,14.0234648161856,18.9568741327231,4.46715667350871,33.9597479309843,44.0799529545785,11.0408984062634,40.1184776563036,53.5392234505132,14.735278523126,pinky
12.8572629401992,15.6056744252254,7.79141065454137,13.0915396378415,17.6284789786166,3.9854699263284,32.49511210372,40.120626555978,9.39583735938495,29.7652282720233,37.609312530009,9.42266612701218,pinky
28.3582154485139,39.48500328349,21.564518304785,12.3103429368522,16.5591765662963,4.06206555215752,43.325655753169,54.5452976716443,14.9882683172756,34.6679933083222,44.160983397064,10.9744436610599,pinky
49.5213189760704,59.8424644557011,23.4452509027007,13.4689970476718,17.7177007956358,4.17676706977673,43.3465477666865,54.4567875770215,12.1132054816436,40.2929882780359,51.0791358891171,18.058300378634,pinky
34.547598524421,47.7004154426416,21.3608516196437,14.2141850618392,18.836258476534,4.35398989800088,40.9577769568655,55.1558219270011,16.928431907122,42.4273813056865,55.2662745857875,14.2365286644313,pinky
13.2623327937134,16.3337703969132,8.38668285644774,13.7174310794417,19.2190398344354,4.94788181376863,49.1448753659788,64.7538791684546,12.097402062556,40.0840974435362,52.1208513316565,16.2465455548161,pinky
27.9281377418696,39.8979131519519,21.1714001669979,12.966047670694,17.9810871974649,4.0527029380945,40.2307910481302,53.003917832683,12.7660012170091,40.1046333281865,50.9422034826512,14.1005276233811,pinky
48.7208309404655,60.683880898889,24.1825267874126,15.2588048605695,19.366256681473,4.78657592607834,27.2313219815765,36.8032719489945,8.58341202691805,44.6625233845794,55.2912544767458,22.7608135302685,pinky
33.8766479053807,48.4715492768781,21.0106385867963,14.7220374907548,19.2481920780914,4.62233690795615,31.268583574751,42.4142906945189,10.0653799072657,39.3016994761413,50.0880893813415,12.6660473636796,pinky
12.4929431031492,15.0055118333538,8.05579458506372,14.0313386472368,18.1980978214823,4.23361489744702,31.5371605960282,41.4194539046211,13.25971280497,34.6545257006099,44.9675487757772,11.1910364601412,pinky
26.1163684424833,36.7153230877762,19.8173434163846,14.7225893356251,18.5405163425372,4.56954098315898,30.1058297170872,38.9220036874099,9.57485541111777,36.3751719055523,45.9871557895821,14.7022672640913,pinky
54.0626066408536,64.6446325640638,27.3538210810173,16.9356804091042,21.9510068705814,7.12480099152902,48.0904614662444,63.9425593311143,22.0227904094961,47.5324724280036,58.0373408700386,18.0288901827032,pinky
88.0308388654278,138.347491566459,52.579451023301,52.9063542592942,111.856958276839,33.0734929465074,175.656782285874,368.630089211295,111.645460430332,116.621058057787,224.246698253168,73.2938445226192,pinky
201.681002457734,596.853804035247,79.5150801433566,172.905793106956,527.582764265525,69.6922368757812,578.687037339084,1591.37711654363,257.827705586097,382.41034069731,1121.97174470064,166.820391884179,rest
156.224210740163,583.328551504047,81.0421544880789,138.113250705695,516.080171213958,71.2698821333266,460.09490206298,1549.74230134681,231.072741376162,310.003236820804,1100.68821495049,163.135685724737,rest
13.8452212623031,18.13173464437,7.90473797872754,10.829580126345,14.6950066888687,8.27614043619154,31.8978767593126,45.8895962520657,24.8103349296238,19.9891466091223,28.9908394735962,14.4795114304848,rest
27.2356088742521,40.2577067391879,20.8940608411678,6.06681191269835,7.35478017019429,4.47788794711405,9.72972335211197,11.861056597118,6.78782844919354,16.4476553474627,22.9212117029826,10.8609524959432,rest
46.6790944786395,57.3190446015593,23.666189318762,7.23981923782899,8.70188886341182,3.43439271787433,7.96667300564675,9.52389869042154,4.1858821832808,26.5085853872618,32.3274824174427,13.4040657404016,rest
30.1672304728223,42.8161642767185,22.1446627330151,4.88541959777543,6.45241359536228,3.13731335878424,5.14266264967759,6.88823837631095,3.06607025736188,17.2731563277581,24.3152474990849,12.4423399055838,rest
10.9366159944483,12.9679255645888,7.3207209739651,2.35665605859271,2.88273123205935,1.12777391605296,2.55607835517653,3.251659042954,0.924480819423757,6.50431290316478,7.75968574214334,4.15123759129151,rest
26.6227141791835,39.2963255483875,20.8730922548887,4.47008346948254,6.32974653413177,3.25544193126638,4.67562833133394,6.37448542611271,3.20083344994159,15.737777735988,22.0888429638231,11.9104897351272,rest
46.2527605071001,57.0173110516526,23.2227719059483,7.17485899007852,8.80761173294326,3.48862801080177,7.52918526358713,9.09705202207816,3.53499569448115,26.9428250051703,32.7296606805641,13.144591275742,rest
30.4390189631662,43.3410986825603,21.6219871708936,5.00683922015581,6.72946061043794,3.31271391942049,5.30986735518595,7.17104400084065,3.27540031920957,18.1775337487923,25.639238724483,12.0180631199833,rest
13.2507926677281,15.7028208743701,10.1584720095923,2.49189522469926,3.04711338439506,1.47254876704136,3.07203476135735,4.00362011523667,1.63374796580712,9.78793083551238,12.365324394106,5.23249139769943,rest
35.6008822050618,48.4986388703123,27.1012844423783,5.35717448223791,8.14963521491155,3.5793300279639,7.49291581386503,10.7151320980501,5.21365024683252,32.4803037149729,54.5216594955854,16.4832970337469,rest
61.4439271944482,71.6898379199274,30.1785842407466,11.7054974841088,15.4698178859722,4.70424308964173,32.5409046222633,48.5015315197997,9.81387433353497,53.9686526009369,71.8350695224716,18.0454890056484,pinky
63.368315269004,73.2954718973717,48.5509186804423,17.6295776990269,22.7883875709307,7.74730646151107,60.9488775256128,77.6465543666945,16.0981740598479,64.6153151801369,80.9897296588223,31.6229798458504,pinky
55.1269898135866,65.0620899386465,27.1669084964884,19.5714430809557,25.4507089039108,7.93712166452665,53.9111668480232,71.0546227050034,18.5847030507297,67.553103098008,83.0336630232101,26.6926671129357,pinky
31.3069068645064,43.7056464257675,21.9548638689937,18.4345884012546,23.6529395836079,5.102244106167,38.1915211647695,49.319717586023,16.393165336246,59.3912441970395,70.6908656756507,17.1697035255396,pinky
12.7166394640852,15.5700094554593,7.41339488654343,14.6846900219227,19.497606853468,6.12463221562292,39.9403362734236,51.1834448559986,16.5170575439179,48.2130531691869,60.6051379628073,14.4755058033095,pinky
30.2465465619084,43.1745041801975,22.8146069830395,13.5539661117534,18.45823707713,4.20123130378981,41.236462140866,51.215506175784,13.1751930394205,47.6301372380631,63.276343556186,17.0785841897574,pinky
49.9181612626763,60.8089585040863,24.2604411375724,14.4195718241349,19.0406218868525,5.2925004070084,34.3320554789634,43.3093984799464,8.91488708508326,55.2870595081779,71.5054450110927,19.976524311107,pinky
32.6164778407368,45.5869623021715,22.935193568999,13.4879589028676,18.2129224922167,4.08906236664128,33.8971300246189,46.6325423089954,13.4375392914242,47.0912661743397,60.1440895355182,16.2289559453956,pinky
12.8517600925978,15.1918622106358,7.68653292507395,12.4233600944839,17.0323303443769,4.8053280127554,37.0654574301226,49.1852153120857,11.2281912639374,46.8641459019196,61.5043446972469,15.0046049657466,pinky
29.5552142528643,41.3466733227372,22.0706023700863,14.5945384446786,19.5612528227579,4.85392780818872,39.4164928180015,51.1720150086581,12.5842249710406,54.1919777891546,70.5692880642541,15.7133466762359,pinky
49.5995566165968,60.3006614040935,24.2007414189138,16.8415005986188,21.4488025025401,5.84972319476695,43.2510900259989,57.6106506112252,12.3891953389212,52.4029815451557,68.1742032799021,19.2737610096485,pinky
32.7299352614888,46.5965724035941,22.404780158046,14.7582833581433,19.5529920182609,4.4226118997853,42.4439763673245,55.4304786706066,15.8145577932417,48.774572329019,64.6769009377512,15.8370528469865,pinky
14.0689507970371,17.5249668731311,8.15362745953512,13.0692687631185,17.7387503790303,4.96096972257039,39.4794046588098,52.293898755363,15.928199695295,49.3222531982793,66.0909752641649,19.2627313415086,pinky
31.509215545686,44.3078509730296,23.7512135042427,12.9397835662287,16.0186089315326,5.04560777538411,45.9565576011842,62.2486503219946,16.9945057119991,59.0281892304743,75.5549626968985,18.1174675937467,pinky
49.8188001112614,61.2424268232519,24.5757415754193,14.9593426129355,18.5952840996159,5.34548633261032,52.1156474950123,66.9702410426888,16.3150567379243,71.5015989174839,90.1958196725306,24.3546840177352,pinky
32.7151614096749,45.7988782378365,23.5279234659993,15.1035453647656,19.8090245936811,4.49067840464674,49.8168299897257,64.9874947799194,18.4796464380131,64.5512182817261,83.1801625266439,22.999554202889,pinky
14.5862370573124,17.7555511454514,8.21696463195374,14.1481695861573,19.1142910961415,4.07451704059597,51.4369277380598,69.9003532378786,19.3325062058205,58.3124615276546,76.9946894577273,21.738953996576,pinky
33.6617666293801,45.6631822102586,23.5005187044965,18.3729619127567,23.8682717565987,5.84539965307931,49.4015598986031,68.6227439020741,20.4448209167093,77.8522528555803,102.674288677328,32.6484796907707,pinky
50.3875035035004,61.3479533082391,25.0786289305267,21.8756306912721,26.8894011456589,7.9694440892206,52.9145304473415,71.9364605656615,18.9698774471398,78.294878643256,100.866924098631,30.2831126045674,pinky
50.6995481839922,80.1274263063994,21.80577272344,73.1608986491722,153.710130039378,45.9864964678002,131.557061211597,236.398887850368,78.7798449190725,116.532565351339,223.885400630151,50.568439221521,pinky
98.3318948502492,286.832203624768,39.4432198515754,243.239900904909,740.623008410432,98.4891496326254,480.871056216309,1353.0247078487,222.133839632261,325.185793859878,879.690254686019,146.122015827308,rest
76.4559529794445,278.864595940685,39.2431592785207,192.028769673823,724.977938041029,100.800469284131,398.339279811964,1333.74422952865,212.200382279761,255.803970947615,853.179720962863,127.834426639937,rest
8.37494216034233,10.6231947958382,4.03212658349489,13.4528328175077,19.5206963778125,10.1834726690202,23.3223051060235,32.8340431558162,17.8567642035684,18.1411699509285,26.7173785802483,12.9041418944098,rest
25.3459386747481,38.5077070255893,19.8656394861614,5.3852434766292,6.84145513085009,2.3528518705441,7.8301106028557,9.55185365385675,5.17917708586457,16.4409668879195,23.5544578766174,10.0992606470843,rest
45.451567232057,56.09019517709,22.9062199772207,6.93236913567831,8.35873992341508,3.39855237986561,7.00322456083588,8.75939215585678,3.13603734406598,28.1970914211362,33.8230422796392,13.7040849437648,rest
29.575253871796,42.4760514539794,20.6997856832803,4.7653122869688,6.51126833966794,3.24399863529111,4.77574955179376,6.43130091486188,2.82750358262397,18.6787890702708,25.6825035965902,12.7225688188202,rest
10.7933975973017,13.070880569072,7.21707438045282,2.01631107772443,2.54363131787603,1.18806001623198,2.78091589247651,3.47675909908286,1.11774697526237,6.88012594322835,8.13996390050039,4.24475945188316,rest
27.2742065931125,39.8608899035907,21.5801952863197,4.16829726934077,5.97075131381447,3.10238238728545,4.85382274934972,6.49219033604989,3.17546831528613,17.0789053934042,24.2996265681649,13.0857273290008,rest
45.1711392333359,55.8289401499694,23.2657556331419,6.68048243607233,8.25287441553974,3.39855908719244,7.0974024176598,8.60900635802114,3.27607019088268,28.3900448121816,34.0675138319557,13.8875479631978,rest
28.3158448570872,41.0544884981311,21.2770568304209,4.57591284927718,6.25182339301311,3.10771960784395,5.13504817983906,6.61965529867288,3.20530902385221,17.7482704696389,25.1124902340096,12.7713903295246,rest
6.71574279751898,9.18994713479063,4.89358292079476,1.7509045783886,2.26363051849775,0.762971926679066,2.87072922208307,3.38475761466794,1.20018245296921,4.58951229861552,6.19269340382704,2.96730922491196,rest
2.97989902565663,3.63088780374531,1.69871103008266,1.77675857263394,2.23234708998441,0.763655665930414,4.79970030250364,6.20072976129916,3.00764719364064,3.28457592638618,4.60074939978704,1.66345737038548,rest
8.62595551777399,12.8504995709805,4.40250975670371,7.19232478544388,11.0327225488534,2.73169679980309,27.9221775909509,46.4243900047767,12.4374085464902,25.1193541138542,41.3547976617025,10.6928077783433,pinky
30.0961785969255,41.2851329013809,22.2820316751392,15.2828116508454,19.483784939814,4.30500062492699,53.5913874065728,70.7448430700275,17.0387642269962,45.8134078088938,58.9689728140226,15.5199993307179,pinky
50.0394130333755,60.6138242410769,24.2294889146388,17.9808584518261,22.5589639138513,6.77904124403285,58.1559450974803,75.1519935722043,25.2277802317643,46.3100038754392,59.9103975850825,18.8119331697626,pinky
34.7910876066278,47.9314258966177,20.7345696093148,15.0593781031671,19.692272996187,4.64237849527103,50.7755950791649,66.486080397684,16.7008944176349,43.2687349568821,55.8553503059203,12.6064981283865,pinky
12.3844180595748,15.3322304597349,7.71082610227331,13.5392995757892,17.2110288804607,4.03183448901425,39.0222279708565,51.9323403952153,13.8374164770515,39.2605985006437,50.207009948571,16.2366081712994,pinky
28.3810280299703,41.2290335237171,21.0594534005002,16.0373090234642,20.1887581008329,5.54100490877291,44.5637442410162,56.6758802085306,13.5533762026565,37.5569606038853,47.4320251576373,12.8371820931038,pinky
51.7677455294639,62.4437824022283,24.5288560421734,18.6841812272673,23.592837521667,7.39735967119927,43.972800445134,55.0787844304569,18.9714606767478,39.3462317799676,49.1941640737321,14.1831210415591,pinky
34.8887677524764,49.2397920377712,21.121493863105,17.2678794692318,22.536424266204,5.81187818077759,38.3111720912596,49.8676400701358,15.6990055124493,34.2300831208419,44.5661847739513,14.2681152602901,pinky
12.380963316514,15.6833403061646,7.5516324246657,14.5725449623014,18.9046676719846,4.57947645275051,34.8902932581217,46.8305947941969,18.1729469424539,28.6564505627042,38.2758483911538,7.95676809163042,pinky
28.044987677451,40.0623886999769,21.2895476940327,16.3601927998881,20.4815943336102,5.21382754324912,29.0360621979467,36.9913984454513,7.90921491245771,37.1000491029508,45.9533499017381,11.6926567971479,pinky
49.2317809062938,60.3231339716866,25.3333682728829,16.6927052988363,21.5276649882694,5.66615485498908,33.1202776388981,40.8718061519647,13.5645212076258,41.1970865697434,49.8798831164468,15.8015316707884,pinky
33.3230569995378,47.4313869190946,21.1460628101896,14.3736242801622,18.9239227749016,5.06645404331135,35.2994319074404,43.7497354069925,10.0669046536628,34.6956444555119,43.2598601018847,10.1775146469044,pinky
11.6082243815301,14.6385353635797,7.16870502253982,12.5751976693162,16.640864886032,4.58608547652742,30.2123740989683,39.7103035557061,10.6431827235319,31.3297178952776,38.7741393457685,8.98455831486414,pinky
27.4797081914732,38.9754210387849,20.5814638008445,12.7896316211074,16.1210357834174,3.67241849897339,24.9881885410288,34.390312597821,8.89431633645381,40.1557171048008,50.8945587667508,14.2985457864394,pinky
51.5611798951519,62.0091986442278,25.1410324251391,14.7488798080851,18.5141438258745,3.90706783960362,27.8966724593206,38.3793388737853,8.95524301042475,45.8143102463634,57.4312154441098,13.537259222706,pinky
35.0399078929262,50.110710330452,19.9235891489271,14.0893616498085,18.7159713087596,5.19730061413794,32.6649313414649,42.4801543838839,12.8887524638125,36.4999510136349,48.0118248354372,13.9121058507737,pinky
11.7396541804578,14.2387925523942,7.40528166273641,12.851379362926,17.0524153803982,4.20313850825151,34.5090920695116,44.2189531205429,11.4030081066992,29.2599732806659,37.1234733349829,7.87868576881182,pinky
28.4626645995652,40.0465401080889,21.6165586238981,12.4682065572936,16.1245529508325,4.24359376451681,33.7833125670468,45.1970209770545,11.9077010060512,33.2763453185853,40.8385504934312,10.5154676842849,pinky
53.6900790435688,63.7848856530134,26.429892093837,27.0685146956731,38.429062608157,17.1139772420542,43.3988204687604,56.5301401198728,17.6711798739125,47.0034056666592,56.697527756242,21.3416779477271,pinky
80.5306513357689,119.047713305241,54.71556361297,128.71839052934,258.580402331794,93.8644460574808,127.83220050308,242.414964291501,78.6946645020742,108.863524553269,193.272970145926,76.0692397176383,pinky
167.860201773033,463.728633229224,69.6290252918114,545.457302492048,1526.64851525299,251.707222625767,383.744787957408,1182.90487368403,161.082647723734,394.534569873942,1052.20866971954,167.531031056926,rest
149.840601403203,454.129579268681,78.2071806498412,459.72330443995,1505.51706894856,244.455967199031,300.0955956714,1159.09928507055,165.409772346418,358.784327373446,1038.08514212482,169.385266463751,rest
66.6800393999394,79.5347647726806,31.7100738218241,34.9018910395239,43.5892012724328,16.6860720632086,21.7000390678294,30.5894240929342,15.944989500849,97.0768572449666,113.461461529965,42.8180055684574,rest
71.5426997049963,83.3333037651254,36.3593836442093,26.2252993894306,30.3733300740553,13.8996014920015,5.89238957096442,8.0010004371894,3.70531078499753,104.388720900089,119.382626422705,52.7154852881822,rest
71.406175317677,81.4433844042812,25.890822514943,25.33603850432,29.071010310235,9.34652509967798,4.19092392374362,5.60522860154584,1.27870272927798,101.949532686229,115.677880497234,37.4710103417924,rest
73.2637136133206,84.0863808097367,37.208539825332,25.4814088069368,29.5310475498033,13.0787072981705,4.32518462624774,5.61500971354131,1.61735441027698,104.006001463041,118.429219641507,53.2215158371945,rest
73.9930039112281,83.9226189291928,23.7237471976822,25.9921516316696,29.5934692907864,8.48186694648523,3.69990004263164,4.74848408335256,1.28501657353012,104.93393440659,119.123622313341,34.197538278461,rest
66.078399437193,74.8872098669439,22.1496152179728,23.0930010890823,26.2191838803221,7.83247675884489,4.31657100870695,5.94787219137809,1.25458432043956,97.5945001391521,109.079590004406,33.9576690204353,rest
72.0755842794901,83.8801094189599,25.4289742499104,26.7960404560598,32.4660463706954,9.08742139785134,29.0771162646368,60.9161863874777,13.1658100979783,114.128644285934,139.133881534169,40.7788855681333,rest
82.6569642326683,94.6203060030174,36.6156253688245,30.8764513819771,37.3218670429457,12.8317295816517,82.3568689432664,124.347622286933,37.069504309912,120.463252589353,147.599239481789,44.9010384610187,rest
77.6375004370635,88.7674345476249,30.5640349732389,28.4904123858273,34.6027456486077,10.6936225006971,79.5330906884702,117.319731659411,31.1429118473183,103.715958938771,125.181457956932,43.2247516021706,rest
74.4168151768129,84.3954526717496,33.5516731365457,30.7556019083555,36.5633909306909,11.9726900014613,44.6564652879266,58.7366551109103,15.5219779830924,105.993721553892,125.00549903016,45.9924740714868,rest
79.8787388252515,91.0229112094931,26.746498966878,32.2165062792315,38.1418351748918,9.8611114594239,52.2092332699847,76.9464392571978,24.5133860835596,120.941751835478,144.083796823058,39.0890744799813,pinky
81.1234890221534,92.9179515513382,33.0150948364716,30.1150735613316,36.4343247873057,10.3668032114186,84.1206851054144,125.148367783344,38.7557363994528,118.981823329196,145.26711243993,41.4345655114556,pinky
74.5258552908609,85.1363331365257,31.903776823006,29.0189159064935,35.0570846911688,10.5083262294738,77.1149252677279,114.738917473448,28.8670948165473,104.060815130374,125.655543008755,43.8004843412036,pinky
74.420529662804,83.8256476677671,30.6405785851679,31.1624520728102,36.6437784182624,12.9091326578013,43.6600230357744,57.0867169065737,15.1767311585834,105.417004272662,123.216913333676,41.5914973153444,pinky
72.1147437095556,82.1838860606471,22.7279223836346,27.0349936119065,32.7129453259372,9.07146782206834,46.0566301057975,64.2078542687782,18.7331208135814,102.336801544573,121.412978994531,29.9463081575579,pinky
64.5203207224352,75.6038021576637,22.8669074815028,23.257213017851,27.9865671352336,6.95900491594422,44.5597899160326,62.3252787398933,14.1750584121293,99.7660317015275,120.277356531502,35.5380931959502,pinky
60.9008924006505,70.0041116475391,22.6649061003237,26.4275146356933,31.7174971625284,9.05181264531103,34.660877573184,44.3433150412062,10.8073972128142,95.5394463008089,112.749940562563,37.2191498838072,pinky
69.6856191628926,79.0774369028848,32.8342777675283,27.7694520536654,33.3444629861657,10.9873978058505,37.1678787795336,47.0874245146572,9.68828824262947,92.331147343489,110.205396045115,41.3623124516746,pinky
64.9353050763325,75.2643460229681,28.9842762240176,24.4972985624051,29.7401562036138,9.76397406465609,36.1537528550098,45.5743396572846,12.7731304968422,86.3111577346537,102.404583402343,38.2117125811058,pinky
41.644796223991,48.3528760330305,20.4426087972701,17.8720350944604,22.1452159949677,7.31165337212217,32.4380620956678,42.0683245187298,9.67935975859299,66.82798800474,79.1772916608878,30.5995369000815,pinky
52.6496364579093,65.0483442477025,23.0032975025888,21.4709603815625,27.362842299293,8.96762793381439,33.2434242641604,43.0388269004093,10.8468100886323,94.1771454585662,117.179155512947,40.2843399981899,pinky
70.5097972366729,82.5804086719873,27.8335548801456,27.5059462302308,33.6288982613453,11.017043726136,33.1941117960085,40.192900515231,12.7470224367476,118.003992753793,138.74599072633,44.6523445819508,pinky
69.3616488880162,82.0511755852118,36.9323275048503,26.6191035013197,32.681994001619,13.0232815310066,29.4054834124916,35.2328871668875,11.9213437455027,110.792140705232,130.130445065582,55.0057757273007,pinky
59.2002045803152,71.6166317481538,28.5623074524746,22.0859349866145,28.266697597627,8.46674436406392,23.9461156077448,31.2183574594369,7.12278841988081,93.6043758571345,113.410004916867,38.8264995935899,pinky
59.4518347876075,74.1525465856686,24.8460421734242,24.9845099465513,31.7127469860039,11.4638166074779,23.81757818588,32.0166204325467,9.22266233391198,87.5327994290111,107.479375755012,32.0124472513605,pinky
65.2304772398379,80.0385128938181,33.3588674453772,27.8486789518379,33.1463941682778,10.6758100115443,26.5821958034515,35.0115328359394,9.80533805078286,97.78236996844,117.170168360913,41.4497196839993,pinky
65.9283449313931,76.593240229525,25.6886087735446,26.8725362117112,31.5669277997356,8.955823831465,26.0204352153446,35.4876315847136,11.0125963305799,100.879027708736,118.624298463032,37.3736854151414,pinky
70.5831009430424,80.4422950032502,25.046857627423,27.9471491221527,33.0792302644365,8.43571840488034,22.9759663554641,30.5012399247757,8.16555073452116,103.825172914737,121.171075926681,38.3851764722612,pinky
70.8400625188534,80.5741896105043,30.3662227068794,27.7356932066416,34.1852355490045,11.5402452274072,25.5727938507959,31.6489597649021,9.65059090654388,114.320310806161,134.389688043041,56.291551068865,pinky
105.920398964431,161.580168486722,52.6036205239514,115.722057171003,247.135165482788,71.8549332545943,81.6914595699057,169.298310025897,51.5399626262777,158.24284748424,277.661104950113,86.3087555459155,pinky
262.214753515614,749.675817735194,108.345853612389,398.816849637144,1199.61654973356,158.266932067613,268.197763376045,818.97941608009,108.700905635171,354.968313184129,1038.88104288948,166.366553261032,rest
218.747282161874,735.496165677708,103.800053368373,321.505296484071,1174.81556404325,163.449085225017,213.388881132286,801.960593465542,111.695148559179,293.572342417774,1008.05041790507,139.6601749508,rest
45.8311044472238,53.1326339226231,22.2883842579117,31.4675327017857,41.0461819767727,17.4420576179843,16.3747400309956,22.3573531310506,12.28138338154,65.5065310586928,75.6426176795335,33.4092914291992,rest
38.0435120053875,44.3288098509074,25.87735233364,14.544932449284,17.5705179598317,8.79651429563553,6.25819784656137,8.31270164923366,4.06992902480454,63.1846428573759,73.5033198633329,45.3263012552939,rest
32.8799729549065,38.6385522308903,15.8205409984684,12.9933351986465,15.3085780036083,6.26358773297331,4.12977241745742,5.45734596933462,1.07483720162874,51.5784250047583,61.0502395010834,25.138222416092,rest
18.2424679172778,25.5380037285077,13.6943504829488,7.45357934624217,10.5315797469318,5.6301613614734,4.53499852675117,6.55735410912677,1.66099093610738,27.2098640289646,39.0901153303311,20.9953434090839,rest
7.53889380510701,9.08941926174732,4.53217070684577,3.43173374833726,4.11696413327484,1.82092304005183,4.51724886668166,6.85585545725671,1.46010759765936,10.249619815828,12.4181550673069,6.75557350275494,rest
18.3243775218306,25.5727786133011,13.8092115608633,8.01215748456288,10.8287979702347,5.89288019356151,3.84928951125392,5.54224969127494,1.20716504807462,29.219376921378,41.0391642720581,22.2300460786286,rest
29.0377147118185,35.1898664736335,14.3601036967678,12.1743701513895,14.8675340835595,6.05050620941232,3.96374759784259,5.24703542663023,1.25194801532382,47.5021724279061,56.5315057095201,23.1590041220635,rest
18.3783574280138,25.8210221421049,14.1108378123878,7.69526363321078,11.0104266841094,5.87660738732201,3.88415466081586,5.05028541242593,1.40662407874906,29.4187492550988,41.086541956109,22.7156325381726,rest
7.75769575271221,9.13488340496149,5.13378203379765,3.27634124590367,3.96606637526953,2.04276171656448,2.98020021312198,3.81470492186541,0.952797578146311,12.2855721468949,14.5725015809639,8.53519796162066,rest
20.0295954162717,28.1286979982199,14.982911566795,8.41003144347086,11.8209925270027,6.29509367686501,4.24393918768881,5.85046685296086,2.15503954424801,33.6738755760752,48.7068847939773,26.6064880975415,rest
38.7973501578979,49.5796116986083,16.6007754060831,18.467320230018,23.0259480800104,7.40561858570801,26.980325871422,43.3954663014545,10.2005597315572,64.0711209595278,82.9696381851327,30.3372728422053,pinky
41.0391585114292,51.4780417975751,22.850331141715,21.9696843346582,27.1521631496031,10.9884614706104,42.1029925870074,53.5053545614168,17.7558855910466,70.1115342554753,89.6794855811123,40.549377466541,pinky
35.0093370546767,42.4037240159583,14.6973532947726,22.4718606974059,30.5156229101649,9.10027054398906,40.9907631530222,51.4236071006563,12.6290779003085,59.5587951724704,74.548626397494,28.0630906708581,pinky
23.5559154285105,31.7925293983622,10.1655164788493,19.3056815063488,27.4384116107372,6.07303637093668,40.6886833451238,50.8025480650317,12.328642732665,44.3573743784269,57.0088114683586,20.6596924396575,pinky
15.4741667431397,19.4600155333773,4.62287088150407,14.5856579304049,19.0797395449353,5.12855225274341,35.4395726615365,47.7477738493185,10.6962346271976,34.8616484567045,45.1022785880782,9.86769062513986,pinky
26.6560766291077,33.9761073371112,12.4205397094416,18.9323272888565,24.7083692952186,7.47582362273999,36.6344408766919,51.2540017870906,14.3227383943579,46.9693119735388,61.9952588449028,18.5822136558842,pinky
31.608147501847,38.5464705890163,15.897402250593,20.0309796068172,25.7469794963104,7.1694358267508,38.1602945743283,49.8892084136073,10.564863018116,56.29618421827,70.1540229112472,24.1066030777923,pinky
19.4323476785501,25.6698700681716,11.973960742313,14.6594065637752,19.9043720733525,5.72338921985177,32.5315167522094,42.166448515133,9.1976751174521,39.8997177606835,51.2715701619234,19.9934779525123,pinky
11.7954424795049,14.1186910801849,5.12727488684768,11.4660845800423,15.629636774011,3.25792013277354,29.2790569771826,37.2569377043453,9.58393492629473,28.1983648765078,35.0141535858417,10.7169957802371,pinky
22.9168391533705,31.4909236546932,11.6122407052605,15.9089176678287,21.2374812746119,5.74854251465619,31.4908995383028,41.1120569130597,10.6872763827256,45.7262505159582,58.6944235220512,17.8654482298429,pinky
30.3511979213864,37.5953449116161,15.1847511375588,18.1054016052524,23.4619007283076,8.59525925362147,34.0232620127891,46.2753338732527,11.2010859303936,54.7990165636349,67.8628229729728,25.5488807058489,pinky
17.4029587896864,23.8058248758062,11.4977223026954,15.6989751424047,20.9979465884295,5.86333598659003,35.882641211882,48.1593834933568,13.2783162006304,37.335237994373,48.4252874043818,17.5430488858079,pinky
9.15240998794633,11.3145975163899,4.20964577044511,15.120585748767,21.0352392515465,4.90652755188202,38.5264218479252,47.6030583987162,13.1591721791527,30.0555677835648,37.0881600402634,9.43559461252966,pinky
22.8659865335368,31.9793101245004,12.4898544803167,19.2844638889848,25.106267049577,5.97437857686581,31.7268083949646,40.5669479825368,14.483088772995,45.7572115056194,60.2201722402804,23.7591643682146,pinky
31.7263822438315,38.4002557722648,15.2142179278101,19.5286085286129,24.5369339949511,7.50865878431609,28.9637112764776,39.9669599822951,9.98287854914761,56.8389485752154,71.6129837411856,26.4482739904393,pinky
17.718187044126,23.9586111418056,12.6852284923037,13.3708648569348,18.0812361806665,4.88811348907386,35.5535771305561,45.367239774105,13.818389933638,43.5786481954,55.7000761245923,21.5971609991432,pinky
9.135437791327,11.2579920585291,4.88836598428876,12.9394021045158,18.1412044790755,4.80264232218535,33.3944355683504,41.5237483469221,10.0846382837815,33.2646786966624,41.8071108501395,11.0781769254896,pinky
23.3152952408645,31.6886998328012,11.8670742746005,14.6081350770704,19.2053942084477,4.43444406582541,26.8752445648519,35.2364314065502,8.03579304302588,50.2756387840984,65.4861412017738,19.4890560204313,pinky
32.3727275440818,38.3303797766511,15.2884679871374,15.6137284314411,19.5987417474162,5.80800855700837,28.8334307956675,38.9043986256112,10.7882465511977,61.5106113954452,75.8804207156369,27.1554728693113,pinky
30.2307606275469,57.3110868611137,11.9017106116968,16.064142257794,21.5107258175365,6.26582410307904,51.1537992545837,83.8834988559425,24.8661938027403,142.457508463664,256.15710606088,96.4120689427185,pinky
101.460514973078,295.627317335507,38.9439920444548,30.2994964673859,67.7602721154004,10.288769683455,124.483340644855,374.376391695579,53.0016295175537,363.708128540361,1025.90672523059,155.619438885728,rest
93.9733958248567,291.320265927675,40.7809112422819,24.9613267017494,65.9210437425017,9.27598663528071,97.6255674134704,366.500054363663,51.4397371472346,261.332432164283,994.856165528677,143.763020346999,rest
13.2858307414301,16.4250677647639,9.86301919802402,4.58490661167333,5.51283727056557,3.31204158299327,8.40567373661441,11.0731984942343,5.37830420086331,15.6606152565545,22.5070981004611,7.95468319868972,rest
19.288476215135,25.9703076399714,14.7249600513085,7.78862698433627,10.8315861111642,6.00442112212508,4.59096521853817,5.90370069968749,1.61252867104466,27.2856184558254,41.4533650857417,19.2858221516176,rest
29.9864714652849,36.0116806833921,14.3375870641751,12.3341873543035,15.0203032689396,5.97853738238687,4.68920540542566,6.31449986992513,1.39063354872526,49.7062525736753,59.8054328243243,24.1351832928194,rest
19.117702672078,26.891873760102,13.3250013346775,8.00003878125375,11.2263314336872,5.61013708911422,4.34403998772325,5.93794733028467,1.24766594345299,32.6028671964224,44.8988205061406,22.4075515853109,rest
7.38799881037007,8.92281854828693,4.87870387993836,3.24924341090148,4.03993115539243,2.06626549898865,3.53460239406724,4.71836340150306,1.17327592554526,11.4941240711004,13.978068232247,7.38682635164033,rest
17.8626617566242,25.2424338736607,13.8688886372127,7.39363595124784,10.5329871422959,5.7030159082316,3.5551435257226,4.49814451822293,0.937260311239292,29.0141897175297,42.6556951595025,22.5357053353782,rest
28.9246077821329,35.3282899143751,14.5734313924115,11.8662545007855,14.5852937582487,6.06896945858457,3.7804955158964,4.73709859257961,1.26131793930463,48.7374805270521,59.4417854116875,24.2201141687585,rest
18.5256792394065,26.268831901783,13.4681711935345,7.68658514795027,10.83895883591,5.51467335138516,3.53705790514474,4.66134692887093,1.15206036748252,30.6628216418746,43.5232124004729,22.3548416720822,rest
5.10657228033675,6.80432027103755,2.98504561506874,2.5475382879436,3.3281313976599,1.30311580009573,3.48034688328236,4.5608678572058,1.05645865962957,8.45426140542272,10.9010319442474,5.59164582431462,rest
2.66842565857544,3.44171552811047,1.10232573541941,2.05206266441425,2.81707063725746,0.663128942837219,4.06936938634229,5.36298047980028,1.07081184372364,6.54226547199649,8.44944248012139,3.20593187754714,rest
5.95659303228543,8.61050793267789,2.99130842361922,7.69194112112202,12.7137458012229,3.37796290452718,16.724278117555,26.365436474728,6.90301723365435,17.8249193040611,26.4495349890937,4.90652380621118,pinky
17.9732438115105,24.4722465997277,13.2960186259167,15.1318642359626,19.5906881433899,5.38428516520895,26.3956857794361,34.1425993621341,8.32498763114115,44.6817829827742,56.8162293068769,20.6547611332119,pinky
31.228831854359,37.8713333626838,14.8942023256039,17.8878286756324,22.0428835581192,7.13552393502014,30.6851915027948,42.8010022160384,8.68549519156776,65.5449478623496,79.5774648100592,30.5030250211228,pinky
22.619327163114,31.2177976119734,12.1985676503299,14.5608689016208,18.4053234814474,4.29216512344099,30.1108610493762,42.1448907899252,10.6383644954916,54.1604180011049,69.2024615771927,20.8777595815255,pinky
8.94404522352186,11.0934720637312,5.08127769886536,12.1542071625644,15.2433823568746,4.2678296669319,22.2938505309823,28.7299424530602,6.56902051017842,33.5264606554257,40.7886301166418,10.3127166135567,pinky
18.3524448654941,25.7146962676326,13.7602748840704,17.247246643746,22.4894732806476,6.13083652693886,21.2382725954073,27.5770496719172,7.48540999835834,38.1781200628926,49.0601071917628,19.1618215381016,pinky
31.1123103017148,38.3174205747546,15.2109467095883,20.5402650208353,26.3311667670664,6.86353829320182,21.0816261132383,27.1029027818315,7.64329435714063,52.0217584938177,66.4020460893371,21.0873647645002,pinky
21.9521262583789,30.5962095688769,14.0858131493504,16.2736022599321,22.0677061467939,6.92721832781833,22.0175088077631,28.04868656715,6.67193648406771,43.2287210966319,57.7802382103566,19.4136022684833,pinky
9.6336711020139,12.1187365369318,5.5377381945692,12.6403059357297,17.9725408255241,3.97125792060707,22.8911401681606,31.1262879597955,7.36134853264703,28.6845632787593,36.6412983931666,8.97011443674244,pinky
18.8824884815941,26.6464396963762,13.5880571769749,14.3038646289202,19.0578341654974,5.17176431011838,25.2393167524305,34.829145743178,9.26980024130277,38.2111926915894,52.0386811735733,21.5294586933057,pinky
32.1396595569278,40.3784359811062,15.7125205722997,16.6211907596849,20.6029926885038,5.11083094862172,22.2000866408767,30.6146973854449,8.64521225042899,50.5871531964956,63.0398573781539,22.4566686414912,pinky
22.7577114676556,32.5147749479217,13.7196707912608,16.2402927038317,20.4156195237642,5.88949608778019,18.271268192672,23.3310118938904,6.4227140401864,46.3927630941697,54.2339227309063,20.0413025883983,pinky
9.49991181520948,11.6203384917441,5.39240570261429,13.8475021643748,18.7815538981636,3.91858695973895,23.2071456587489,29.1492253203621,7.85701461665605,33.7556388510729,40.7614894370382,9.9661023483539,pinky
18.5335813396563,25.530068839343,13.5591298072792,15.1919847172613,20.8300284052491,5.90358943053982,27.4077017947734,35.4405278588742,13.2336678584254,42.0544750848663,55.0929456793516,16.4766769921421,pinky
32.4337709573281,39.5199029892449,15.723194711793,18.982777021768,23.7143489215837,7.85034907156358,28.6648238996583,38.0767051793281,11.3245721184345,65.0014134864331,79.422135490993,28.6410451267126,pinky
22.1977870954461,31.9640056629115,12.7321958699127,16.619335575855,21.0050996478137,6.93633189062946,28.2867035839772,38.0085251850249,9.86585238050734,57.4655680944597,71.7755091155718,18.2766451149257,pinky
8.38192079043845,10.3926526243896,5.10681264231152,11.8624324129194,15.9113827375981,4.73013331448175,24.5631630185592,32.8023730178491,8.33013968064089,39.2051834067412,47.164625540156,12.067333101954,pinky
19.7777974794925,27.1496049611955,14.236499334968,16.175784272201,21.5936159588515,8.00076018438334,24.4200928300954,32.4529879584893,7.22427800532579,43.5373845200686,52.418122524752,21.3346011448235,pinky
33.1780377505121,40.0215756288029,16.2575743361865,29.5719348158157,36.869394918262,18.2214807073281,30.7396871438424,39.5483174411484,14.1260929202475,62.1223904609633,75.8891912385921,27.3922924618876,pinky
35.0037724973373,46.2236774771746,22.2825014536942,141.413718348783,309.803428373251,93.4978567683204,101.785731352622,215.037856915526,62.701436860431,74.2522638465105,98.4462640863498,46.3819801421435,pinky
56.2584183922281,161.303655469208,22.2670166359342,481.569372321579,1371.08041658469,209.815544224915,329.934620256177,902.509761210343,147.076554556466,147.429279846987,386.89208042418,66.2502262106694,rest
42.6279339709386,157.613301284658,22.5323778190941,380.414121732538,1336.53173936815,194.005567841024,260.006913127485,877.391306547879,131.188577793259,115.695339269978,379.573635334469,61.0358836667299,rest
6.00808559601178,7.30254754515808,3.69146902424227,26.4592349133647,38.7731886927529,21.1207747087466,18.8890428655371,26.1345361518275,14.0035272210316,9.88109048386075,12.0487081719971,7.00241093438708,rest
10.2262736506473,14.1402549881574,7.34679547994317,8.80484598410107,10.6565647924981,6.1849897816783,6.82725214613084,8.99253287125773,2.75762005527771,15.5142039617184,21.2255382018899,11.6824874977171,rest
37.3144451563696,53.564192970202,19.9120665674451,15.476134749781,21.542023565029,8.26933097358482,5.88504844879237,7.87876227447223,1.7164659372908,56.9839668859789,81.7603867700617,29.4484577345855,rest
36.5240383601418,52.9999526971976,19.316577055248,14.3528545814269,21.144262598906,7.84341922443931,5.63770948284126,7.73974302325572,1.780839998114,55.387480883506,81.0515889479936,29.6105032768551,rest
11.1548865937525,13.3904582305816,8.05987533856305,4.61891404716017,5.69056421236354,3.35337821725544,4.33143575626662,5.730037100963,1.25857736213707,17.6935047023204,21.1807883778412,13.3141972165993,rest
21.830725067767,30.4020064000161,16.5624124816214,8.93627696096879,11.8871054763922,6.60821685562155,4.41703072977712,6.01852849748582,1.55602051531468,34.5353192568964,48.8915165223083,27.1859418985883,rest
38.8284871503602,45.9836226976598,20.6071275069202,15.5570659509623,18.1061665629787,8.31758449891593,5.11068701360615,6.3906615272598,1.55933233112833,62.3764696055464,74.8166736214478,33.938142276023,rest
42.0816489516563,48.5652920734507,29.6639138093234,16.9632768688069,19.5253058861461,11.8032353428514,6.19643153224089,8.11180807692124,2.75491839792914,68.9548584350446,79.1953782181727,48.2512399615926,rest
40.2324039880345,45.9573107056742,20.1319190881823,15.9681492335708,18.4472864810112,7.9119170072579,6.35534943793113,8.5727810634384,2.44662805881881,65.5587334383884,74.8271538581589,33.1273826214041,rest
40.9816591327795,47.131123580775,28.0470090843018,16.0771331999833,18.6115785670481,11.1064469504742,5.67480108259612,7.20147395259661,2.56838998468532,66.1607415739953,76.7598510085172,46.6134606416064,rest
39.8260457844302,45.8318241614867,20.2923423490552,19.1871386228338,23.2286937856054,8.49384038756487,17.1144147429125,27.8961134780803,7.72463340355443,67.5660580661977,78.6552277956365,33.3919638912261,pinky
36.4762340213673,41.6123863826317,25.3701204337299,20.8676235978851,25.1108490439273,9.7611797211021,31.1639149630243,41.0196581618114,8.4536576671014,66.4559208389896,78.8599135767287,43.2484268797967,pinky
32.513862917962,38.5147857689292,15.9513613416467,18.5726665422637,22.5839186270212,7.25663418947281,30.3140737004252,39.461364017327,9.11062176841588,60.4190043545524,76.2519663899242,26.1663425985611,pinky
20.9327586692897,27.8042142211075,13.6527708828576,15.424860134995,20.573159949503,5.47177340896423,21.338673476615,29.027468897347,7.607397949953,42.5494548097081,60.7074334894579,23.2469237321515,pinky
11.5857834534199,14.9317752863932,5.15701693338656,13.0748434232225,18.3057628878639,4.3133344297155,18.7090184860023,25.4618076952245,5.03960340470792,29.2352264191286,41.1803973380619,9.44946589717163,pinky
21.4058242666117,29.1774724613181,14.0724773029019,15.1380118302898,19.9361375554276,6.58437199371845,24.126153048031,31.108550352667,8.08832302386421,45.8011875638052,60.661447020914,24.0817715392935,pinky
31.301968221663,39.0683063766901,14.9461074159115,18.6314581965575,23.4804300157259,7.03871628118393,24.8815912134987,30.8273360103943,7.21024352727995,62.035379842342,75.8215795104435,29.9049286550686,pinky
20.5997267420087,29.0292697736423,13.8400108320283,16.3641627014612,21.3480539345005,5.71426924643642,20.8955912474947,26.9414446844091,5.82905730362119,45.8695654937462,58.2867121290831,23.125274791289,pinky
10.7977488721017,13.2048403605825,5.14831406021953,12.3993745614543,16.4132237440436,3.58026774243947,22.9655999748043,31.7208634550197,7.59018711319576,34.7144564847792,41.7014783722016,10.0691485162945,pinky
22.1069068864463,30.2316202279525,13.806673855423,14.4985590194407,18.7614415991678,5.27026438157667,22.1670683612371,30.3598671021156,7.76221703548499,46.1612888428186,56.0463033437975,22.3798074450158,pinky
31.718679015183,38.4253006551864,15.5464861428992,17.6993834888918,21.7908582612355,7.65237321182939,21.2951089420656,29.6699400181518,7.58102699213274,53.7892486280569,68.6520146202504,25.1848793263298,pinky
19.1665206572391,26.6353450262601,14.1869144422206,15.9812375278946,19.8343027904777,5.65571936849394,26.7974469960041,34.86876784925,10.5996582761161,40.6383356021828,55.7869596219664,22.8699729592815,pinky
9.29487736565774,11.2117489108947,4.95906676860766,13.265977633714,18.0691755057527,4.91904924320285,23.2493407688962,29.5473935824891,8.16911077148246,24.3967152169578,29.7672420248757,9.64968594391916,pinky
21.1451909564848,29.2253457034406,14.0481640337476,16.9026450038673,24.4605145744198,6.80650513183807,20.5246893972745,26.3237840708466,6.53095414959815,39.4995546783482,55.2779065170306,23.9472437824716,pinky
31.0895955990786,38.597679420937,15.1353914825996,19.4881797196337,26.0403616974859,6.87347215961637,22.6451419831621,29.6547527278415,8.74615565810788,57.224884314779,73.6614461601178,26.979180716574,pinky
18.5406361504106,27.3590736578239,14.0892243742489,14.5676411209006,19.3449506452249,6.53931435930391,22.2885193298428,29.5156508039612,7.83504214552482,39.7757838666446,56.309968901234,25.6499547069746,pinky
8.78720109438365,10.8300319412336,4.97519969267407,12.417831125546,16.0946606872643,4.03300817293619,20.7776941223922,26.2851962191056,7.04797179743946,24.2284347570268,31.4003424018763,9.67113331978091,pinky
20.637688114734,27.8769081296594,14.0102126432845,16.1490531301293,20.3998259284262,8.03611771842097,22.1901914768071,28.2985414938939,8.35763952793723,42.1002843043671,55.5735150477686,25.658661843825,pinky
32.6665067849863,38.6336572188233,16.3920932534931,23.1228266376095,30.6290824975859,14.3309546054789,26.9500332829446,33.8679286380159,7.7755161453805,54.203247162801,65.1713533781693,23.2399694412216,pinky
60.4706172957742,116.741847687329,32.3326723462652,116.10647010499,233.346938152161,77.2735221789352,67.2763709325892,133.680925421473,42.0893175030748,152.035005679515,323.277912563806,86.4751392258024,pinky
196.131384746418,594.817348437163,79.5132614989563,493.863196541466,1391.37634570389,225.790276661292,203.56438772505,610.789947831693,87.1380649529481,481.030685829296,1324.63131884762,217.768254439154,rest
164.75450092516,584.284840476218,81.9902052748804,410.198774304319,1372.2926085301,219.446059046821,159.864525779498,596.733404891418,82.3642704954099,372.583370232379,1285.64510057502,192.574727162475,rest
16.3538207934485,21.7048130300367,11.2277138583851,22.0558470532021,33.0413474636995,16.8467114483192,12.1274474548499,16.2268516974941,8.70999662639061,23.5743535897208,33.5214188113272,15.3294215705185,rest
17.7719448612876,24.6867551916876,13.1851843152556,7.89392273673123,10.8171673812302,3.56913563887711,5.92907524410849,7.42456109519411,1.97231829012286,27.5988461828601,40.7051180125253,19.2582020630349,rest
27.5073546759288,33.9913759286083,14.2126178193345,10.8954166885211,13.8466076411469,5.51876165619372,5.87464428843345,7.57614320877519,2.5556318663292,47.2813473182247,57.6012334114157,23.7763223753904,rest
19.1895224636587,25.7859527603118,13.3738295600705,8.06566693681111,10.8859609310369,5.6954301821159,5.70968242989111,7.72730444629191,1.81548355973649,32.7326904475081,43.597261219009,22.8334145457883,rest
18.0299901983058,23.1875231275267,6.16881534283091,7.29708216665113,9.29984453587696,2.61898434970759,4.95752764150235,6.51108315932029,1.35085240708954,30.2035005530424,38.9791711576877,10.7806884814295,rest
25.7481007144544,32.2488959538638,11.8640066270631,10.725731805892,13.3404906462189,4.89645650450448,5.04779281237398,6.34275619696029,1.50765385603788,44.1127228191799,54.6121644141841,19.2530664273386,rest
22.1604130964041,34.1123257648187,11.0975337107099,9.04373986001882,13.8917562825533,4.72669452057754,4.71243042235109,5.97487501890668,1.36866280092713,37.3412824375742,56.7655545433589,19.3085715515856,rest
11.7683502309839,24.7421212315727,3.72633184520716,4.76066452262514,9.75211942560136,1.48621148228964,4.59614505971177,5.97461243167898,1.2212006988026,19.0609998568009,40.3877393798126,6.94175532487586,rest
6.86737994022782,8.71431071148555,4.62790839662328,2.84049434623546,3.60732109342202,1.91560255422687,4.29271521086647,5.63268949359659,1.40643294353978,10.7271594772046,13.447216758328,7.98506932169651,rest
22.8590622051943,31.4773798011494,14.3283573207276,9.31551324956085,12.9406521810745,5.83949834359485,4.73173768227829,6.1709459331377,1.49468744203803,36.3307310880393,50.9663692075212,22.6168420756521,rest
35.9769751700535,42.6035374401733,18.051038113216,17.212536226146,20.7811346903212,7.69939153845817,14.2402384384649,22.3288267640728,6.11075894560754,60.8530393034124,72.8908997311314,28.8145495242811,pinky
34.4836819551541,41.7210984024808,25.231559794275,19.6776385837662,23.8285226084372,10.5882044571404,31.9476200502523,43.178973812523,11.9305483636824,62.5348673298375,75.3321629131398,40.0721005121766,pinky
31.9476838764176,39.5742754804712,15.8826440470562,18.9441701722457,23.1930123146878,7.30533355701081,39.3468708718017,50.8864307946471,14.0193449491346,61.9136620491017,77.4863245820761,27.2880653774686,pinky
19.8181846968173,27.7641043380174,14.064518425013,16.2071795730819,20.4681942975485,5.90325890061474,33.9684063805473,45.9937827431006,14.2802342687779,51.2147873080115,67.2082693163762,26.1863002229773,pinky
8.74500252573031,10.8234321876151,4.26121704710551,14.7481433606938,19.0677332093619,4.05711604408588,31.7363855670109,42.4596734690382,9.43557131207311,41.1965423390663,51.6757064148012,12.8159378469577,pinky
19.7609644054024,28.228654501852,14.377066576949,15.6080890348292,19.0946012597054,5.04546355530211,31.6659052235244,39.180668837343,9.64338128101865,59.3106313450663,72.1898486563987,23.7895803018593,pinky
30.5375776927764,37.563661351913,14.9614640601248,15.4894305865891,19.0962704105891,5.78014390335903,28.4394164142507,34.2310848192483,9.08937094735476,72.4746513868466,86.3371994077557,30.3938508468709,pinky
19.5089384836105,27.2045846114693,14.7683143005614,12.823303246732,17.9162371300156,5.2255121712384,26.5179347054798,31.874438757304,7.02665553187674,52.6800206042035,68.2347240915094,24.8250828786117,pinky
9.06836104094419,11.2209251749774,4.83776942152242,11.6374128003885,17.277144792555,4.51038069557514,28.8982051695366,35.8659559370634,10.965413134258,45.1169259062874,55.6118957107046,12.4940277655369,pinky
20.1372254373254,27.834116857872,14.5728643869072,14.0255170058992,19.0421534830632,5.87576007534363,29.9798524914171,40.985294283618,12.3135870768586,65.3690150147167,81.415411340996,22.3367075036626,pinky
31.3910464079814,38.1735166560347,15.1065954806144,16.8287899888502,21.8335263432495,6.29773923111915,24.0513005422343,34.1661265591475,10.9525461368537,68.5459567571978,84.5051342330217,27.0648801740774,pinky
19.6976463572589,28.0557612157557,14.8547709717997,14.7642069627064,20.0600632959087,5.70455938766889,20.9657600464662,25.9580992173647,5.52866371100747,54.2427299390297,65.9810859709001,22.4273478407383,pinky
8.77891015436211,11.0531122465168,4.27748003341757,12.3598324503483,16.3128408477459,3.67656671164245,29.467614255527,44.9494335350226,9.7905429426889,61.0048491499213,83.51884204476,17.8287794424713,pinky
21.173848376428,28.8160495495704,14.8740145216008,15.2062037803988,19.3544955623443,6.14705689598043,39.5645694282338,58.3053681080892,16.4428257750413,68.9924484992499,91.3325765740774,22.6655675653314,pinky
31.7230698499681,38.6087512383032,15.79040871258,17.206199581211,20.8921724548743,6.21453743206325,38.2913136765207,53.8391970425116,14.3012423278928,64.9208571875099,79.154328245323,22.7410963622645,pinky
19.3996499785988,28.0497150704263,14.8743684632391,16.046077706359,20.3833919767899,5.97193514957219,30.8983650214373,41.7579671125776,9.73728159072849,50.5323074163024,63.7263076142756,19.0807779517684,pinky
9.40551107642206,11.878269382558,4.7513722400985,13.7218848102552,18.7605265959987,4.38246920128191,33.3017786591586,42.3875250347131,13.4033900265673,35.2420360011965,43.2489354331474,10.4779802602337,pinky
21.0880203888463,29.8736469209628,15.1227871332724,15.780481446986,20.5621026132157,8.37748418149185,31.1110780419074,40.3532524233134,10.1938703067589,52.1351606903344,67.9835162877988,22.657551541382,pinky
32.5276969413583,40.0250296342578,15.6273085854939,23.3917674222066,30.1415202728626,11.5930500002129,31.2694660326213,40.5826563877081,12.8391971527606,73.4503562020156,90.8677322182705,30.9805624273589,pinky
27.2639300804258,33.4050406575224,17.7793361871929,104.039442222676,226.292089383008,65.9595958090359,113.345854936152,235.710495901898,69.2853300995145,133.312610281516,238.107429652034,71.2305394378082,pinky
21.026927576899,25.6250642751591,10.14361185083,366.848918347435,1113.45610272913,146.770986378548,369.755755532906,1119.26150065555,147.937080466766,384.823161269431,1093.70484178433,165.721767396471,rest
13.3198131839711,19.0002325072035,8.45304359161904,295.271421820021,1090.959129575,151.777132914375,293.516234610388,1095.12936993871,152.531464306309,311.509818887926,1070.24225698946,151.77392362595,rest
6.34632832944053,7.79749261106177,3.34525041203706,22.6912624355157,32.1586757936112,17.3095245450402,22.3946557861347,31.4987466865981,16.5762777553176,29.649117477239,39.5916992668755,21.9302117257949,rest
16.9126049729818,24.7373234666254,12.901028780011,9.52445722651875,11.7450627109503,5.7246874963936,7.46449457920362,9.36599660103197,3.71240107573397,31.0478895582207,41.7907329555771,23.1021887503495,rest
27.5995526717829,34.3563751853134,13.8732936207205,11.129925643962,13.7754578836784,5.8030710823011,4.59003983868494,6.0839086900756,1.58176252608081,46.672778793609,56.3691326414997,23.3951823562751,rest
18.3196722095664,25.4854460802046,13.3489825907007,7.36938053060991,10.3236709359929,5.31570628145133,4.15748776101277,5.52138890483948,1.43991154120562,29.4075599411656,41.1230594880914,21.6575372397044,rest
9.01771104236705,12.0289523409871,4.0927677369006,3.06080048556143,3.76206077100413,1.75350323059588,5.03100922390913,7.00837907947048,1.6330967952102,10.9064092995002,13.4008701651714,7.19637669074411,rest
18.2962084253982,25.1629021702528,12.0643822594153,6.73647707420775,9.58100305412821,4.99197319185347,5.24358978486414,7.38159845165457,1.63000267053215,26.7145470627434,39.2910274613112,20.7835379964673,rest
28.259916793053,34.2853500433267,13.9555143693313,11.4976994481654,13.8117049524516,5.50041388688988,5.31303115208592,6.918147527871,1.90693232962175,45.8181436248828,55.8789535886822,22.7433782299492,rest
19.0725053920982,26.2704013591657,12.8755474724072,7.7291466519144,10.6022306314755,5.16027882420097,5.39899578897682,6.829476120128,1.91713052607382,30.3425121805052,42.1351074370979,20.9666793438066,rest
7.29342448603429,8.75360940550829,4.60366725344538,3.05304459522894,3.65859278621586,2.01151627164751,5.03261260721681,6.31060568625917,1.30923988667928,10.9953868187022,13.1511666794367,8.11190410715107,rest
12.8938227933111,18.6335945316681,9.56092679242691,6.10924333681799,8.52411268679083,4.30895059675158,6.97395905023231,9.23535515606067,3.67803615663854,22.7318654540568,32.5398787876525,17.1962998824343,rest
43.0185725594667,62.5950859773592,17.2945981062858,48.9851199034409,80.9762871013606,20.1129419590481,51.5910357319447,86.4091756278084,18.9683940771027,51.3375934752769,66.1672512329076,21.1482114027132,hand_close
65.8177931224067,80.4756299954603,22.4760540061392,85.4407523450275,110.761265180842,29.9497494222144,79.3529039195269,103.813897310995,29.1450316007717,66.5318566934659,80.6449919863666,38.5002587468101,hand_close
62.5757810899553,76.0623964754595,19.2445116129826,84.3858522801758,108.775473386517,29.3815990931001,70.5794836569616,98.6853558060809,21.2365016378251,64.3125267945938,78.1855540121001,25.3178483414044,hand_close
48.110813374751,64.1453013163948,18.3754808836231,80.4171174666321,100.316948397712,24.6747297211064,65.6118049921433,92.6989378129431,24.4750960330418,49.8140697982565,63.7960953503222,22.0442269890352,hand_close
35.0863849831854,46.1123598787074,14.0163801126328,69.9136542494436,85.8542523965815,25.7690774864544,55.8497491432987,70.0733258661216,21.4619039150865,34.1294345838543,42.7320232733289,14.1134433076342,hand_close
46.3533303874467,57.7949573204265,17.3409554842526,69.4544007329808,87.676899344333,26.876480033357,55.1188543853221,69.0095907481269,16.6243418963382,42.2224169476115,53.5865787271682,19.0155212975766,hand_close
56.089515357217,68.8576338953084,24.0740612114336,67.0902455133697,86.2326625166273,24.3347156473872,49.6771246307691,62.3210917496221,16.6220553248892,53.2510079919944,64.9618618226823,23.9256644365636,hand_close
49.5877790646568,62.4429688882958,18.9290750485881,49.6619791152819,64.5905895940679,16.6807188354118,43.6954407564267,56.2845568149516,13.3541895946657,46.3897690045973,57.1306878422536,20.280042031519,hand_close
41.6176817320772,50.6933495475788,16.1220064832345,45.3486139637347,56.9574878767071,13.6172586449944,46.959749062016,60.0969570054186,14.3702511250637,35.1327742390653,43.7554661213466,11.8094493920045,hand_close
42.5877434402162,52.2874863414144,14.0515463368851,58.8429462665028,74.0526867979646,15.378110420088,46.1238738046723,58.4409060761312,15.5491847380827,43.3786193681286,60.2876144752359,21.2410525246593,hand_close
46.8701323964989,59.2690766079507,16.1277522017822,56.2430504858321,72.408346243886,19.6101874582043,42.4748562419531,55.454454487942,15.6856005968565,53.6224543620998,69.2112193508582,23.6394997171194,hand_close
40.8107505933838,52.8271655225411,14.9583752149407,48.5536234303838,61.2274087654782,16.7679827401467,45.8155646458842,60.3278498101234,16.9647858436534,40.3468719767899,50.1883842783408,20.4371606830348,hand_close
34.252870061818,42.5637610588094,9.42550089708401,43.2737267948536,53.7072752005088,12.0716309686526,43.8344718267468,54.9274292341774,13.3038290233944,27.3870855933822,34.66850901441,8.59664139536308,hand_close
45.7001253338985,58.0075534387566,12.8789947778831,44.4491089582177,58.3077844245808,14.4882385145295,49.4526348005774,62.5387741533793,15.3623156396999,39.9323833969531,54.9983613342415,20.6459974678669,hand_close
62.9431712512529,77.0565414642831,21.7219664139253,64.7341764259264,87.2233019822219,27.2997158074,62.9399949859634,78.6518324798741,23.1016967183109,59.0977790056476,75.1533580899251,23.8446394294989,hand_close
55.5301129151651,70.1166786975227,18.8725506139709,70.5842904040406,94.2230408225863,24.9999464573774,56.5998778512769,71.9687804716453,15.7161354724765,51.4434697582692,66.5176478758679,25.2126433585128,hand_close
46.5048022870901,59.3252393451427,15.4585135373146,74.5982380234433,97.787631439042,24.305524631106,60.4304706798188,82.4285101714826,17.4099721167918,39.4080532956249,49.0367749248327,10.653703457812,hand_close
50.3980514712296,66.3557967156814,15.2472594546791,88.2350921129719,110.599055057069,25.2587947689922,74.9455157512904,94.8855641331601,22.2184780280623,49.9871091099805,64.4384024472117,20.6302828475386,hand_close
50.3174815319204,64.5444995079179,18.9062950636681,85.8079598727731,107.767433917063,25.2667775152381,64.4203811284119,78.4036014470729,22.9175036155363,65.5946418243816,80.2362809634357,27.7143361324512,hand_close
87.1054194691964,210.504840448477,34.1120276779473,214.885179342109,542.593446227717,88.8679013049879,102.731499881138,200.587017144373,30.3026264188273,106.834958165494,174.702307903926,50.4700476086329,hand_close
202.21634655247,599.33928184079,83.6367369300385,475.233824814934,1326.67141381117,217.356047932284,188.122577735603,528.149765223096,78.7589755827041,157.702704174527,434.370388488119,61.5252363643561,rest
151.766113047257,563.057475480821,70.6873447887689,317.924634943602,1213.20393132957,179.162363108191,121.380636329465,491.161611733192,63.0773942121022,97.2625532785475,402.600624621648,52.6578877614689,rest
17.3782602570348,21.8218961815728,12.6489956758038,20.9015206784958,29.9230906278807,15.85830235982,10.9526723366052,15.4336969563411,7.23332457658145,23.7255694349467,30.6114506879732,6.66420599083584,rest
18.4342716678384,24.3786385127054,13.8954228671799,10.0435603859734,12.7249054519382,6.151109067233,6.17344565739547,8.29673824657047,2.26103364929539,31.0440455783499,38.8713463869293,16.5325254294872,rest
25.6131386572782,31.4243427487056,12.5427372371035,13.4818613198695,16.2363274464597,6.57669240415157,6.26463145597653,8.22885506011994,2.31879676890072,38.4791251040962,47.644739252791,19.3227921040407,rest
16.3104550970555,22.5529760120077,11.9011581140622,8.58460296044335,11.9942730446665,6.33436638541115,5.05374989635618,6.41754421431474,1.88998450251474,25.9342245088878,36.6289336446178,18.1713674686866,rest
8.59722352897223,11.1437834650427,4.26359581024733,3.45687453349903,4.1655035984662,2.10706976051675,4.86720332294719,6.36476540197616,1.47667187071897,13.8461850407033,17.6747405577733,5.07108132343771,rest
17.8586405922823,25.0277060370484,11.9921757082664,8.48446990140724,12.0084612018091,6.30383229893326,5.04054984539252,6.56124217058162,1.64021747985949,28.0636289077496,37.4740266013966,18.4554075046658,rest
26.3170888908461,32.809262124968,13.4430556345994,13.5667495661639,16.4626149383105,6.93740060888263,5.22661601832119,6.62863248010895,1.81333243250232,40.5424274052258,49.3427341625721,19.5634130685996,rest
16.6863858652221,23.820526224627,12.3064184040553,8.50240473755894,12.0152443453238,6.39107330502917,5.56018523448042,6.94655485473925,1.91160080960558,27.4826087816058,37.3940778391888,18.3882890452568,rest
8.4178233748464,10.4834298715758,5.31229900417553,3.36084793520461,4.14200527449024,2.20361389799146,5.33504190972433,6.7908498774796,1.76324088344552,14.0452087097513,18.0660434849905,7.3168627753752,rest
22.7192988274693,31.3925442306721,17.1344046166888,9.0852948301227,13.1711948133111,6.90462564916663,7.67075510890426,10.2537260707764,4.19231145420286,28.6388565226693,41.5332866309712,20.2198162211434,rest
46.4468041333414,60.353870501719,18.4754818421175,46.735716293482,68.87756832422,18.1423672872075,46.1701646247935,68.8843414250518,17.096565904248,50.0498836076963,61.0325851171494,25.1929327612768,hand_close
47.4207324356327,62.5220804702797,25.6328974151786,76.934196428184,94.115585500151,24.4831658571302,65.4602842173777,82.059616607676,21.3863392704742,52.3341146799281,62.8009474831541,33.490280302123,hand_close
42.338249994035,55.3489242154218,14.9972368384129,77.9879067575251,98.9223809927624,26.8158653938491,47.6500523490038,61.4688585177567,14.1693627115433,47.7402404649739,61.5951349340198,22.4227387785181,hand_close
40.0518653945142,52.502295684896,11.6440763002103,76.9598693598311,100.850795280883,27.9898565621314,51.0619406992529,62.9013594210363,15.8929264188539,41.0033432667026,53.3135384872176,15.32452512466,hand_close
36.9057551964426,45.6988713417661,13.0551673790722,82.1151327303641,102.211614213055,22.9763182926596,58.5520790572086,72.5636846290445,22.5528150273506,33.0280816592929,40.9563970971409,10.2498033514315,hand_close
43.3160003255071,53.1651901274887,13.6806722735457,80.7318152302092,97.8712719287494,21.3898083485434,57.0928354487314,73.1344066404569,21.5414655611583,30.0544265640792,39.1300135602062,12.5825373755711,hand_close
50.0665370124424,59.7639267915358,20.509824417957,68.6478269262537,84.3805744496359,27.9385742613228,53.0580872494038,66.5210888522368,20.4807613022403,35.2379227661826,46.6195287257258,16.6546648129161,hand_close
46.9853108635177,54.9338161015845,16.3159893284984,66.5959755514571,82.6848856137619,21.3993301686892,50.9030312425759,62.5657532040346,15.8388712332456,40.6079652565374,51.8739044851158,13.3977613132696,hand_close
41.1042402632066,51.246249205858,11.5369728312814,71.7566648068218,90.6172616939655,23.60143527063,50.9535998878097,63.6512943735749,12.1873294116592,38.5021454149635,48.4158992630439,11.1752069638643,hand_close
41.1592041780166,52.0888619282655,13.5921849044183,75.0374896515512,95.9349512585245,21.9282091453365,49.1332714784906,59.9597187101738,15.2437601518335,41.1823448494922,51.4354389963325,15.8488904639882,hand_close
42.8701111166913,52.947946796092,16.3695359428221,69.6612577286262,88.3959643238218,24.5104632951384,48.8510909008323,60.6419096115363,17.4645515337347,46.4879014781817,58.2798882589072,20.5506383375745,hand_close
42.9526307122132,53.5115645027735,12.591050098675,61.7947353520461,77.9001188704665,22.6031610128379,51.0906525917031,67.3539056645178,18.3714955390325,40.2879738933112,52.2636946667899,17.5433285279031,hand_close
35.4794752626397,44.9531309525413,12.8403381691925,63.578952138034,80.1457703329784,17.3293689414942,48.688773927057,64.3052941126875,17.4859539201869,29.8440619687687,36.8788653853895,11.0997194054848,hand_close
36.6997041152664,45.6078247733231,12.5231991014699,71.0413602068486,86.21830158221,21.9889016558961,49.4349921515765,66.0669351693779,17.6406042025656,38.2767101264953,49.4892925634063,14.5403683313128,hand_close
42.3311277078632,51.4631315323879,12.3982753991339,72.6692275849718,87.485641940914,24.8429495251225,45.5558624617018,63.0889720558665,14.2302126962294,46.9820917099864,58.4253931586402,19.6904563326742,hand_close
44.7013844728353,56.1246894960315,13.7545876744521,72.6504159299169,93.2923744465115,25.0215728177043,45.9968414961385,60.3780987240698,13.9295247822252,45.5238663804008,56.5518360517585,17.3817776617676,hand_close
39.2187749707489,51.6272800983991,13.9424489331664,64.9263876218086,86.4211103216201,21.9154715832921,45.2859140176688,58.0605705256869,13.5576503611864,35.9261465701211,48.0893176571568,11.7604949516728,hand_close
38.1632410521009,50.3141033222949,12.4828164328414,73.8060893925147,95.3314278760218,19.8889541134088,42.685098184085,54.397556732663,14.5353642896825,41.1088920405173,55.6808620027855,15.5617120337347,hand_close
41.7568016773096,51.1811469702149,13.1676821011944,85.2071018656637,107.922817535032,34.1024874893149,53.5027024551547,67.6338659243985,18.282664724596,58.1160036563364,72.0736856883674,21.6404949438262,hand_close
38.4075603430727,50.4216663807868,12.4515508196205,65.574237156391,86.8175738116031,23.0125296524604,131.765467860226,262.603701691947,81.5326679394508,69.2331104375942,110.562417055864,38.7633927377413,hand_close
59.0843036674805,154.988659306747,24.4790861102583,28.4160524934221,48.9585947205435,15.6728759767544,407.224807060935,1224.87172030569,176.696787462421,187.479275046179,528.551943160441,87.631170967977,rest
43.7803281686058,150.02181143163,21.3921239547297,3.99793570758808,8.39222947604718,1.62292802964951,324.854762988362,1198.05327947664,165.182604691758,154.237815487028,519.572109291768,82.3433274869358,rest
6.85501807248154,8.08029409837011,4.76196514002361,2.35945722719041,3.07703917168493,1.4056688837985,23.7375532421396,34.3665078013329,18.3800392940171,9.38245940542522,12.3443491492347,4.63549561527993,rest
15.1481492479983,21.421550381712,11.6522903256401,7.77274639337419,11.071122336398,5.83713023846074,6.39265997252025,8.59042043552659,4.01922995831412,20.8895422613015,31.7895444834629,16.2198944427602,rest
25.4509077592785,30.290740780195,12.3098026064501,13.1507581130283,15.73843115649,6.40892641217326,3.64500976996369,4.89043067931297,1.26760307470383,36.8356905905347,45.6997128248472,18.3065180493927,rest
16.6837885987064,22.682615225569,11.365358356878,8.62688322065709,11.8594364803607,5.89429631544536,3.13376713949004,4.33483455728797,1.08507728123695,24.0339382066245,34.4104598599397,17.6100546715443,rest
6.17028343577836,7.53445310750159,4.30637257954984,3.18664776335581,3.80747613876304,2.13538459304556,2.71346527230032,3.47687574858335,0.83971189604686,9.08494578101722,10.9013069290557,6.48026762118004,rest
14.7723279979696,22.0870774084668,11.7392685886232,7.46956284223339,11.0015705208794,5.85293464875033,3.12356834390939,3.92146926730585,0.826881193072444,22.1620991711889,31.3892922908033,17.0657731536302,rest
25.3315483268704,31.5614313478073,12.5885466475783,12.8099401786977,15.7433496844618,6.25597958364075,3.65864908658332,4.53314956229856,0.943234523641691,37.5470241200376,45.5080370749762,18.9181370654785,rest
16.6553332243003,23.7564786880596,11.7540136411954,8.5168223340334,11.9170331636786,5.76804153620411,3.10493392131265,4.03640679782959,0.836382961680984,24.5239992199526,34.6957135392677,16.9734205543545,rest
5.54206704498893,6.68937501192673,4.17184786644465,3.20552342412819,3.99488521393536,2.24512450686383,3.6487622156593,4.79161554133035,1.73835464583532,8.19076996077514,9.92865344153353,6.26877787157707,rest
11.4821517586978,16.2922197550528,8.41237889351843,8.43678451491334,13.4973098312456,6.37337731741746,25.0350773300317,66.5094292242465,15.6890869857876,16.3984965419748,24.9311398525022,11.4716871378633,rest
50.1181939352048,71.8718693832947,18.1619189618385,58.7817170702582,92.3720754373495,18.4293421441273,256.297542168588,418.759348517562,102.512936238461,69.7534906619515,100.544922637079,25.3533830625443,hand_close
87.7555196399365,106.124105090717,38.5456653127761,104.601876594587,135.143832686839,33.2701609089495,496.729081029207,653.117926069058,159.067236883316,122.769725782131,153.498009674874,36.9691108904474,hand_close
84.7867645299864,103.667528430345,28.0823536842862,90.5948966852914,119.177508532023,31.0032031796817,483.475116616663,659.319698806195,152.183061532005,113.732760754522,146.327593059378,34.669938959699,hand_close
61.4178912935281,76.8929220480895,17.7646260566976,82.1730464944754,100.331588069783,21.9452867575269,418.238613945751,560.183490709441,124.40136756537,81.81096530872,105.496474080729,24.1782398923937,hand_close
53.3115833367808,68.3274704561354,20.6347352264425,90.3056668412393,106.860025322391,26.0011431586068,295.86988686253,405.045782438774,118.872635212761,61.5110765980757,78.3078717083567,18.9651490228707,hand_close
63.2147526039005,80.4882854093124,17.8045234491871,88.1763159332913,104.103435995452,29.8668111803118,219.657379665765,273.663343698344,70.1841407062524,59.5543919174699,73.0729542274123,16.1467223399149,hand_close
67.1667215088071,82.2232958703231,24.609151468432,93.8229535110515,114.547463103361,31.2211248556605,237.140272513761,290.878761275959,61.6412294506004,65.5728083598659,79.1559138964339,25.1166720323595,hand_close
61.1868815522738,77.7292217550361,19.2489416138739,108.005225694491,133.391096313095,31.3329270072354,207.103589013574,256.925130131794,52.2275357646165,60.1162259956852,73.8912408466513,17.7209038543893,hand_close
54.7785418065401,71.2228592407699,19.7820672478173,110.342365231547,136.988353018729,38.8816641479259,183.03059386547,223.405286351876,59.2880954739311,53.1933134204188,66.0120169403331,18.2665139844424,hand_close
54.4856628164628,69.5087532774813,18.9854060990372,101.805152832295,124.438565190418,30.9064556283663,157.512504416833,197.854352984239,48.6487608079785,55.8087681292111,69.5412513501851,23.3303138180336,hand_close
57.3602098932574,73.0097441401403,19.442188917793,91.2053859174079,111.047135159736,32.4778231619655,153.549551222644,203.147638578833,49.9815352705329,60.6757984045525,76.0976785890053,19.4714620621455,hand_close
56.850192174265,72.91234660806,17.9431878661325,84.1985577472714,106.218526912256,35.6498043873131,157.436740414732,203.675904614241,48.9086870206299,60.4934521673614,74.7493513710683,20.4599589299453,hand_close
47.7873156032035,61.4106054403209,12.9495923216369,89.8783161850547,114.235336936938,32.9750649679486,121.152835549667,153.376006990302,38.348304781425,54.0255067217709,67.9604096775662,14.6015555879113,hand_close
50.9116912410545,64.7293795579662,14.7245747034221,99.6819175214891,126.756729402633,32.5128705315807,96.1105299963441,114.224585223539,29.043085931309,52.8854518568658,67.4170382054128,20.0634763886685,hand_close
53.5465191653535,67.7063555356524,17.8204423911327,83.8193165023565,108.923625383499,30.2665613391965,107.253684643537,133.643215273573,37.2899687096444,55.2993702903782,66.5582966416514,24.2406473798855,hand_close
41.9601453107842,52.7864403896379,13.3106779542932,75.9734498249261,97.9492015637293,33.0403750064629,115.951996940309,148.361711101326,36.4928948934311,46.2928295622066,56.2061749285946,17.7760831991284,hand_close
40.8140307127702,51.0672587980867,14.3096990572649,82.580334458481,105.108797705904,34.496159571093,93.9885108761598,121.306464811541,31.6584211509679,40.6546444409275,50.4966370810634,13.3375659204099,hand_close
49.1693216717971,60.9313861763228,14.0688698240081,77.5104193681518,95.9444662372926,23.9151486978693,103.085926206593,125.208723111959,29.9543662463094,51.9383902648612,66.8772593574929,21.149010786706,hand_close
51.1157663122501,61.9055840099177,15.7138558167276,80.9775527090861,102.087665106417,24.3431993341844,114.930670841069,138.442621488395,34.7965026327336,52.039381322061,67.2470210780356,22.3194254551556,hand_close
115.064782928499,233.793529659295,67.482990738297,156.015813306711,255.008287682882,85.8897612400785,160.18725435729,258.216625222268,75.7523056055581,85.9510227771873,178.884896320774,34.8607189259389,hand_close
390.939269555685,1194.21246769997,160.591792228973,410.004973396199,1195.06067929284,182.293252293361,461.955273898921,1287.07462685038,206.644718945671,297.717751907035,809.467187681252,133.597453862225,rest
322.290476140664,1172.42542247581,162.816744212534,312.404057169783,1170.39993315353,171.288829563208,372.643559861521,1264.51485058433,197.478057546586,251.970668349232,791.016152824716,118.402060869295,rest
28.4236763039987,38.1080017336385,22.0292852550578,18.2032470023474,27.1295186944886,14.1353715770858,22.3377063598673,31.8597267425337,17.080499636011,25.71510418961,33.0811650883925,19.9881621291526,rest
19.7894702248121,24.639160320691,15.3688152761173,8.58119746655805,11.2541252531812,4.44654252758169,4.74799687796597,6.54020350361064,3.18391293463109,26.1513891882264,35.010361568994,20.7872386157578,rest
26.6923493991409,31.7720031668559,13.0470017878314,12.2910629325513,15.0305172390008,5.95070367367413,2.08328538540427,2.53198887923438,0.778228217081146,39.020779347868,48.0301831134165,20.0255708292784,rest
16.8024722511613,23.3175670613003,11.5728409059952,8.38126966081793,11.6344918600507,5.76782733195474,1.50163553892594,2.04786326918032,0.823572433213478,25.0186104342688,35.7851394874679,17.6126498447887,rest
6.08331595946078,7.1312921685031,4.23685843089081,3.15508468157332,3.86421898844456,2.09334968849926,1.02945933697475,1.28403840280602,0.40772569536155,9.28465405784163,10.9073834986714,6.5812377772913,rest
15.2749792161118,22.5008903823134,12.18888909849,7.64135438721841,10.9139488874833,5.88878313145724,1.49299926895925,1.96560126524327,0.850591835370865,23.5589928934183,33.9927700383965,18.4658003856374,rest
25.5682233716002,31.4374608890291,12.9687786495001,12.5468437630967,15.3237467772188,6.21307235479245,2.00306391779147,2.48403268508241,0.896417439972847,39.0098432554506,47.5645698538517,19.4018622032392,rest
16.0727816100305,23.0130762948541,11.8760236688987,8.08177181485985,11.4276048873269,5.88241184730452,1.56683792823847,2.00201775201466,0.910714976732936,24.5372829305062,34.9382969003254,18.2839123225791,rest
5.1528117681295,6.19951655838954,3.19074014328898,3.13404893233303,3.84571566150542,2.02749120036691,1.48324067962766,2.01597075402723,0.894825976108156,8.50222171916648,10.0832491449674,5.85665514138704,rest
11.781352557743,16.8225582064746,9.04922691450011,7.72384619064272,12.0957411404639,5.23200824773668,6.67080899128256,15.6791990577823,4.09750925793175,20.5107343849694,29.8442820108773,16.2104440064594,rest
38.0501117027973,53.6806545731743,13.19856121197,61.4379607569854,96.4800965514301,20.6694724071462,73.7778724575143,127.594061612631,33.5482111600756,46.7248647324089,59.4931776198176,20.2450747135458,hand_close
58.6082831728868,75.8611726712831,25.0469532800038,98.1528759821209,120.546496503858,30.155721252932,239.91120004724,360.204165301262,114.868091422969,75.8578296631104,97.7886357081681,29.1444731028528,hand_close
58.9857288658981,76.1234586919949,19.4477703205128,83.3292905509684,101.775307792053,25.0490988160934,389.899184642318,519.864307463059,134.93923732639,92.3798294445815,116.01781763138,35.8554884489779,hand_close
56.1962313004276,72.6187335497171,15.8547552562468,73.9346288806021,92.451411166085,20.7627604235609,364.419395408347,486.400326868919,135.958740934371,81.5309396451954,102.04387412708,28.6020153290907,hand_close
53.0005791114788,67.3728797887307,19.855957105175,70.4718074497713,87.7696370260342,29.7073457557366,236.792211866392,325.785395897928,80.2800206769187,65.068538500314,79.3934960820368,25.5608044116733,hand_close
52.8809565406342,67.0074039217212,15.6585206387501,73.0956205568616,89.2028530478002,25.5774148380244,186.857897233997,241.83981324798,76.5689199215211,59.2842109182985,72.150422844243,18.1881449371076,hand_close
54.5351916012321,69.3188728642469,19.6231308996141,72.7777420973228,87.7250533266555,17.0582100144106,203.767188443002,266.488625097847,66.8585171289332,59.3488428250773,74.514070963754,24.9784563770473,hand_close
46.3119049683579,59.1591050888044,15.5369034204877,69.6587484806631,85.8214321898248,21.6837813291948,162.912202323105,219.339760247753,54.3286304523777,49.4471089439471,63.9233879070604,15.7750858558795,hand_close
37.9278222135832,49.2769230764244,11.847154971651,67.4607098064512,83.912007940765,22.3708032389278,117.799468105785,149.443908281542,45.9761290852115,39.782824438914,51.0365060328059,13.1790276337711,hand_close
44.5619525001547,56.082416747033,13.9355644839876,76.1447944388403,92.7878255043327,21.9205051295909,125.171386550383,157.795942424444,58.9262857036993,45.1927577753169,56.0326393811336,20.5576194105073,hand_close
49.7433531301477,60.8347267378507,19.5399549747375,75.7711920234119,93.4465531417148,22.4004862378519,107.540720384487,135.037490513408,29.1279027317062,45.294076019672,56.3925258313051,16.0800437536869,hand_close
43.1780402033571,54.0499764296398,13.3497996442562,65.6464753241483,82.3992769827952,22.4719799817065,74.5232348042542,99.0801996244823,20.5694499838956,37.5462046125414,47.713658123439,18.2362009860463,hand_close
38.7341981658151,49.7534976497442,16.0759345849567,61.1539790558789,75.5988743606989,19.1731044511277,77.4014142184453,102.258120814776,33.6616873572304,36.1741998372611,46.2017581582138,14.8260410070032,hand_close
42.686155528281,53.86781384535,14.2256878921441,58.2135772913979,72.0157774250878,18.5539192168116,97.7126397778533,120.949350376608,28.8051659375352,43.84873269849,58.299467198548,15.9064515660196,hand_close
46.9253549064882,57.9589532177507,18.6750188729934,53.4733961486662,68.9742235883981,14.8525960294382,96.7230685742579,124.050860598822,29.3981295464008,49.67385196312,63.3643191232184,22.3567299150979,hand_close
39.8096611679898,51.1305682762115,14.3139663149814,51.5811532051704,64.559231738489,16.7892104971054,81.6237833120037,107.248233040055,23.6608760820407,40.4826534932168,52.4284560062698,16.6243533959328,hand_close
32.5488734653033,41.8685709748855,10.9675108307424,52.4736142870672,63.3421914697128,14.7666139247737,60.639973553775,81.6234430746399,22.6651775144169,29.3024835222407,38.2590907825125,9.7552212143559,hand_close
35.6076807450354,44.1478908581484,11.5617876354514,54.8163373852692,68.5790191732145,19.2882554912941,61.5807325092351,83.4109653266116,21.5898240323181,38.7567223334407,51.0260885327488,20.3503881797648,hand_close
42.2022183218977,51.5565737478744,17.2472646063185,61.6578212724084,77.7304935174282,17.5020867192533,69.6702289565182,86.2751269400349,19.8158874959157,46.6637929138166,59.153019339132,17.3398627711724,hand_close
68.0265754441661,94.3507446167121,43.1686170687126,134.129596367534,241.702234015891,77.3542423264666,127.373615881053,218.121094121107,59.0885673271738,92.399130534495,208.193847216758,41.0163510593305,hand_close
109.98046556281,305.989493327782,44.1418098937804,466.642296417847,1317.95291399842,219.411010869183,312.804031521917,902.315142902974,128.474818599559,358.899459820988,1097.36976482759,150.343187928593,rest
67.2506566019325,293.794485067047,40.7990707071532,383.28499515359,1297.27133061791,204.630887121899,232.948483042209,877.717801287838,121.803366019565,311.357638776139,1078.83558063606,152.625106056965,rest
4.60057687047957,5.58518247256469,2.94640219163365,21.9654670031644,31.7058644136859,16.6793057264817,16.7641649848497,24.1154700383112,12.9893696605372,31.2906835381727,41.5906870973071,23.760067447313,rest
14.7339489740936,21.3620381683921,11.4063669689108,9.42053960257982,11.9948781267685,5.08709740890036,4.45860025689611,5.62687635413494,3.2737336663533,27.6020404078733,35.4319839934002,20.7568624338344,rest
25.4003397696385,30.6590997560404,12.5332357011899,12.3349657636155,15.346616445512,6.0536864814122,2.79133141863247,3.5177820342776,1.24334935854035,39.568841459637,46.9961164765324,19.409593494445,rest
16.2604468331082,23.0273248648859,11.6528775321816,8.16968609593613,11.8195630478974,5.90183566211616,1.93560654546258,2.52638577454029,0.913397162536293,26.0629402788811,35.5385792708468,17.2715665169177,rest
5.97750555891138,7.09391485746279,4.12995246672933,3.01905256046709,3.57402489981424,2.01990307595079,1.80171180326938,2.34083839508975,0.548541043707571,12.8888433582929,18.107225019722,6.58703054460305,rest
15.4602247116655,22.028786291891,11.8907473145526,7.52411297324045,11.1437879735602,5.88783199125255,2.50422186087328,3.15115786747255,1.11745052264872,24.5384685868725,34.1386013699101,16.7736319794922,rest
25.4320764662664,30.9278058291689,12.6757762318034,12.5482977093516,15.7590913370491,6.42070375900933,2.8439039606617,3.51262525859404,1.329168738843,36.6050493650574,45.1111893603169,18.2762559762517,rest
16.0238576283311,22.849127616088,11.8871175057596,8.1686875021944,11.7305659016896,5.91307322210359,2.13373493052125,2.81564083389837,1.19283519637537,25.4682539096675,34.4672829786087,17.3594574219216,rest
5.1133627263899,6.14262256977862,3.87088290223309,2.72882137979185,3.30850241171101,1.75225664960591,1.6577083154847,2.01255523028105,0.801908093955038,10.2704144064846,12.7313497404059,5.88476564721071,rest
9.17363886220363,12.729672525465,7.01184897657887,4.84855624082914,7.28251018901806,3.07581410570229,6.2234542465652,18.5256825099461,3.44666667831043,17.9481374583647,27.2787814533414,13.3018322627878,rest
29.4211477138366,45.055019121517,13.4186413637575,47.7475303605716,77.5763854359668,18.6168335710313,57.4072261294951,96.194843995069,28.8748232702181,42.1617305200326,57.658667826082,21.1810520303068,hand_close
53.4574133203737,68.4163572914591,18.15230246819,85.6598856771746,107.039903813396,27.2305170775141,113.256722788214,153.896518080199,48.1570591750211,57.5162960228346,70.5082713236336,29.2735729538867,hand_close
59.003011987932,70.7125610230576,18.9806424897717,75.638978120553,98.6845219528667,32.344234407699,106.963555837017,145.853625774543,42.5338911960563,52.7104061991972,63.6130817601581,22.9929153365668,hand_close
47.2564767401381,58.9286763814773,17.260560855184,61.6694500290993,82.9066198382794,25.1567037903153,99.7830744185084,125.105752644751,28.0364103685206,40.1823125452519,51.885830457687,15.4765212836441,hand_close
41.1537096664515,53.1897012207742,12.5493533141375,54.6569254688852,67.8356397739145,16.4667479758558,87.5484496421911,114.047711026928,23.9586334845233,38.751326047003,52.4010352031978,11.8567240730213,hand_close
45.0463826848081,57.0462294108938,16.3701317903024,56.4138360768849,67.1953696492239,15.2385544457048,76.9628132089656,100.741354772869,21.6163164276313,44.3604503605574,58.8258870308887,19.7835086539117,hand_close
44.9191770787307,56.3554301559533,14.7012467539087,62.1024641225442,78.1069904719352,16.5359290968733,121.295285992316,161.26522201905,49.4103732782125,53.2415886679358,66.6208237672861,20.0420106332569,hand_close
43.3761134684346,54.1783877533292,13.8436040272349,59.840660106149,81.2948803542895,26.3100591186572,139.943270426087,176.115913461513,48.7354231998562,50.1216205736272,62.1927499905482,20.571383240789,hand_close
43.7751037302403,55.1835725314816,11.5145279262021,62.1555866440053,84.4715367871196,22.11024594848,122.560917901253,158.582320395773,32.9284746079905,37.2897575422922,45.9992305938587,14.0683207677221,hand_close
40.3024749457221,53.1880667161094,13.9890148390669,65.3045128816617,86.9550933040838,22.8167530346675,108.447374933421,143.011604051727,37.4176157928802,43.1786033320868,53.1969365465176,14.5486624579449,hand_close
38.3166665572605,49.4784522900177,11.2852607429756,55.0276185696799,73.0141120358806,20.2110933015549,108.001619024777,146.942379981216,34.4654349812836,49.0575280092376,60.9726355956265,19.0051423335418,hand_close
37.8586032985427,47.9451562101135,11.6469339007681,53.1849345183443,67.4437442016385,17.7210904345998,126.158584513672,165.685737188702,54.1861727970781,43.1108433884364,56.4469561238048,17.3968788144911,hand_close
33.5999560770269,42.8831852474609,11.8052268974295,58.4995421301419,74.7231453791769,20.0203046198573,100.975972500815,130.135104404346,31.493177039144,34.6392779760318,45.7638919208327,10.3152196859835,hand_close
40.1231640011774,51.1435358121133,12.0165516354333,55.0452205128011,69.8893580371231,20.0570937789519,70.9238416495782,93.2053825187961,27.783282296551,39.5212217836415,51.0986697553102,17.418590055169,hand_close
44.2099074355691,56.8480122828454,16.1299651597452,49.0232724293279,63.579693329316,13.8911380404786,69.6626627634529,92.8055976462488,28.7271965647571,44.5534483542824,57.3311754805542,17.9797428247702,hand_close
34.8637474191755,44.89045536711,13.9438522108924,46.6490779628366,59.4103277350866,13.9487206672494,72.837390591285,99.1811093325964,35.9972731913547,33.0971061071831,44.0767262331184,17.4635620586135,hand_close
33.6722378273867,42.0483176216103,10.9204759439517,55.6586677702151,68.4302731950793,18.3602665559053,79.168570943696,104.250209996563,30.9154457106299,30.3024733186819,37.6597606808701,9.2290563496473,hand_close
39.6021594876058,50.6524512905753,12.3242237709435,62.0783848634711,78.2554422748819,19.8440391564983,81.0384347734779,112.454307043752,29.2128080774256,41.6781908475981,51.6991790601059,12.9323790372132,hand_close
38.5819613723104,49.0381928126243,12.1494381059907,63.5535653709099,80.5771693003781,18.7891096767866,72.9716514123897,101.837006553477,29.0612344272942,54.4353280531201,64.0926247278666,23.3970688986184,hand_close
46.414767376157,74.7556125454923,13.5618528645854,154.801011700511,279.978677709444,98.9740070203958,94.3555595392461,150.240139112843,49.2122782931654,119.18976834851,204.315191307681,74.8249380924979,hand_close
105.946055129214,297.154649177802,43.021287453567,567.096716754458,1573.15058191479,257.124117668367,296.728161880274,815.777050981544,137.274217580691,300.700713855982,895.501690803815,120.537317555004,rest
83.0970585083411,289.432145722977,40.6453770994701,466.640297472091,1549.58846343607,249.549743207729,245.009673787001,804.005616249229,130.753639773439,223.210080434294,873.458629991277,122.131241994279,rest
9.85734319860847,12.2515050210488,6.53907440124885,23.3601006028115,35.6941037380159,18.4945203811896,13.8191715834972,19.6653720254408,10.3758462265864,16.060260533406,21.401451939455,8.14314937430648,rest
15.3950037940116,21.3560779203019,11.3680218169605,8.24231668577711,10.7988986791162,4.16686718155046,6.42924233926585,8.27593025442308,2.41573813837845,22.1387414143262,32.1484920778733,14.7790989469393,rest
27.279691454995,32.8745883290487,13.5149550704999,12.5668656159125,15.4896955211616,6.53987812978399,5.52266005759741,7.15061013431939,1.49585277006025,41.8616406262111,50.7867752856259,21.1140050514578,rest
34.0798527931404,39.2236471776064,24.4197802504342,16.5440789928932,19.0181747303498,11.7825541855986,4.66510089919824,5.98372809438508,1.35966019388122,51.559360201543,59.8384660587373,37.8055141765316,rest
34.8666588671705,40.2059356134866,17.4316398311009,16.582210658739,19.2408212470116,8.21616595347975,5.16031344114113,6.56810918678519,1.32896396542302,52.8114120056274,60.9895827237812,25.4072751819198,rest
31.8757950028355,37.2202881828276,24.9972148984455,15.0607891952812,17.766317251773,11.8453054543077,5.23696510177513,6.63863938138553,1.57679099819246,49.3156638691824,56.6674332943541,37.9730272726839,rest
27.4531858187501,32.8081499559862,13.310440685906,12.8973920447054,15.572445141789,6.48857774859332,4.52537334726973,6.16438530061894,1.40760399531233,42.7468720523519,49.8730612127924,20.6261043152775,rest
15.8141373207561,21.9089688885146,12.0542905786103,7.42833467359682,10.3273815925128,5.65008692692369,3.95833850859092,5.88019757371796,1.39155553055881,23.499763055834,33.0855024761137,18.1413923782052,rest
7.44294656131473,9.1771000547927,5.2449247800874,2.85953459089543,3.66836406274948,1.82971265932544,4.45550957036352,5.97343358764226,1.315103529939,9.60903808826658,11.6018337362139,7.1590563788329,rest
19.2008035340729,27.2876695316773,13.9708394563068,13.6934537214943,41.1922094918978,8.25923700769888,22.0232640620939,58.4172082501769,12.1040654872058,36.4204928135457,61.2810859929732,26.5685007425197,rest
42.9174298915587,56.1312091336362,18.5722676636758,44.1438603068903,67.4374183621591,19.2934223257535,84.9874292558506,133.018753991781,27.2317912885658,65.825904110405,86.3239978579199,27.8287855864584,hand_close
52.1514488057614,65.454483230043,24.7497181204654,62.5912092554674,76.8398752650655,18.4734085787415,111.041290927482,142.406874388064,35.0492644409853,60.9643514975026,76.7133687425695,37.2135608875828,hand_close
49.7617807609859,62.365121808607,19.6946051885086,61.1874899227931,75.9870664372339,22.092536417897,111.859273103159,134.048202957229,32.0528591147802,50.5571342399142,63.2918809376578,16.9881430032118,hand_close
42.7071299485485,54.7534528137334,15.7263091236617,53.4305260288266,66.210461894784,17.7211730079508,141.809579141583,176.451221744091,40.4421447431371,42.9731780044377,54.9078018786148,14.2068392981947,hand_close
43.4211410478151,55.1791083357545,14.2596043240525,50.6106052212558,63.7434703337331,16.4991973975844,170.850587593592,226.527406734272,46.0092594334264,48.0035359786485,60.9607803391963,18.8991314414494,hand_close
47.3355715006118,60.3576703134236,16.4569579441809,56.4685498520665,71.1531723453027,20.2498855411459,180.091142503964,235.539588419311,62.9523896981165,54.2490720807782,68.336555581429,16.1654649154065,hand_close
53.3372105803934,67.8399133821017,17.0149170273892,54.6022400002557,66.8456366955196,19.7968991200325,144.255930279646,184.225772634573,64.8510568628769,56.6316279948651,71.8344927520376,22.5405376385979,hand_close
52.8683631949213,66.2776570167217,14.3698818601908,52.8902417019746,64.8698629465353,13.6331046443613,120.348631942834,146.680969515122,42.16937549842,50.0042213040162,64.1632410321261,15.7532099388724,hand_close
38.8642795079725,47.8946310386354,12.417719048069,54.0041725948996,68.3503247988696,14.9476347596513,120.896021984523,147.243174686181,35.5269694945232,36.4742516258486,44.091608415803,10.2711155814084,hand_close
35.7570608757915,45.5805438728992,14.1844129001281,56.2304859326286,70.880919186157,17.0980274104133,102.715738146348,131.629284768058,27.5258085433901,39.2066887325555,48.0972415086729,13.4882558423491,hand_close
40.7229421041116,53.8222382427258,12.5966518022693,62.5857112149269,78.0236811536167,22.3477449155308,96.8561834552489,126.173159612213,30.6433027877178,51.0132244862364,63.333676605077,19.7394206806828,hand_close
38.3852389891281,51.1869303840539,12.2020454895606,61.5493580584206,77.7136980750491,22.2903800007902,89.4325275906916,116.730907497956,34.8806434602664,43.0589919806838,56.1378052004365,14.2957292652279,hand_close
32.7345321678312,43.2428978911915,11.7679368310203,65.625787986879,84.8061341090667,22.0767431712869,75.1833825034206,96.45230946648,21.9605771618524,28.0882899029354,35.9450497632751,8.13886697520464,hand_close
33.7267443462903,44.4198694215939,8.86506800786811,77.7372210085977,97.4451282156323,25.8984747390274,87.9270801633498,112.872169191553,28.7077431281001,37.5692089872356,49.9164075533539,17.3319802395973,hand_close
36.5562148515095,46.9084986572988,12.3084828239111,71.2819096394227,88.513872403831,18.4054434017882,99.5241523775925,127.777939105556,30.1390498211517,50.2506243945249,60.7772873082794,20.6325515898769,hand_close
38.1709526220064,47.6668628841755,12.1245876962575,60.5178420113414,75.5372521361169,17.8143332278214,127.220060834444,163.531457253753,35.1447182226516,50.8820583259821,59.9206676534033,16.7520817585729,hand_close
37.7384299858221,47.9568410242232,12.8129048974371,69.6373157226546,85.5170578015422,24.6771786474981,176.789130096656,232.842583287558,50.8557821479207,47.6103552543646,61.2145859258077,15.9831832724412,hand_close
34.4219738879457,45.4128041317175,9.46113007947755,66.83809910645,82.1921937615281,21.8185436364787,183.561941584505,240.412354563581,59.9533664528557,49.1277020844504,63.3170343798099,19.0033270603526,hand_close
36.6578510633164,46.8739929030731,11.9098745962759,59.6987094362255,73.8303699348218,16.2236881934452,212.023161021384,270.696949329485,73.2248015058343,53.324955317976,66.7898971028805,22.8296450794384,hand_close
45.2713905723047,58.3190478418229,15.3543946465769,99.5852976999396,151.974175297581,38.0816826065574,232.008314208013,291.274123455229,66.7614075097787,90.2325921622936,167.047439467717,42.107154679761,hand_close
64.4271218360793,160.693591035747,25.1311970405173,219.286955483011,618.415424830588,93.2617953525478,219.263185446462,480.166454718815,93.9869647107423,285.935308468247,835.884043366803,126.838869498339,rest
50.173467440911,155.18175264723,22.6188499691814,164.593729629679,602.3911725529,84.614509422394,125.741741883925,444.479246651008,62.4531298991578,237.463588874518,820.851980334624,123.114626904072,rest
30.3426996016883,37.8287567550252,13.697685291397,23.0066598019853,26.5423232726746,10.0738018839442,13.3944401376148,17.3362990426103,7.40531842112254,44.9887809271105,56.1257949673711,23.7807180705651,rest
39.2722246409535,45.1784274252176,17.4741142414365,19.3572912087988,22.3369455944371,7.45333676239253,7.98734641164672,10.0569260973153,2.72550469228128,61.3481763632987,70.5718542629715,30.1967681035481,rest
29.3342448379847,34.8401070103093,14.351551765558,14.3359969761745,16.9588453249216,7.01219247954684,7.10396618166265,9.34674363868181,2.3648153984343,47.6515507607705,56.7138344906956,23.2590973362648,rest
14.3192317371623,19.8961342102985,10.8349080608555,7.59853554835347,10.1269725538868,5.60435509506496,5.30341065553653,7.94349907253849,1.92742433404478,21.6365007166767,31.3564202470079,16.7835629207445,rest
7.20617334197935,8.85552098402357,3.6126888896999,4.85153799271145,6.43703907941232,1.89392000632784,3.42792524845618,4.95290494713611,1.15921538534695,9.86381193405874,13.461874477425,4.72126761312269,rest
20.2821068070417,28.0980728991887,14.1768970490639,10.1451112300745,13.5436852500861,6.11453074060667,3.37311279531082,4.14384341384701,1.53112513000803,31.5509443039197,44.6359012146418,22.087472419184,rest
31.3091619294351,37.6147907364008,15.8247004141279,13.9893002267434,16.9931787255707,6.77870908286588,3.6824554830624,4.52889414209587,1.6285860110973,48.193278728221,58.8075631661242,23.939689510002,rest
18.7192850720856,26.6766667191435,14.3876471539548,8.55952399661197,12.0660073686508,6.55476578672956,3.2433765583346,4.14997641409658,1.11470887335587,29.0360835757274,41.3615071809063,22.5133622118386,rest
7.10623116920737,8.56777381624743,5.29031564432639,3.83805195596298,4.73165069567836,2.81465797080563,2.06913402658829,2.73284249099488,0.661136525985463,11.7615953820764,14.1304562196403,8.46250492944635,rest
18.2720594783703,25.6058352617878,13.9632349003453,10.3400439345185,14.8851928548305,8.01369858503095,3.62335004414575,5.02810305724347,2.44433908634599,28.3792958777039,39.3078468798138,21.4266565004383,rest
47.2689134462656,59.5982302297463,23.0747943915988,35.012075217682,48.8992605293951,11.618387473002,46.8695586699317,85.1153727450559,19.2071095117344,68.0342342458683,82.3218105921764,30.2111099401217,hand_close
61.4310999108962,73.5713885018372,28.6287774545116,57.769504897365,71.6401813779461,21.6553970787186,102.111066997505,139.216793490055,38.189890090226,84.079860275097,98.2675740114948,39.5226829277664,hand_close
54.0708785399675,66.164208166782,24.0200535801233,54.2969698885059,71.3203602725941,17.8383288590078,103.490824426381,138.120500210135,42.1051247299081,62.5807212823819,78.599478727253,34.9421027635445,hand_close
43.0022075635095,55.4067896695842,15.9664972242164,59.4023259114326,78.7506518609386,24.4391078360216,96.6112523155726,122.492841716012,29.3275589427038,37.6093642225153,50.8684281323691,17.0220829241361,hand_close
37.638224092106,48.6275730418454,13.3821732790389,72.0541361565303,89.8812257769883,25.0859802596471,120.866880445789,155.810065514073,48.6230359564181,30.6521085022058,39.1738347912743,9.61867736359137,hand_close
40.6179613540896,51.0573804126358,13.7175038679328,66.093686338528,82.7954380590698,20.458253542199,184.265034975792,242.601748493293,78.9872163266454,44.2127481863447,56.0115237110898,19.5512925628874,hand_close
43.8016624889005,55.1592013503972,16.7829578584282,61.4277535225814,79.6043603946057,21.6248537480821,238.811762259618,300.185251005065,89.1089723472768,58.4198778103268,71.5585974110594,26.3089603859182,hand_close
44.7036023694276,55.7829322606024,19.2164180072035,61.6754974020011,83.5518376315066,23.4302631590206,225.899413642517,280.540047728645,69.4331961436707,53.2860552847725,66.3808697536832,18.2369578677333,hand_close
44.6034669879955,55.7190358887168,17.8273786708965,67.8904184553916,88.2203533640058,25.9899841318099,213.115283285027,266.053224128221,83.7183958085093,43.1625034606357,55.7895740197658,16.13763313817,hand_close
45.0008047484889,55.7606894046967,14.1670197218279,66.5892728151891,85.1420761976227,26.1503129458812,190.574169840962,243.163570253497,74.1019669201696,49.786056664864,63.8908012786785,21.5860262868515,hand_close
47.790403146457,58.3782948785687,14.63532036041,70.4150507313312,89.8733968069197,27.4369476151935,171.48060786181,215.227962558566,58.9283071715445,57.7978927322702,72.3703814631008,19.9033476789765,hand_close
46.5606321677966,58.0460108120285,16.0247378640092,71.4339147679456,88.3638297942022,26.6315600297764,157.404996487138,202.380064107362,50.9194386731612,50.0699813528761,64.2526840302119,21.8617512603198,hand_close
45.3834045859494,57.5703525663453,13.4857225662314,60.617117770925,76.8959828288147,19.7248648406032,118.327497061252,156.891850435111,41.3762964469316,42.9908317687917,53.9077091323864,15.4833216989613,hand_close
42.9575690670536,54.0195242173941,14.9430297083137,55.6357667398677,71.7202504972941,17.5760117493262,116.446860887317,159.153018286144,42.563581920895,47.3683821041906,58.1434820094976,17.7949397578093,hand_close
41.3806357010463,49.9634196265454,15.0128608770439,60.1986855685847,74.4654251895462,16.2435325473236,128.78707744421,173.131898402129,47.2076436463136,50.2845701808503,63.1047540248921,23.6766314077737,hand_close
41.6933720056272,49.6007860228836,11.4418075000177,71.5841222665696,87.6948604068724,22.2453264673092,144.828876389302,189.048399598206,54.8284672475023,42.9566164820079,54.1896521738093,21.4729168184835,hand_close
41.3844231866487,51.625166919425,13.0967942863086,79.4349634854344,96.219859008329,23.8651122342568,158.846697625035,207.55194833503,59.7204044735559,38.4412180297371,47.7017886742559,12.0276459689048,hand_close
43.4823635090921,54.6390325589301,13.5117969820614,73.8309491802355,89.9049726440321,23.9878226717478,133.386819366363,179.099247771063,49.1983793496426,50.7174609624848,62.6426186831467,17.1997894951317,hand_close
46.9650428403068,59.1223495091236,19.3552677059887,65.7339929104174,77.5988242162934,17.9098370944048,117.137306446013,147.090313198797,35.7263732218418,60.398631342567,71.5549299436835,23.9793625898205,hand_close
95.7694594022506,213.122197001417,40.3086109061738,187.01852825323,436.662990579574,73.658042232245,208.470457025362,420.356563420202,66.7058671076759,183.556158246694,458.16724595296,69.8906858847765,hand_close
200.30076871,601.333681843882,79.5505384413883,438.603006407359,1272.27831363076,187.19874845874,404.894890674987,1188.49588276267,163.613387368249,399.923734951803,1198.99436165236,173.449393704966,rest
139.352763681047,564.411601124859,70.8490790363351,304.161675859304,1196.72203236637,159.335620615114,277.630517580301,1117.43151246648,140.187544960189,262.871036557972,1109.51958746057,145.391959894986,rest
12.3622509471146,16.0019521976027,8.67617605465088,21.0833242496113,31.9583620367292,16.5210224903018,21.6389400431021,30.8209639022961,16.6874862817992,24.363707510337,30.9025129132937,18.984379435706,rest
16.3504476479291,22.542495110085,12.1908513456009,8.72827582577273,11.4040731236899,4.19787646572031,5.11931512300145,6.7430193522347,3.51461911844039,28.3721653251964,36.371822047931,21.6188083565889,rest
25.2883368900201,30.833792013737,12.6354042966658,11.7496026553595,14.6980251508812,5.77631370456198,2.39772961310139,2.95123216451453,1.01770348733723,40.3485004148859,47.9510638432188,19.6714255326239,rest
15.4124393402707,22.3522040993357,12.2019668465753,7.79107718978327,11.2358935984311,6.03067226450585,1.70330075253258,2.34769649627311,0.834603654949763,24.0361702110795,34.4307298069454,18.1477302804855,rest
5.8078641507152,6.9775211610011,3.993343728547,2.9940984261267,3.75255560382625,1.99212432592402,1.18773423511962,1.57612530853769,0.314635565399451,9.27862047651038,11.5787557035694,5.84605459045636,rest
15.5128172305226,22.3908679577541,12.2024956842623,7.63455808899206,10.8646652585536,5.83554030630106,1.43966172571529,1.80439921788441,0.776447856165389,24.6175248713399,34.3778117268274,18.5826629913869,rest
25.3492019712143,31.0064228637975,12.5453030299136,12.3064195282562,14.9216842971644,5.95814021416714,1.8380525324879,2.25462038338235,0.857880447343545,39.0003877720407,47.0337263268684,18.2758410212782,rest
15.9036595024532,22.615264372682,12.5078316231358,7.80972032935888,10.9073648686508,5.88514076246774,1.68317399258844,2.11076812286191,1.06863035169956,25.1744384408418,34.5497507384072,18.7008421321086,rest
6.31309916302572,7.51086011704164,4.74130261445522,4.27979429696933,5.19769019397877,2.7922890843064,2.6913414643124,3.58146606026623,1.94356121714205,10.486730793081,12.3774609764979,6.00877566703987,rest
31.3996581333407,64.7860529241422,15.2702223650843,63.5906415498607,131.615551107622,29.9617318666314,65.0066938485589,150.27330412536,25.2914113557183,47.5506411080922,87.9616901811236,24.6774012712507,rest
52.1657356329282,77.9534913116134,25.8688668396541,88.0891447229411,140.633718115939,33.0241309371443,155.768201318835,226.584907781732,57.7306364571168,75.1993974743552,104.360362554496,40.8841364109888,hand_close
45.1033465505715,58.033952066413,23.724144150561,62.1770973531308,80.634274170861,19.3518489349635,149.49403819204,194.357341254226,54.9395531266548,60.8220487889952,73.4629212968164,34.5530742784801,hand_close
48.4489233772619,60.9122269870468,19.3520473912238,76.0452928705136,96.70369203954,20.4278292770684,110.22192850002,134.973643485872,28.4910415453943,60.8530246079284,72.9307965019833,26.0465705674254,hand_close
46.5013935669014,60.2591768216248,17.0279647055229,79.9434284939706,99.5638785725625,24.9413879510171,104.263667954777,133.693425561696,39.4774981457035,52.7907101695869,67.4345232631918,17.5514484667295,hand_close
37.1605207809664,47.0891413257805,11.52187907334,66.0909999274153,83.1405786278838,19.99203246519,110.413844389836,139.159624019101,38.9871887866033,37.3486589022898,48.1491380734285,10.9738962012323,hand_close
40.0464183437692,50.8372644699599,14.2772383337177,55.0265436174343,69.9753775258111,15.0143934133587,109.566089863807,137.053254320926,35.8751251356815,38.8501673674645,47.9954140962677,16.3146649019071,hand_close
43.9404707264117,56.7901726866914,20.3066060960373,58.982054098673,77.6460964800273,25.4208988655542,89.4853846313413,114.212080121333,35.9261424208484,43.8108360920737,52.2748861369409,14.802082694987,hand_close
38.6605857667451,48.1518882325462,15.0238894781057,70.7072498276265,91.9716037304446,23.8966032497277,84.9390141620486,108.725180002165,28.3698952423431,37.3478278447351,45.3547606826758,14.7854287425653,hand_close
37.4399278903794,45.1105072656337,12.0837113093128,82.2276155449419,104.387490901371,25.9239191635585,91.5219654835359,120.326630332052,25.0937585208562,37.6860336187897,47.7096824538156,12.5178349199293,hand_close
48.3760154274157,58.0794838022503,14.8863303081705,113.354160375172,149.104033099342,33.5381841380146,110.439256779025,147.779836825364,30.1153006253185,64.0863221707504,80.49921385719,22.5758494888541,hand_close
51.5988389419673,61.8148055647501,17.1380802507844,113.031161858193,149.998138910409,37.2273215871879,194.421803734912,289.650714405078,65.754820406161,77.1575108172159,93.1087622994803,34.4376555860783,hand_close
41.3010880847295,51.4319756236912,13.1725610853558,85.5913594217659,111.961612784436,25.6720776194488,264.330552520456,355.041355459352,75.5282780635929,58.5160510134882,73.5549909148862,21.2712996224685,hand_close
39.3378025910356,48.8447306131675,11.479390946252,78.9090853341889,103.958572834752,26.4615307053648,235.444223090307,305.38971061891,67.5198873802608,48.2440924342044,59.8205320464215,14.2734103586373,hand_close
44.7289459562814,54.3402857028983,12.7025455222046,65.2682980708305,89.3984115548476,26.8081753542152,181.779192479283,247.557320355754,69.2229281604068,52.8212090070141,64.9649359994019,18.5185073541513,hand_close
46.5392965671174,56.101873206911,13.4041128350501,70.750228464636,96.0743583548224,33.1686796816108,150.561667483696,200.425585381587,56.6040547204069,53.5839615724346,66.6714143251622,23.3510766177659,hand_close
40.6111823621667,49.8589175470859,14.7647103137686,84.1432036227713,109.163510777156,29.3597074745837,154.585054701776,207.224186871537,56.2453026224019,46.0798480852726,58.7661475331817,17.9287279416133,hand_close
33.6932273427571,41.3664841222926,9.27349247933685,90.1127389383088,114.095885747817,30.2651706892105,140.40507998195,189.633371333465,58.4963585504036,33.8961167068295,43.7310848031557,11.6001157796395,hand_close
38.2163450545515,47.8814698598464,14.2445844624896,91.0952173975061,109.822685222874,37.8715537331755,97.5373768111042,121.927882743632,28.2455927572872,36.2895798326958,45.4761237793896,13.9145979921745,hand_close
46.962222100909,57.5380601229214,15.7588655357781,74.0486473739345,91.0099543423757,23.208328788623,105.531010636028,142.016780527743,39.6821587444572,54.992892689105,67.3095833936174,24.2467660788401,hand_close
131.061762582576,310.586705995292,51.1583660755366,201.699058437658,459.345997968427,89.833556358784,258.130462915298,612.749645875734,101.927948300462,114.400584976028,227.659770213946,51.4148969925568,hand_close
292.480702712638,891.86889550763,120.654204230797,507.855533958212,1408.35692895549,225.46251354753,538.616787628404,1476.01989006293,248.952835248147,233.043973065757,654.895810844532,96.4006364350737,rest
198.164400657362,837.350439356916,104.890291327107,356.47497198133,1332.9539031929,192.129601491729,363.020104553028,1348.45387746218,202.345954009902,162.41038658552,616.856301934755,83.0997047492904,rest
13.9163973548388,19.78099717329,8.79616381964256,23.6284456496401,36.663864668353,18.7857620677667,23.0041579545474,33.4000016617959,17.8905251073201,18.1760515389915,22.816605295504,12.1133616711978,rest
14.8677572701574,21.8832485224589,10.3464169704916,8.4765177299102,11.4535671192812,4.13128679587644,6.03183715428795,8.13216538399536,3.43360752881487,28.5405012263457,38.400746405106,20.4372638719427,rest
25.2378228485779,31.0222846363186,12.3215468560867,11.5269250602807,14.4487431195774,5.68918966718811,3.67699991543301,4.69846956477235,1.29298589551816,41.825191457036,50.4142221111593,20.8045876774859,rest
15.798886199375,22.9669228314241,12.260897215907,7.9456303830514,11.3337457945674,5.97111938180663,3.3529504563592,4.40622594056362,1.00466241305162,27.2683779336526,36.6954784941155,18.8639912962845,rest
5.93824152905027,7.13525913195007,3.95363839322878,3.29311643114111,3.98020199732113,1.97069997974158,2.84889657594801,3.66687331864769,0.760857008542038,13.4821241038489,16.3414166607403,6.20355301960566,rest
15.8002354709667,22.5941434362985,12.3617209514041,7.70916245753251,10.9621354852007,5.85224817408504,3.07311426686481,3.89670409246051,1.19130469883558,25.14676620367,34.2605155624474,18.3211942953463,rest
25.1521004831015,31.0772793541117,12.8302193357375,12.1621703627362,15.0638876114751,6.28285697860282,3.31333298830831,4.05353931866256,1.28526524196687,37.8158369430035,45.9966250369131,19.3982956071189,rest
15.3899098782741,22.5309171105328,12.2081280975803,7.68900818824836,11.0376887665187,5.76556818669441,2.95439135204455,3.63729277868661,1.1217154809587,24.3362789312944,33.9077923089833,18.3015888042097,rest
4.93028800262881,6.10672462507426,3.08320392655501,3.01582380822126,3.64193068641401,1.49104034775165,2.75323877236173,3.40397005100848,0.861361140344979,10.0413677555671,12.3542793943575,5.13828708091427,rest
10.5914156123035,15.2110002591484,8.18234431049545,6.87967329753637,11.2956793732594,4.49032052498281,11.5223617840435,28.0014276158112,5.41055076248703,20.3656593562359,29.0723902821441,13.745095615973,rest
43.7705163284181,62.2293798244878,18.1552051156397,50.8210294722703,87.0211269563585,21.1607151079689,179.877559165024,316.306564282697,75.0930542686944,57.3090153254203,76.8264726994466,19.2537677408506,hand_close
63.1346291522649,76.8948369935855,26.7381671754739,91.2423431552019,119.774283573266,35.2033749192979,249.894992139452,349.970626857082,83.3763588373431,65.8129410725354,84.1064672870832,19.3584891116639,hand_close
56.6789725215574,71.6088311170306,16.3295294042693,83.739756414399,108.48699137153,29.2399429193664,173.327350964483,228.992046854913,55.7736352406976,52.3816936481003,66.8317571602977,20.7685564859021,hand_close
46.2393182394952,61.9931310306696,17.4439326877688,75.1768018869322,96.2090989198882,19.2478327814005,159.733766600552,205.907325189195,46.6116941032084,43.4212411500931,57.5768021566163,14.9691794556121,hand_close
40.9048049356815,52.026588469544,12.7356847409019,87.837868792343,115.36890430153,27.1251803423183,134.544408444073,167.307851922681,38.3103514754042,38.8683617059848,50.0298073491725,10.6950884056652,hand_close
47.9564794137321,60.7557917312884,12.5695712694586,84.1536811661457,113.594031861824,24.6974486139295,128.79582735071,164.839583552349,52.6223279527038,47.7938885358023,58.1932954751506,18.8662784443278,hand_close
50.0311859830113,61.4917239562717,16.9502148568418,71.7155953941999,90.3953511200118,20.88951061459,117.311975616539,155.470548113706,45.7962565776071,48.8101264419167,60.1940671260849,18.6683831892701,hand_close
40.1462963569861,49.1879777735452,12.3591772980907,67.6361025512289,82.7370162782935,18.0533322776043,100.148110357325,137.437219120532,36.4586530247972,36.297765625644,48.4833263259717,19.6520970407595,hand_close
29.2666128008567,37.1389232798568,8.68215794234586,58.5387961912669,72.1965042948614,19.4135838783222,96.6661978552321,124.181163467285,32.2875687890401,25.6223015422681,33.5200839358819,9.43042770744011,hand_close
37.1101010648213,50.556402374574,14.4943542776814,65.976736580296,81.8020759095778,21.2813246208357,106.933925454637,132.992312326625,28.418933486907,39.2447279312233,51.6162162245419,19.1755383027597,hand_close
42.8574346465065,55.1175719566152,13.7250226262416,86.4137122400753,111.364334712475,27.5682839108177,116.708585404392,144.390958974636,35.0384404996628,50.7352342580449,65.0791294902603,21.7595601234101,hand_close
38.0939315096744,46.9094573947236,15.1585221122726,82.6583172088746,111.403862907221,25.1419511948175,108.081679579587,135.285388987028,30.7681925457673,42.0249763335373,55.8727834993083,21.31800782077,hand_close
34.4776620977064,42.8682621102041,12.300690830173,68.155555197707,90.0872294746181,22.6115977985339,88.2002400431558,113.821822686163,24.34255932786,32.2777979789436,39.8152806737459,11.925484186473,hand_close
37.1275513240053,48.6655208128914,14.6636862445128,66.363037368006,82.7585598182573,19.3121805846462,85.1460809301404,114.751293628374,30.2364670401703,39.4332878621501,50.4730505462592,17.3360494789071,hand_close
40.1960237567362,53.0268952527857,18.6026922363155,68.8623649953731,86.9594200956494,17.7945476230985,81.314944702342,111.763202409269,24.1541827069625,43.6524043226745,57.0935779109444,17.8656182462991,hand_close
35.7953878184612,47.4803825093502,12.89957086803,79.1847690258794,108.042356891163,34.353814467211,101.970347355095,133.003316234761,29.799954700842,35.3194881116505,46.6884052989153,17.1367586270465,hand_close
33.2403945152646,44.3014548000703,12.1958034009385,73.1117749611139,99.8415265934197,29.6233473531085,111.127150097618,137.408494788234,37.4098975149454,31.8128379713827,41.2491978078631,9.21378823950888,hand_close
41.7386286021045,53.8860260801669,15.2594518016885,63.6524138185495,78.5373270427839,20.4237813749344,105.353248615945,128.74529066071,30.6137206232262,39.7501844942463,51.7249757836478,15.7885312635495,hand_close
46.520911154163,59.0995131464487,15.2709079263308,77.9783459715264,101.233557322962,24.0539635952412,106.098211177316,134.803356580592,30.4369854346909,50.4200704341169,62.0547965316925,22.0403784312449,hand_close
53.31577151693,79.9685067927076,21.5814676854981,168.681471143925,318.326459619696,84.985518248401,146.507508134958,242.73844220612,68.3593214745306,99.4294882303544,175.668907166583,64.0455147171473,hand_close
100.846607860951,295.107320558328,40.9808149303701,496.908958926608,1396.08521608675,218.083721330118,382.559747400027,1178.93919399866,168.219542890195,265.72502896015,726.973348058894,113.202578331092,rest
73.0580493174684,287.011767444911,39.058308217652,396.824315705488,1362.50518534648,199.502172504351,302.873941800483,1157.65343373423,164.871153837685,205.639782054243,707.250789031074,102.802768106636,rest
5.44773618417017,7.2532975152044,2.67521323758179,26.6891902885947,41.047768353417,21.2372626427288,21.2475803879774,30.7230797312001,16.4494056006064,18.6337523331896,22.7004184541577,14.443441136904,rest
14.1908373333899,21.743897794667,11.0954941904337,9.1290647605873,12.0443668956377,4.44423979107268,4.84643755645784,6.76724440645472,2.49420223608137,25.986558148949,34.5209498498001,19.9886219868279,rest
25.5733921969472,31.3780771176252,12.5885459225006,11.9973716657003,14.9502950569101,5.9325859132288,2.98945321787923,3.68633969764435,1.01448481606822,40.3400028917848,47.8201787541298,19.5353138861036,rest
16.4224953878453,23.4991840573405,11.8493345954918,8.26017462645433,11.8538580369762,5.82485819766071,2.58700484362616,3.32137489777536,1.1705557308229,25.2801041587567,35.3614926249944,17.6610228557978,rest
5.95256280557387,7.12598751586744,4.09833938535488,3.08661697229191,3.92726863336839,1.92849672455465,2.05639215426419,2.7360666379266,0.675971369512673,9.14923961810385,10.7894153093616,6.3302947646059,rest
15.4253436083918,22.367873533782,12.1083846853264,7.52794172233258,10.7304444728396,5.7958007187869,2.20842109474124,2.75109640160076,0.911613717282616,23.7018320517737,33.9620562375326,18.4246058476419,rest
25.654425848809,31.7089848703717,12.805454800227,12.4977061515338,15.3107136684909,6.00527912381162,2.44065467595708,3.27482802406839,1.04090567627313,39.3041302086293,47.5331002397295,19.5775674550178,rest
16.7014847034267,23.7373105943324,12.4817450391828,8.3847795996511,11.7093038484619,5.96738457002189,1.84529891020958,2.81748311284031,1.03578198879818,25.6705487111951,35.2594323767439,18.9689232871452,rest
7.1374283889716,8.42046440670861,5.61597496293879,4.43019356026865,5.56049503342073,3.23997709860485,1.64941028710055,2.16184885326237,1.16712476076153,11.029513611086,12.8687506779687,8.61571556352346,rest
19.0369575983507,26.8756052527772,14.8537258325835,11.9570969701996,17.1893580470842,9.03199347664409,9.18484348494118,27.2519412257521,5.96755017514416,28.0248900388296,40.3268345032433,22.0470508078025,rest
46.1323016646068,58.1924318832082,17.9100017713493,58.4215317896261,89.0616651213081,18.7885137523359,208.010751965365,378.469550859379,94.0798280046129,71.7963612434041,90.7026209904469,28.7748994845335,hand_close
58.7653025416356,70.8414881467132,27.9180965046777,92.0837586138128,114.610027369279,31.2972647328218,333.69924273908,450.649530226071,106.238617635296,88.0787534637913,105.413550394786,39.1644106729227,hand_close
53.3513131562755,64.962094190112,17.8319663904368,93.5018941697611,121.439356278992,29.5843118319723,237.734010627584,324.003670269629,88.8110480806846,64.8937251475649,80.0304311594445,23.4924608547929,hand_close
45.2464863061258,56.1640319485284,14.0848581007891,86.5086085447001,116.024625257738,25.634425846813,193.601576371169,267.407262537481,64.9822489696678,49.0373360226822,61.375709236787,14.8283191154209,hand_close
34.9305272063287,44.7451609606694,10.6780943000554,64.2100029632513,82.6115730038127,21.7097957297462,158.171345812532,210.713995931231,53.1527196106604,40.7809242762615,53.1480343300537,14.6256331085888,hand_close
37.7382733030781,47.5704753206448,14.2641850866821,67.028818516682,86.7796622589721,23.9647663332764,122.835105508725,163.50840821374,37.1008688823487,41.4707412750465,53.2296487992898,19.990048581675,hand_close
45.0212278047487,56.2712520258121,18.365196801701,73.0688433285585,92.5719659524074,29.1869459741977,108.201823954789,142.223957405491,32.9034519217855,48.3530837756966,60.1540772598904,21.0134310863875,hand_close
39.4533405577212,50.5382028574201,15.043375486269,85.0244780941057,107.041143641728,33.6431518742873,115.611357771459,149.783888075349,33.4391901676734,40.5040740488186,51.0295306477376,18.0848641277399,hand_close
31.0615057269815,38.1304346866186,9.32768002547744,84.5704923074573,109.039887761651,28.259443467363,115.659947944096,148.685388785101,35.6874588764377,33.2053234916807,41.8732169526446,9.11574063530439,hand_close
39.3720222153555,51.1420548974706,17.9307168055293,67.9273559432558,89.8273182538206,24.1045054228031,125.756024284939,170.40660390356,49.0270132913775,45.7089659945545,58.1533262380483,21.7708475761965,hand_close
50.5671678948271,63.4642113173343,21.1398169911758,70.6016771803616,92.4214107338739,21.3869778196421,139.569142219477,179.013167818005,45.5752224847545,52.2360496217964,63.9878236745078,26.6153385480137,hand_close
42.55712068228,54.6224137941159,15.9809182798082,69.1178881581351,89.5354807476612,21.6526192953771,100.823699015148,128.573809696783,31.4227954775186,41.1510731501153,50.9549565724501,17.9255835480423,hand_close
33.7633089773631,42.6127349966153,11.6715993897079,57.3796259307872,75.2363480648714,23.5144690598062,90.5537154531383,123.89045561289,37.0456972002201,32.1816349390327,41.129429372121,11.8956147050628,hand_close
38.5719017047431,49.2620829369946,13.5339016405128,59.545887076262,73.5461031567787,17.5817525931126,93.852781667558,129.61772681856,41.7356996617621,37.6302119683363,47.9775634649036,19.4823412277177,hand_close
43.3502771776603,54.1703739819948,16.8962956135204,65.9784571604677,79.2527876945204,20.3797477655263,73.4200354925962,91.9057241728826,28.4424393096983,49.2933928491511,61.0271856557809,22.0662009371844,hand_close
38.7386676335257,46.9027778755714,12.4581585012583,67.8722908675382,85.1588441448118,25.5600259080421,72.1194036769964,90.0619356951826,25.5700437089714,42.4424108456601,54.4267429052244,17.2840370096741,hand_close
33.7761178169922,41.1029040294945,10.1201893893005,78.8327905692652,97.4531397571597,28.7466675534602,68.0624137340787,87.3147813274073,22.0374145325377,30.6254553703013,38.1256723153125,8.87958755189602,hand_close
38.7258675203286,48.4776262008485,14.8920379519408,85.2153257865837,108.154004856152,27.1314057447305,63.6189687286105,79.5897922284639,18.4448086263687,33.5143485606263,41.6924440893674,14.8362436612704,hand_close
46.4484477489901,59.8430783083137,18.7900426466905,93.0917878629258,119.782521449628,28.7213323733387,66.7286589264791,86.2547762788355,20.5212750480938,52.2322273839945,64.3977500797228,21.3353045230291,hand_close
90.9000359548496,171.748158466511,36.3725530936596,210.396352634359,449.088143022213,84.6779108531106,121.644343821061,238.420007194934,39.9643735772943,154.494433096672,288.738748320947,69.1385288891794,hand_close
157.866617523371,450.430996048935,66.5282191278959,486.466772793646,1364.04367690938,214.700021987573,231.125916216479,668.242804294547,98.2376118599576,344.53777240607,908.189221885821,147.508440334132,rest
95.636674609495,418.912858135499,52.8650168789229,346.608633044415,1291.58006299741,183.860184143093,156.133744766218,628.137491080129,79.9404281823734,238.500380768276,863.241666544004,129.900444720138,rest
7.68770972662337,9.7611805171267,3.86806503302356,25.7534864745539,36.4184092044009,20.0514177222314,13.511230628566,18.5791697017597,9.79559633837873,22.0476765169633,27.8087266983246,16.9738096196607,rest
15.6967368116857,22.7556355545447,11.8058928821051,12.2025599644271,14.3514610379165,8.88792719764632,5.48194345968719,7.35467156421323,2.93755834618188,26.8478859625977,36.060116524608,20.871806323063,rest
26.067791911371,31.6844459851541,13.3097448499688,13.4795077063233,16.0438511517134,6.9486008422891,4.02471588122529,5.34985750338835,1.19979086374103,39.1142435228579,47.9497957398239,19.7904204709698,rest
16.0924599643125,23.1421969909981,12.568625728957,7.95023048489434,11.2915216067073,6.01295265390803,3.1917454232329,4.47410228873855,1.00407320575404,24.2491168382626,34.4834505230323,19.0409322775703,rest
6.06013399125706,7.32238716182765,4.34870269281024,3.03115509547847,3.71328454064462,2.02007466677175,3.14802476893909,4.38239145381351,1.25567715365654,9.71499811249974,11.3589516473395,6.87492570744679,rest
16.1375947373165,23.0909779976435,12.6032460090634,7.8775726304326,11.4150434119279,6.10089330062876,3.22955969630782,4.43111767577498,1.13206250808902,24.9475182873316,34.9027593915462,19.2698595777875,rest
26.1450822712257,31.9245762845484,13.2912192738539,12.9250200002324,15.7891678013539,6.76583624526692,3.91875492592738,5.38432507964053,1.14037748072453,40.5204690334359,48.3241836211373,20.5915323687642,rest
16.4154715129412,23.3202121439244,12.7143527407884,8.14063371834629,11.5378299763646,6.18681379208835,4.70284859581438,6.44774946087668,1.53502164473059,25.4570155636503,35.3960118196316,19.6282004406544,rest
7.17564660764864,8.50018364509696,5.33000706774569,3.65920175639349,4.50907667524478,2.61956023729302,3.92566693810105,5.50448991643075,1.52645467372497,10.6255246360425,12.3180280584743,7.98251344523465,rest
19.3371676356061,27.1861550099333,15.0068148247344,9.57450235698067,13.6901073121554,7.50795575237955,3.57955650382528,4.57181808757985,1.14067121206643,29.8503757412477,41.2730609556742,22.788765047619,rest
32.8436997202132,39.3674117932293,16.3500071711123,16.2962153208597,19.7824783414504,8.18087062007598,5.08489908623481,6.51108253022812,1.62504772524651,50.7100739812766,59.7472524030681,24.9132396528965,rest
31.6368834436922,37.5936458354219,24.3148097772028,15.8374501978588,18.7853527999449,12.0574469981751,4.89603970172712,6.18940614366568,1.40248372884979,48.5776092841834,56.9994750068433,36.805760154228,rest
28.0390582113714,33.206758702095,13.7395782143977,13.7491148746659,16.144999755916,6.94687399462636,4.38859794887074,5.38095539297239,1.2504945655939,43.2668184119378,51.0716436855538,20.8972807515924,rest
17.1487037850991,23.9797444818822,11.0545588336369,8.33008608563149,11.541199643058,5.36656490347286,3.83725006680719,5.01654714326836,1.03334463271302,26.1548626682557,37.0765463474344,16.7166094876432,rest
6.3143632192779,7.65695691044202,4.37021234820217,3.18214591820916,3.99454540932924,2.01022310081927,2.81118702037495,3.6273010240217,0.908824825703536,9.30628307517949,10.8551899286549,6.59767751354371,rest
14.4666886558741,20.6527475732905,11.2892419395417,7.17192460500095,10.1983771998723,5.52204516768568,3.55337993658332,4.78346831069259,1.34333388732212,22.1836776356118,31.181764261051,17.1903529715763,rest
25.630915021386,31.8307317739121,12.7686371924433,12.5940475862333,15.5338062569452,6.26823804628054,4.8401889929367,6.56329523230409,2.07639451211056,39.1852774126571,47.6639828581364,19.1090829559956,rest
17.6960968042578,25.5306638561492,11.057352813436,8.92087991210673,12.5313595103076,5.43641298325698,4.54235666046323,6.12978001934137,1.42891581599671,26.3462794019836,37.7099509863415,16.6713283097891,rest
6.59033738038368,7.91738734838642,4.49119059995336,3.44886092338635,4.3249928053372,2.18938807681966,3.74680353284596,5.00776747333013,1.08049886255415,9.35135107969043,11.03279665815,6.79686028177883,rest
14.7220062022839,20.3434229183226,11.2047555754123,7.26475525138367,10.1746980154659,5.42720751038055,3.84355151780405,5.21135801998147,1.24405381391127,22.0665786484601,30.4479844825663,16.737652635694,rest
26.0784268086824,31.6726601435753,12.7643137287226,12.5830276978448,15.4320501542501,6.10619726456712,3.80483039371483,4.89607663245817,1.46913096385323,40.5811907060576,48.4771464218451,19.9942425527515,rest
17.9627513185499,25.4857128565378,10.9482846870134,8.59016407974415,12.2755167740735,5.34809692546836,3.45299098958245,4.95828354782642,1.07930391525303,28.3329126276299,39.4435718327519,16.5880071264468,rest
6.46697095654622,7.82384823288076,4.44296280139527,3.30125788110257,4.11169855993032,2.2047268358443,2.99802875590697,4.68398141072284,0.972236170598585,9.75069543020435,11.4840975831252,6.7924646757532,rest
15.1306707435985,21.4934067103621,11.6758228373848,7.38595816238412,10.298850060545,5.54456437748245,3.54298962189383,4.67753391641222,1.0531161820036,22.3546921895438,32.3141438328897,17.6547454718198,rest
26.6737011280753,31.7047044846485,12.795883026261,12.8649493067942,15.2904498541731,6.08720555521239,4.93545617483246,6.39901034304866,1.32615141119873,39.5881546336749,47.9775739516014,19.5050978957488,rest
17.7025641119638,24.5037522026364,11.4821129846,8.54521719325405,11.9511715037665,5.51649475886882,5.07978129251528,6.84870132870513,2.03632402384159,26.5536540293111,37.1593464278515,17.46307475913,rest
5.77131372097798,7.06298769710169,3.99744233906627,2.84505967276051,3.66862890173423,1.91360011322606,4.41790168732677,6.1737678890736,1.4344129147585,9.19044261814078,10.9651298560681,6.36702967421009,rest
12.9214515926115,18.13486185706,9.87425682427219,6.96990600397557,9.8871020423874,5.25718310804463,5.64848527053739,7.48539829398301,3.14350012373638,19.0489127409426,27.2615388171764,15.0284088653543,rest
30.5964735066046,36.32341622258,15.1615821362465,12.9611981753607,15.4416532473979,6.21318541188994,18.8288859889765,26.8919937642889,14.3745529916328,46.2664482429052,56.5863104650223,23.3235893756208,rest
59.601942231881,83.4570661623546,40.3721853237206,14.7112496751493,18.9683225491389,7.58245743715292,116.088550255568,224.381381150118,78.2035024586772,94.1554487094213,138.607236007846,66.6728741683635,rest
109.688812982018,304.973133064364,44.0091745889281,30.014660171071,71.7098037405815,13.5121189062665,459.757807012525,1299.48708952647,206.70662625205,239.905536202001,651.055355162607,100.936193299061,rest
74.1092508122171,295.12780448114,42.8851810563398,25.2903068293608,70.3598216443545,11.5727679763451,376.743597185911,1280.60049417767,201.863244933693,186.020051310017,638.271923061444,100.072736206842,rest
7.55361466305369,9.48033961972866,5.20306297022872,4.66395684708399,5.7823078919678,3.23693103484276,23.0846241952593,31.964143962979,17.0902540462441,14.3327178309328,17.3693259909704,10.8290210353949,rest
16.7921725234899,23.5120513014543,13.0283220505432,8.53436589339008,12.1585959792722,6.61723723112864,9.37081032813218,11.8645122338825,4.99940697143029,25.5943606027515,35.3664406195054,19.5296047567294,rest
26.6367379030443,32.6512432284075,13.2251338973125,13.3146890599877,16.4303420958373,6.68786441595514,7.89217665943777,10.4489913335571,2.95592002348031,40.7048336434312,48.6747822742073,19.9461221836465,rest
17.4098842911646,24.4848359635466,12.7227767273186,8.60779996738973,12.0786523770937,6.25536373587831,6.01726382102132,8.59336711820453,1.97911111796591,25.3488048032126,35.5133153929792,18.4967905277928,rest
6.78235885509888,8.45809540872199,4.52499522038461,3.49303356494129,4.50082996107612,2.29794178752694,5.61199941375948,7.41228807695318,1.62299408643677,9.79149590789103,11.5827017286428,6.54492779982265,rest
15.5260131993721,22.2410464189876,11.8797766088185,8.05709421295361,11.3430343776098,6.2064971650398,6.90660495919542,9.04201878824718,2.45230865797025,24.0622375626785,33.7794399808835,18.4069379547861,rest
28.23631924816,33.577687322768,13.875117973229,14.2426838803255,16.9402047659284,6.87380466815497,7.50782459155018,10.2808665647721,2.71455889866813,42.7327315428829,50.4121703555472,20.6405297278591,rest
25.8630760689339,30.7931177037251,18.6037541010274,13.0145125829993,15.5203927435097,9.42882092456379,7.66858861726921,10.6150654011503,2.57019624490074,38.4686302063683,45.0325922366902,27.8988994120332,rest
33.3594349062731,41.1213031781155,14.6108170707321,16.7978743439899,20.6841238464411,7.31335250870865,7.52679208584525,9.81004995585696,3.20519346561865,50.3355842824642,60.7233836676201,20.5667392014098,rest
46.1073107056836,52.2029915251224,21.0133725739849,22.938527664837,26.2118709036863,10.5520813734687,8.42590675492989,10.7844025985741,2.40943181206749,69.524649926012,77.4894784155779,30.8594837859845,rest
40.0274070111368,46.2462653445202,19.8932047269725,19.8482772076034,23.2205083960494,10.1013142797862,7.93843131099952,10.4152246790297,2.29134038805137,59.6308334918021,68.1902054581299,29.5523322205567,rest
31.3326859027265,36.835783785644,23.9432297033164,15.6131331885267,18.5194103622986,12.0097000338664,6.56037704794126,8.55861187813416,2.52916529796918,46.7812139948695,54.6654613250382,35.5853256464197,rest
29.2499600969989,34.6188960230938,14.1628552314756,14.7909549919944,17.6766111742459,6.96821561997353,5.48435946253143,7.2030014183055,1.69721301467152,43.4155660843996,50.9845192065112,20.7950946541419,rest
18.92015241589,26.4783399176964,10.7585108291306,9.51596098697332,13.5953696801445,5.29867578556498,4.68078924982408,6.17174495519074,1.50917622780726,27.4669622829132,38.222581569167,15.6795407643862,rest
7.67941175986789,9.14002387164541,4.82961069477114,3.6401629436577,4.40756089718397,2.36355155198806,5.23614221434003,7.01698455992069,1.71064433155558,9.92236441338652,11.7580669626298,7.03156467109801,rest
15.9356025607242,21.611711048161,11.6159518078512,8.02683833515104,11.1305085606496,5.9753743629319,6.33416192738341,8.38919789312621,1.95715641257588,22.7111217916001,31.9774341361075,17.6080582166092,rest
27.06625918518,32.2676680241931,13.3205372989176,13.8715173113375,16.7764605929627,6.55097761714039,6.25596872696164,8.4306876752914,1.97970964265975,40.2035910713556,48.7639485577273,19.9078130177467,rest
18.7356860639145,25.6260876703248,11.6155293956292,9.63557250546223,13.3838430177677,5.85174113960078,4.8494190100672,6.6431508972042,1.76197413494738,27.5575284179164,38.7223363884052,17.2714669758998,rest
7.23462806586549,8.77257574683756,4.8427892220728,3.80304365496926,4.61926207008128,2.40064901584521,4.20881163718855,5.60888003730272,1.12068498813082,10.0734196075789,12.0793127742494,7.16629179647423,rest
15.6294689949092,22.3631796871564,12.14088005473,8.22109814552903,11.4458563489851,6.12114655811471,5.01575789442619,6.79996254826821,1.58228790440095,23.0933052489851,32.6840702420793,18.0884416549309,rest
26.8079731306784,33.2295497206523,13.1910678372698,13.6533196159948,16.6823959589652,6.68841201149753,5.47386015806491,7.31426713373807,1.87842254516233,39.8297297712755,48.6222420288578,19.492148874055,rest
18.3567059790921,26.0113759075985,11.8641502417817,9.18813402502558,12.9349879541498,5.91606216949436,5.13866625313632,6.62176908617383,1.59633892286808,26.8612913782131,37.9749200739801,17.9488673245471,rest
7.0455851674538,8.31338104278665,4.85441830597779,3.76705685589318,4.58617238547425,2.49118375150421,5.97182726872717,8.3474541364415,1.90916907525461,9.73472237036023,11.6444932169949,7.03703455463135,rest
14.8400993756403,20.84058119763,11.4861417488301,7.46820438837634,10.3756672709897,5.72873451740315,6.11212854373194,8.39726151457072,1.9998086623419,22.0510368607716,30.620815997032,16.761217730295,rest
27.1765703278056,33.3179496583055,13.223950744984,13.4077378537108,16.5118052430853,6.54309912617137,5.49128263653876,6.85527868614308,2.14082485674332,40.6901195571678,48.2470700977078,19.6851998731744,rest
19.2450001796395,27.3918469041996,11.0739316065331,9.83052080393495,13.6999820658967,5.54757400473185,5.67602954571114,7.0867599051758,1.92817194456795,28.4201851194558,39.0219539683488,16.5166099251657,rest
6.54596327885409,8.19926139821986,4.75371243997948,4.27299512748116,5.21742832032408,3.04500614408354,5.39704095848579,7.10235533249203,1.66559098542894,9.95756325962357,11.6125104322053,6.88423087064043,rest
14.8426765375265,20.8708717484883,11.2990211145001,11.3680636648475,16.2612191153676,8.76586877995049,5.71482504083221,7.58842834149981,1.97069694359641,21.7537577735833,30.3532175648853,16.7624287903239,rest
28.7200507527277,33.8742339308009,14.8391627090916,19.3397619372815,25.4216081535113,14.1850158201095,6.90936486138691,8.58306811533352,2.70281701199724,42.4095544351551,50.7915925686094,21.2422808757997,rest
39.4170830897979,61.7557506685474,20.4134544662114,107.646484028065,235.658796233557,70.642265981697,24.7549478070924,53.4777721065218,15.4627099338489,57.5764428213103,83.0874178048977,32.9159642926971,rest
103.727942335508,298.285011692095,40.208340064404,380.94836966276,1181.56706295082,161.549861498724,87.1390607507385,262.154114679086,35.5145107041773,135.537186590363,375.576791824211,53.510195118953,rest
88.1383934242812,293.321482300494,41.9924994373599,300.491290963082,1158.37110940217,164.068862459264,71.6775432292591,256.907282119029,36.3411230184185,113.388323711381,369.010662766279,53.8037166265167,rest
10.7739416947093,13.4828600349842,7.63488876727391,20.2065623313777,29.8820079390681,15.424562454349,9.17114586838125,11.9634242150627,4.03040240114968,14.9854170929758,19.0056624728738,10.7372730523311,rest
13.4493634506612,18.180867011563,9.69981683889873,9.20783156309831,12.0949559967041,3.92510851991345,6.88697887700942,9.04885360470619,2.18141932968381,16.6791073854578,22.3287635296857,12.200072328689,rest
19.8319559606361,24.0748293954288,9.59353636818542,12.9251333571503,16.1409198448483,6.2262206225381,6.52871534270517,7.99679307423893,1.79465674401199,25.0808636091504,30.8632449104283,12.1621690210015,rest
12.8928679043957,17.6735612389522,8.4332470670281,8.82863664332088,12.5113974996339,6.16351854682921,5.45795504789353,6.99043578803079,1.7037894246402,16.2477561869853,23.2752175396413,10.7137053144026,rest
7.00649975009468,8.71121440103087,4.42418459378421,4.20052200429153,5.10111000787472,2.75656636483449,4.85698465522184,6.40978653652109,1.45141684342277,8.11550938380622,9.9688128974063,4.86551224370233,rest
16.5055483475971,22.8970109575244,12.628174921902,9.46189469569255,13.1746578467893,7.15896654099088,6.61764806053619,8.3522866296449,1.9255749014704,23.3077960296095,32.9307580983183,18.3462551649504,rest
25.3208849386941,31.1765129694231,12.4057962118391,14.7947421716011,18.2928033156573,7.30134190759156,7.09342961470627,9.03621859051214,2.24552981874413,36.9356890733693,44.7561722990069,18.425348761818,rest
16.9394798574298,23.3608023624806,11.8897903616121,9.80215271200256,13.7621967640603,6.84789631216404,6.24841661729699,8.10235845773685,1.8865827389336,22.8839985944472,32.322609552692,16.5995323842774,rest
6.55117949740073,8.05711739224152,3.5769044180907,3.90113287026356,4.61377924121557,2.28801977097493,6.1525420040646,7.64629335516759,2.1368864370183,7.72546615423913,9.51226207184665,5.10556128278488,rest
12.7547790661236,17.8486730631952,9.64982421999862,7.77139303744005,10.8781010891608,5.80510199370925,5.68624908622695,6.9945564703671,1.72137517770702,17.8742450108338,25.4151016792608,13.5650482190982,rest
21.226056881296,25.3268259773202,10.0478992921018,12.7342151904836,15.4968311512628,6.09603046536522,5.70618237327476,7.13078320721055,1.77441235912943,30.2931497771705,35.9633577770906,14.5757158027542,rest
24.1739614234044,29.0343645848575,16.5872681000966,14.4826216071442,17.6529858892779,10.0108421405315,5.80470122136336,7.18777500645248,2.04550410801027,34.0725429844643,40.4175407529979,23.3570049568489,rest
25.5297916906422,31.2218144610152,12.9190951809765,15.4534289342722,18.7939584643388,7.83996941720996,5.29561023961665,6.54333296721304,1.51069769326548,35.3590638009766,42.5671975894362,17.987696255658,rest
15.0952546893403,22.293174409927,11.8842288171636,9.38970830537824,13.4510761256541,7.27535854216598,5.00737224565893,6.48048683504777,1.57467955064038,21.8177898773322,30.4784386265922,16.9403959503217,rest
5.82755870281421,7.29866387689083,4.07508472205783,3.73279462764807,4.55012632684753,2.50032772348246,5.03177126529454,6.46890633103841,1.85067009056083,8.94916632612767,10.8026935321617,5.98733104660565,rest
15.8015143244642,22.0941274524271,12.0435581957719,9.40005731121316,13.1552769060277,7.17039288662862,5.3090098610118,6.69374555996966,1.89771167648178,22.1875634667556,30.9434257325773,16.8090410176643,rest
25.0575216670397,30.1738762732777,12.4459343281076,14.8839843656754,18.1992150763979,7.32913793836237,5.41859469928056,6.88178491007839,1.66609670727104,35.8568935303215,42.7900083777676,17.8318959694204,rest
15.4027265557549,21.8486663497961,11.868399200486,9.31975240500084,13.4153435633065,7.14642830378724,5.01754734145306,6.31869844392401,1.32688948581112,22.1361073350476,31.2214525851632,16.9865579277725,rest
5.9666281795819,7.17157235766101,4.0541264866576,3.81362709215211,4.5274378619387,2.47992241409202,4.62805279843346,5.95922690640545,1.97761254126702,8.15726065136842,9.95929963957759,5.64895936339047,rest
15.6607980493647,21.9318666451693,11.8434078832533,9.50479197762602,13.1548132277627,7.19124982489015,4.7617323028218,6.05751364899907,1.67263655822975,21.5894572385423,30.8265192924455,16.5166772162876,rest
25.5048496278895,30.4332053107775,12.2597911011621,15.1362817684985,18.1706540077951,7.51760469540692,5.52388494105312,6.9119337030505,2.45224012622793,35.8570587767527,42.9489163220062,17.9377899201397,rest
16.05453139812,22.3849830908295,12.284877790697,9.52321646937321,13.3412452810702,7.24135185198085,5.41919977316023,7.10989886275216,2.0743813976617,22.2975382290928,31.5033419061402,17.1622026871934,rest
6.3456295160391,7.57589951977234,4.29681599083144,3.6324395294043,4.44958551614558,2.53624775023099,5.23490742367235,6.98734456588923,2.18175943331358,8.38962898277544,10.0985518684867,5.8231621603124,rest
12.5564658201274,17.3780220606779,9.59783910940281,8.3271489863028,11.8389832995833,6.3417331627949,5.29986981185287,6.86282831741152,1.86838479148787,16.3326048823981,22.6170937059806,12.6721381095823,rest
19.6728197770863,24.1289266015161,9.25497131815399,13.4318627338604,16.246364646219,6.38275028998189,4.78853400928088,5.97453119287421,1.697654444218,25.4222256700775,31.6543187726679,12.5266432467815,rest
12.9765261694271,18.1262089279265,9.60354000898757,8.65393498496311,11.9890423411063,6.51876285198166,4.80398989828427,5.99189326615138,1.44449644747089,16.5422230823992,23.8696517890977,12.293142450964,rest
5.94870733703209,7.14261595276147,3.75535877500474,4.24047630784814,5.43417382564718,2.92019236047929,5.0024611901249,6.3112129248661,1.50931287031351,8.19002485013972,9.64835720344753,5.20561831951275,rest
11.745431891607,16.0869557550706,9.03915758547765,11.3839101271635,16.3139367897905,8.77936641101899,8.20776603916017,11.0322804809866,4.77716304257549,18.5126362497249,24.3201081606097,14.0993742596314,rest
34.0571382932784,42.3435447222964,16.8182736245261,25.523720369132,31.6191460751383,14.9668763002073,21.583970134664,29.9113589043229,16.435831471126,43.8757504864577,53.4498180717091,21.4145551844273,rest
114.545177189964,202.909213245801,80.5758927846391,118.268538842171,228.618508703725,80.6317527651639,122.377282298004,252.708614639622,89.8689436560138,123.563027614658,208.363784106898,89.2712621834938,rest
299.673372545534,898.674030282041,119.473674481068,469.106036147374,1325.90427407096,211.966752396465,538.052619446805,1518.15430988406,248.690306824957,295.093182599996,884.147292786044,118.202055566627,rest
221.77161469514,876.58136755122,121.823817345557,385.317657546213,1306.69538996314,206.333456044623,453.046985925719,1497.70983655609,240.923580668273,211.09173633746,860.742735822407,118.558566674179,rest
13.1527226040157,20.056337590844,8.67459510430066,22.1109446098137,31.5474013531636,16.9819930707782,26.010701938883,38.3282653158725,19.5351378293922,12.3434673448182,16.6890155379736,6.24292215601823,rest
12.975609391943,19.3059717385794,8.78331962444961,11.2769888567694,14.1972057540559,6.98890627529444,8.64101416849746,10.2624641766739,4.1955164584644,18.5112151344676,27.3079022345397,12.9805930505284,rest
23.494249660106,28.4065351412747,11.4725084145103,15.351425694239,18.274753432957,7.25441012695323,6.8276804446731,8.23587717520599,1.96051528759914,32.6140129419367,40.1691607664632,16.5573481455352,rest
15.4489387655582,21.7928391073184,10.6071593213467,10.1181711055509,13.9450738271206,6.7538852941721,5.82715172038476,7.24419245104622,2.30203161219994,21.3939367110865,30.8215659698857,14.8899213217112,rest
5.65094066721605,6.83122513100964,3.65876505061434,3.69621650480438,4.56993986220982,2.237245697103,5.32213289970291,6.8716556069339,2.15597315575922,8.5659160464363,10.5410418159212,5.54913559185097,rest
14.1858759605147,20.9348739153725,11.1896605673729,9.01219460051569,13.1593142266116,6.94233042271651,5.10437455785441,6.84635570930419,1.5155424667089,20.715475373449,28.8003198974275,15.5881496866186,rest
23.6467042761527,29.2833746111728,12.0650596392307,14.8192173129743,18.2860805980547,7.35836044754201,5.21961825334631,7.08092377652712,1.88640441407637,33.423462883439,40.0456622608992,16.2801963172778,rest
15.7664225683345,21.7710983191819,11.4524502903331,9.88371185574347,13.562610892415,7.11370816912582,5.78998363040386,7.74304142094595,2.32068858349179,22.1349288813722,30.0383853819402,15.866142863761,rest
7.1717508297622,8.50445336989482,5.04104386564113,4.67766435401514,5.46542967080802,3.23363109960417,6.00999600638529,8.09872202639506,2.06529110168422,9.60858995363187,11.3685342425453,6.98820594065475,rest
16.5020820989697,22.7952351802028,12.7209011061043,10.4175756055337,14.2249730097892,7.93662711522318,5.71667119039103,7.38993721824169,2.0502026191318,22.8928258065055,33.2069394168386,18.1779512302222,rest
28.870250869836,33.9129959117623,14.0647267162758,17.9906313867432,21.2119264354408,8.69135614744204,5.56931231604063,6.87999546527836,2.16492196892992,40.1451154100378,48.803731236346,20.2328265698698,rest
30.1118514668708,34.688886312973,23.2309771937542,18.5347779662653,21.5700506249991,14.4465410080239,5.51920738852751,7.25725181794644,2.69531654924057,42.0896374358226,49.2672320078471,33.1478131947126,rest
25.3611739751525,30.2586879399893,12.6765814217867,15.7399100690274,18.9486727731443,7.91046327937224,5.11785359445025,7.00776999682962,1.81209645354465,36.3833266795566,42.7408302951081,18.0305833376917,rest
13.9738178303078,20.0838020698254,10.1998498733372,9.04057796261215,13.001025576724,6.3003008026747,4.23797372067225,5.62375587758539,1.34073833849491,20.1044332811085,28.0348745475006,14.7073467843139,rest
5.35591823467749,6.60713882993357,3.61459560996461,3.60610069521281,4.43123071538541,2.15979072888237,4.93138808311119,6.48079240335471,1.34719412386652,7.70267431546353,9.30728512397214,5.27079301379024,rest
14.1963537026956,20.0763155929072,10.7695032952802,9.00285671214264,12.8206701408432,6.55955364357962,5.15843218179865,6.7169530996705,1.44083227936269,20.0048515024492,28.5012070351044,15.3378025818075,rest
24.4299891455347,29.1265056666751,11.8006285058565,15.185346612628,18.3034618332748,7.51942496533652,5.06148691385183,6.66166470958734,1.74075213217142,34.2758549824203,41.3111569100109,17.1983927608042,rest
15.8236889800388,22.1542969334054,10.7605211699571,9.76299349132228,13.7513359236491,6.62044011673302,4.82892789041809,6.3633702945329,1.69375248684947,22.3588367661419,31.3818971613079,15.3435767420771,rest
5.57598136558459,6.75560350395849,3.70315446961541,3.54941723420082,4.35589649609648,2.25646725048508,5.06125236291807,6.81656336420692,1.85479919386085,8.29778462774866,9.89210206833376,5.62376147788297,rest
14.4366490315953,20.630728026667,10.919524207971,9.07590767266616,12.842443275645,6.74726873742797,5.96944018728284,7.81016626987065,2.02502349209058,20.0766204884198,28.3147188178549,15.3667016125325,rest
24.2970719591137,28.9633183907321,11.6342041269829,14.9803769014219,17.8498056154611,7.11228692264531,6.1845292730935,7.91249526369133,1.99507821676786,32.8821475080495,39.5121810650784,16.0794597017661,rest
15.1661199721804,21.3496469960989,10.9093537305795,9.51779759437748,13.1455583887577,6.7357511715903,4.97863385351437,6.6429764474436,1.62533766149883,21.3426098769348,29.4051837770085,15.3442556432336,rest
5.40812591305795,6.59491461985392,3.82124225842834,3.6558403987015,4.42229601321944,2.34761293652385,5.13540946394402,8.53016869886344,1.96930193907419,8.55070207361425,10.4721313047207,5.2856574424284,rest
14.0212380684198,20.0963430586563,10.8796686055277,9.00794133225124,12.7277042123698,6.82785091270478,5.85920655813145,9.05700971003499,2.2495969776656,20.5217762126766,29.6285827052345,15.9693445679972,rest
23.7880526696306,28.3895363373725,11.7582503133135,15.1456559160047,18.1149282995526,7.2740562126415,5.1833724467558,6.54863276146137,1.69911045775649,34.0359829422531,41.353910611906,17.390556771941,rest
15.2320129935065,21.1646654007979,10.4599596406717,9.59541442827678,13.5637160038556,6.5295763652804,5.16148720101424,6.45055888885553,1.73548584900453,22.0174701861307,30.7964270921684,15.8689430332529,rest
5.35646558949043,6.50797310842367,3.59955697648235,3.55666933685739,4.30880168865146,1.9235449366867,5.93599479336562,7.92020477266234,1.81188398936534,8.32865301430614,10.2126847161434,5.66178583247312,rest
12.2157346396125,17.3206211034852,9.1031467368705,9.47497290409173,13.7690802424454,7.15043715729113,8.06711409657118,10.6229911971008,3.51608482983865,21.0385506671205,30.3202557719837,16.2184367217653,rest
32.4441138052435,39.9602659219148,17.3569945895443,26.6095079113362,34.280040124319,15.7634452020526,15.0160625738259,19.9915441276839,10.4826686254174,34.2353824140136,42.1805916687935,16.8565301380137,rest
100.126127120354,188.771926874284,67.0488101899646,123.315751783553,249.112453663306,87.0078905883954,84.6520487063092,184.744488840613,56.7978039601795,24.7579054734997,36.2086192958824,11.757693277933,rest
298.509771848184,898.450986084529,119.003557729236,522.001491037547,1472.98365980922,240.775479545914,293.442503958676,894.042280856856,118.028076348928,28.8674258936,89.4399437524897,13.8937795670627,rest
235.433724329254,879.480711273043,122.506782115478,437.092459676641,1452.51009189474,233.702390412651,233.448102264212,875.276507333021,122.621692982805,22.8635850668268,87.1724259093248,13.1590911374513,rest
18.6288686247264,25.305991746735,13.8085955669474,22.5818433423695,34.7114103626652,17.5583997736264,17.9269960363418,25.3859122703455,13.1965858385831,5.35397172635383,7.02110881649469,3.2033050624561,rest
16.1188467235904,20.8991134389524,11.5564735587165,9.37471862331551,12.8024074498364,4.19935471711843,6.26181152410741,8.07842378075551,3.20425091997757,20.6432069467021,29.5970947432084,15.7447603164492,rest
23.8531361560102,28.5933304568977,11.9398904851802,13.7182715142915,17.0600559184604,6.97892766716512,5.48453208691854,6.71069919372353,1.63000294725236,34.4045084181313,41.1889116134962,16.9221509773845,rest
14.8865065588485,21.2390409256823,10.9126339690575,9.27945257005585,13.2133175940677,6.71527413863829,5.66867025941177,7.35015953033745,1.93800060293901,22.26713652596,30.4700635293667,16.0583394671941,rest
5.72476276556382,7.01743060322822,3.79812700290718,3.67249172071131,4.43491690449529,2.34192016988631,5.95359324957503,8.03889380958715,2.00795880415378,8.78052629936998,10.60087238672,6.04846101747241,rest
14.469798441818,20.5000370289817,11.0172878052401,8.79209265625984,12.2753854279954,6.68863418063659,5.76368116906546,7.68772353421172,1.90523473187812,20.3352477333223,29.3194720709276,15.7218089062807,rest
23.8841882629385,28.6202274607636,11.6201639316174,14.3239424612332,17.2848885136588,7.01916555009116,5.23949430142893,6.59852757895795,1.70433787265996,34.4819931757279,41.6146488374776,16.7439182875998,rest
15.2378768011436,21.2534204648455,10.5232754290681,9.28399386554462,12.9794947153564,6.39147690258538,5.63117753330944,7.17844108480853,1.63037344680405,22.2880540975953,31.0731707982693,15.5218921540178,rest
3.88056400581802,5.35176943127705,2.52731023706841,2.98900716475199,3.7013694857655,1.44655177743516,5.09276699791246,6.56159696992967,1.48949740199532,5.69492920084865,7.46733876405298,3.59821777373513,rest
3.09345815754592,3.95373288941447,1.66048145009704,2.42052313754264,3.01550082050044,0.900281346034598,4.39088590855873,5.69394121259751,1.29384072913975,3.90461948345913,4.87645406090173,2.31157458138305,rest
4.56893681770159,5.39634163086333,2.16211620811208,3.13439723249075,4.00594764755126,1.39579005943016,4.76720748554868,6.10883658543377,2.16172324402346,6.05584233792154,7.32776793973009,3.07455087192183,rest
12.3138379626715,17.6429941751477,9.10358872456044,7.75259472784198,10.7608374858848,5.49234169701948,4.39059942545045,5.41301170017658,1.1814441284558,18.4242748515127,25.8235861850576,13.3794650293713,rest
22.9954732991948,28.5513068383516,11.4756638620387,13.8507754710984,17.0107523758485,6.73702171536954,4.84886013721964,6.05777352667794,1.63063448994687,34.7406930551323,41.4654239140291,16.7013544925657,rest
16.3511860788604,23.4764285543963,9.57894558293917,9.95003800856193,14.0218593856768,5.73386825422867,4.80672629659464,5.96901188886243,1.37167121882492,24.5222970000629,33.8883881701265,14.0363758321268,rest
5.69183996670034,7.02971557114617,3.97492632266217,3.66151439946039,4.54714014947682,2.40812309582459,4.50081698224355,5.93801338077734,1.3434333600181,8.340858787538,9.99658009927419,5.77918784087951,rest
13.3119147688985,19.131582309884,10.3346030711839,8.2222274402328,11.9721566034555,6.31721525112728,4.91995765498964,6.43252930656373,1.32943558961574,19.7924550789855,27.9557487168841,15.2382968754753,rest
23.8813319883053,28.9119936160235,11.7600465995875,14.2354277587628,17.4227905217006,6.88786207894133,4.80441353577224,6.12558773075081,1.49766985093638,35.2627162677016,42.1237267488125,17.2501573740329,rest
16.188800359771,22.6807853664419,10.2457224815384,9.72684568396312,13.464485045619,6.27631424051657,5.0937200709642,6.55267163323368,1.48639366640613,23.8154145808105,33.0679171317695,15.0714673111658,rest
5.81291023761561,6.7513385956301,4.03386733437075,3.85119784872641,4.67159735006301,2.46894333008128,4.85439916002507,6.12247889458916,1.59114185796477,8.34223996613839,10.0575402643072,5.75878287592452,rest
13.3169100254564,18.7074105540814,10.2310531417956,8.20268398489726,11.5179756410894,6.08319486451707,4.72157686907975,5.9108698344069,1.53223017538663,19.1738945743891,27.3825261288782,15.0281352138379,rest
23.4229979097675,28.6311335830817,11.4243961603112,14.1097091567852,17.5137614729232,7.00343172501333,5.29622593450357,6.933540807247,2.01671751702995,33.6669296693568,41.2897247113657,16.4537169703407,rest
15.8067962684768,22.7040501651674,10.0154458702017,9.72359432923435,13.9999508282418,6.06946256494862,5.41896513173908,7.29839048891892,1.70438843905991,22.8628171598077,32.5714659473964,14.7995940563455,rest
5.39563370849864,6.55299086167375,3.86676135870823,3.48545962834742,4.39598103294869,2.37706713080094,4.8896231827904,6.62077194227401,1.4137561573302,8.28670689691084,10.101675342735,5.86764141298925,rest
12.7204734205008,17.9895359845764,9.77964201131905,7.8189040245112,10.9818875592021,5.82299276449519,4.29749976955696,5.89418721962926,1.36273421565153,18.1959671677053,25.9568273082468,14.3181676538209,rest
23.7658896967393,28.5758723319512,11.5526591174237,14.3162085287671,17.0984543920427,6.99068589939166,4.50825229067178,5.90062145262382,1.97224622073977,33.7856861933218,41.5431272348096,16.7041719771956,rest
16.524510668101,23.1785362694037,9.56665972189286,9.89336225620269,13.8165312674464,5.7746955982285,4.17213758829495,5.29507118785383,1.34588250817055,23.6741444654597,33.8886388969254,13.9574661399859,rest
5.59539789251079,6.73082901400635,3.91334912288911,3.18845334911036,4.14661788527279,1.81397354909763,3.44780474799409,4.45769557719346,0.97684836131737,8.18170701093167,9.93315170369704,5.61628515813017,rest
12.7651483999404,18.5553888274951,10.1002999917829,5.20794347953269,7.16498867513722,3.74942920020541,4.87821242145585,6.14969427125451,2.53095937977166,18.330630518262,26.3315328862653,14.3950872279327,rest
25.0179089897115,30.3472454993649,12.4955696917164,26.6855276371284,37.9391471543434,15.1600576628904,21.4827172621766,31.8263254040514,16.3844408259895,37.9658874013956,45.0150228768347,19.0379429405495,rest
31.3079480919879,40.0641774553658,19.4523703979174,131.289779277921,259.901179786812,88.7685284290286,134.303168691758,296.321573861155,90.9761618281795,69.6321890099956,111.91643024305,38.1077239875056,rest
62.8643860990583,152.102337253853,27.8528667761567,403.350801940556,1210.39531718725,161.683831334048,454.102626757852,1316.65780818714,198.701621608162,190.640284556173,542.666069849255,75.2333866190682,rest
51.9700140998739,149.045047663877,22.4338955364455,312.475984167443,1183.14694956122,164.863060491279,358.578173480429,1283.76147379105,184.034612126912,156.508949160114,532.683187811802,76.4403597618651,rest
9.13217806950068,11.0080930014457,7.00410912463322,22.2425340305421,31.5305770464968,17.2503703249727,24.9969479188359,36.6422553479048,19.4220596909772,17.7857756259583,22.4910212820563,13.895759507023,rest
14.7294558589885,20.3649418695031,11.5155669862681,11.5209830463119,14.3119607366944,8.01127055912499,7.9553442158823,10.0098823042017,4.65979144877488,22.8123186960532,30.7824998609419,17.6558877745006,rest
23.4242547758744,28.7205530756237,11.6653177057021,14.5548308298904,17.9167160483435,7.46835576452996,6.23715409160947,7.69095003291256,2.39059696534601,35.8583349167699,42.6277999926974,17.4986711515704,rest
15.3340704459278,21.7046432096286,10.7029183219206,9.55577696993307,13.6527409396203,6.46729942353275,5.27845174825897,6.61273674919147,1.45540816577828,22.9775381363389,31.7802396708597,15.7706671315845,rest
6.15273525319031,7.48642867230043,4.18627716772548,3.85711930311184,4.736334741192,2.50140773221724,5.23687857616736,6.56186699240463,1.39068349691838,8.22146879306186,9.73942153843305,5.88968640167517,rest
14.1406813939701,19.9619191300972,10.8505815805697,8.54848793468882,12.019298818915,6.38826480031676,5.86065905296834,7.51488105412458,1.9808421223359,20.8143548764811,29.8627147691916,16.1047077337121,rest
23.1825766770531,28.0011555963914,11.4787759015515,13.8975202769346,16.8016013438204,6.67025674382977,5.99493765890278,8.33170883606326,2.23559666912753,35.4837026040949,43.0078149244858,17.6846475843106,rest
15.0491091075996,20.9971982678472,10.6080980036673,8.98546779283193,12.5975255032366,6.22108907385636,5.42447098865735,7.55367376106103,1.85006332657909,23.0479506661278,32.5170830324953,15.9722063952115,rest
5.51391529610722,6.83516362522547,3.87263704868406,3.44857729605524,4.36528989921767,2.30737617797815,4.83346464256486,6.26617188871096,1.83964080801779,8.25948209674516,9.85237631481102,5.50539863272191,rest
12.6035834062464,17.8914256793309,9.73449819540583,7.82343817923332,11.1112761101957,5.90228763761853,5.51826022864467,7.47628657374227,1.84472577385059,18.5709783592808,26.3539121891752,14.4562200242456,rest
21.4449004360653,25.4587888767124,10.3270738878632,13.0908339858902,15.5871357027413,6.24076169501901,6.11820425208364,8.60725268386947,2.19140846777493,31.6203726028924,37.9459155136916,15.8891851079155,rest
24.1089196141231,28.1897633407348,16.6009119521377,14.5716817139348,17.0408571915259,9.9937658355549,6.23137627562152,8.46962497789248,1.79256493259184,35.2735464139413,41.8441125471615,24.5511602260691,rest
24.6460303033859,29.2142328343717,11.9939121664026,14.82117933246,17.6702181701634,7.1356885750569,6.58868029051512,8.19016030640651,2.30136330947196,35.7009489308681,42.6555301457273,17.1285897773526,rest
14.8461792414326,20.7483537153787,11.3264264986303,9.01335128693472,12.6343711791003,6.79107357771526,5.90005419015159,7.39323971182473,1.6690298450193,21.6169184251894,30.0817934090476,16.4897358207011,rest
5.94331356271932,7.11440351135726,4.071085739263,3.61964732371614,4.37620170271094,2.37728313481909,5.19661398691737,6.96435836360121,1.70118112335924,8.81513680621187,10.4415873237737,6.11695470728287,rest
14.861751609168,21.1169617211929,11.485659564338,8.9470155350268,12.7067098314588,6.88477130550576,5.84641279938685,7.99341124500787,1.6975858645309,21.6880606906147,31.0279241584133,16.9433161167136,rest
23.8256489411711,29.0335087415315,12.1634362768574,14.1900604769241,17.3369573829402,7.01301414163301,6.40214722525578,8.26639585092321,1.83840473695822,34.4387234881731,42.3921074053941,17.0329593693865,rest
14.6594899092104,21.0837977706796,11.3291768605148,8.93824589360886,12.6190458080327,6.75773062210483,6.00034931816949,7.47652890727304,1.70546233284567,21.5018027384952,30.717016596192,16.8236186802539,rest
5.67216363373809,6.956058123706,4.08139323050059,3.76227806174776,4.53680782901458,2.42046020043924,5.15488626628358,6.76448375544886,1.7396614756057,8.37010363831851,10.228032808079,6.16985969485021,rest
14.5696024688813,20.4915432952093,11.3107652434699,9.12709117208551,12.6762034836192,6.9208617747902,4.90722770699629,6.41048638668273,1.29806696101585,21.5010389891822,30.5626811489596,16.6491700183827,rest
23.0164139259978,28.0342270269799,11.5019227603388,14.2911843385532,17.2730221791644,6.9978828286099,5.92234095491075,7.19260061298949,1.75498333685007,34.7963253663952,41.887495585687,16.9110261667887,rest
14.597609353932,20.5125789601601,11.4262346579647,8.80149298991174,12.5132672876153,6.78921907535183,6.02685687298916,7.30949601743489,1.83163967898821,21.6381671581275,30.3787592215792,16.6865535884903,rest
6.35779391312786,7.72016790414528,4.36217542435389,3.72923731736418,4.54556201152178,2.49864772649787,5.44462554506182,6.79415942145445,1.85207729895458,8.31840484906954,9.84673958382229,6.04699660858213,rest
15.1101926952478,21.2597147446734,11.6244364758901,9.2959019855107,13.0040032509244,7.06564253146849,5.19016940345607,6.46707344626433,1.3645697279956,21.4578703057128,30.4536360794525,16.637215083713,rest
24.1955518118341,29.4509532052002,12.066678120554,14.8772819262667,18.0076720157463,7.30980237088487,5.82476833563842,7.35830628623096,1.86993526528689,34.8541252505407,41.9308911180524,17.39214925754,rest
15.2421209453831,21.6902196472557,11.5208660867062,9.39232404879478,13.2852025382897,7.0536393332246,5.81793874387894,7.4515914094761,1.88450255921874,22.0287845162871,30.6288933050578,16.752515053455,rest
5.68478727008468,6.81517869740918,3.71184158672939,3.9734388689706,4.79750797357205,2.64256600208625,4.91890245284669,6.33287557943664,1.94097063719931,9.04263464044109,11.2194039643463,6.45488943221069,rest
13.7275707359989,19.7948710893255,10.5776982602497,10.4047413539747,14.8881149068559,7.94791873101971,6.33988867133229,8.37261835855253,2.6728469939149,21.861669553081,30.8913537893737,16.9615071479301,rest
28.8908676077688,34.6079120590933,14.3951809146642,21.1628640529271,25.2626393219077,10.7404500083312,22.6796394730315,32.9265694559831,16.9186839611175,36.8803419857823,43.5879638980935,18.1698165235692,rest
82.136561608497,159.216263089524,52.3460622701601,87.0547755169833,184.465667812418,57.661632594459,124.992771326145,253.222685191306,91.5325699736097,77.4146968184165,149.717868702176,52.272273609026,rest
245.019189164181,741.681522825855,97.8423896577318,297.707818335632,907.162798064391,119.041278689885,539.37880255922,1518.43084692403,248.899862867597,287.99827683244,838.856231184762,126.676331849295,rest
192.218276934077,725.233065315243,100.154633561055,238.19953223257,888.796351179244,123.880839645678,453.812517987411,1497.9407859873,241.616439953201,243.233400462336,826.298484439569,126.681779151473,rest
14.4233325519829,20.4476952328883,9.73423918325958,18.8152600201105,25.609228530963,14.4294987150624,25.9252401548919,36.8816358651379,19.6422461263496,19.0120223620528,24.249440915779,14.6216580950127,rest
14.0884159193052,20.2138162414098,9.49372260337324,11.8839994141389,14.7629966315318,8.88469085647318,9.78419579619893,12.1831204263693,4.50015830435646,22.2697019394372,30.0313139163812,17.334678610014,rest
23.3301041057823,28.5240074528212,11.2616953663026,15.4683049853709,18.6893066944111,7.5173355837253,8.07178751063437,10.3389611186461,2.5561331932492,33.1944998673235,40.7094077194888,16.6490662814285,rest
15.3536218403352,21.4429175224492,10.792139463216,9.85257451985501,13.7031138796786,6.68318275436651,6.67058111460098,8.45913441604691,2.58482859400602,21.1839662182543,30.1697809393067,15.4336437818956,rest
6.09849709326067,7.30626411984449,4.03793624465643,4.01259115982353,5.01647735815866,2.54306979577286,5.94094553122054,7.90276486441506,2.48500968252348,8.51492708865999,10.4815496836088,5.78966636749736,rest
14.2535151604349,20.1953593216837,10.7484366009783,8.85160861643923,12.8044267615048,6.72954904222698,5.66128112818669,7.26072168125598,2.1866948814046,20.3562687034171,28.4736160525045,15.4911798622294,rest
23.4004298327122,28.7167331983936,11.8063693618157,14.651602244227,18.1519000605802,7.26500904485431,5.60407345302555,6.94534402574753,2.01181267962831,34.4838005369987,41.3943439764685,17.1802749932347,rest
15.5232154448519,21.7526805902978,10.7857706764467,9.83396433459265,13.8037611205537,6.81087107858043,5.86338830760961,7.47009042216831,1.75376525334246,22.8310553635148,31.8991509745093,15.712196286274,rest
6.84829162686823,8.09935873402724,5.04211471438527,4.33732047291321,5.17078891708593,3.13249499429135,6.55959371800133,8.23245670163025,1.92872978911488,9.17550498458994,10.9609078638805,6.87988161375841,rest
16.050637844775,22.5417680213747,12.5610988832845,10.3353796460287,14.2523210537407,7.87594218637455,5.99322146338277,7.52502835346966,1.86578440262984,23.2781485007511,32.2380813996783,17.8765678954933,rest
27.8479737167777,33.4086150127978,13.6649283902915,17.7950978470566,21.1154405327099,8.61771633937283,4.99070182372989,6.37990062089212,1.5372963699167,40.8658110622063,47.8853260410153,19.9436470841031,rest
28.7204105084112,33.9234447141944,22.712638303786,18.4302280002359,21.468892441305,14.323591495279,6.30690624781887,7.77436803701079,2.28760954955211,42.0342849583946,48.6202842076974,32.6870709331829,rest
25.4011818394188,30.3641760545944,12.5980688531231,16.1480314835536,18.9316151034448,7.97921878119077,7.07225226781921,8.52646933705717,2.43275973087479,36.792254358716,43.6741136952036,18.2950111896267,rest
14.9228539699434,20.9571527687881,9.95433283676274,9.39604980034841,12.8633235503223,6.34788293006802,6.95398395682203,8.91422167390614,2.40131160726522,21.2824842677718,30.1379556216394,14.4501721500692,rest
5.85301213601417,7.0296460569099,3.6590471064579,3.75414788554137,4.59642635949481,2.4932909041166,6.2461122662011,8.27544958635978,2.25675560771819,8.29420888290775,10.0629821745436,5.69402796519928,rest
14.054798872409,20.3233352530608,10.8592875649901,8.59221270635338,12.6239324877423,6.76273127498204,4.98926626286883,6.37676638413743,1.53638355492598,20.8122567279866,29.3865549572674,15.8574226141426,rest
22.7668545663004,28.2245260763158,11.3550786759682,14.1017342319098,17.507464575506,6.89440997827267,4.99231108781182,6.25402705358663,1.74880446276567,34.33996578229,40.9812471583599,16.6578757211505,rest
14.6078028014375,20.793554063757,10.7228663021322,9.13499852733375,12.9495832958661,6.65035457507513,4.61931461485144,5.85979132989495,1.32648519117983,21.9148285117868,30.2529678211146,15.8483494290811,rest
6.15349582937594,7.42679959828588,4.27962699579277,3.86441108898414,4.6975750855529,2.63181951122514,4.40491296375763,5.69613959281265,1.40549888876575,7.68376512926273,9.14576033433868,5.36776584762358,rest
13.979823132209,20.1173247286346,10.6889445826948,8.69901003539514,12.2866785348834,6.69194755717942,5.46979322951378,7.15458042182814,1.48082072826298,19.9339956400784,28.7800555394596,15.3027155574477,rest
23.0618416176525,28.3838817908284,11.3998182373769,14.2770533902705,17.5056224093857,7.21957671254692,6.17083635251708,8.00866084990595,2.5216170407294,34.5425586498607,41.0416867427767,16.3757977435773,rest
15.3208682889664,21.3897869720599,10.4571549787389,9.76866029187819,13.4367528436612,6.55868518776643,5.7630456375417,7.45388871315379,1.78218368833621,22.4447822212003,30.7692988307159,15.1869928034749,rest
6.09149148447854,7.2323496876063,3.97604517149155,4.09862667819557,4.96269001385667,2.56032004036826,5.53790676218786,7.24761164601461,2.16222163165655,8.54295393061029,10.4430447499676,5.75954101996679,rest
14.3343508208027,20.0195858249759,10.8112821582024,8.91732524061373,12.4763762503922,6.67917803633667,6.93055999961817,9.05520980465226,2.18926094581209,19.773155727181,28.3537234288578,15.3589873656243,rest
23.9151355027298,28.4961920343854,11.9053790537098,14.5951813850722,17.6462793627917,7.20918718749855,6.95714687099991,9.25054867867954,2.56823027600034,33.4192838007488,40.7214191525337,16.6163869810699,rest
15.7323245154255,21.5700717371109,10.9001755571049,9.87002474974711,13.4878188202701,6.79916405404763,5.81996647554814,7.79753643620141,1.71800746490241,21.7200638106313,30.8812037281623,14.9974356056254,rest
6.01733850746575,7.26333665440702,4.08406013205611,4.1951609464982,4.99722167579934,2.58711136463927,5.95771404462087,8.01639349324235,2.00013809935045,8.01693635571438,9.75495032548504,5.65605605854275,rest
13.8051365076492,19.7982774817161,10.6613830519096,8.9698843241575,12.4145496394417,6.68992020866621,7.1581622176407,9.26086632240718,2.72996741088138,20.0388886037903,28.4785510149539,15.4175217959587,rest
30.8338384756129,37.2086739373,14.753519106695,25.9680441851164,33.0521556036238,14.1017671356121,22.2698134650148,31.3252468405472,16.0011661712509,39.6590692090082,46.7990848177614,19.9314737276663,rest
107.741763895354,216.371949994118,72.1283882648453,120.296046540644,250.516752683977,81.0599261075641,131.878815504725,291.321780949338,89.6720544057188,89.0960352833129,165.26839821942,63.4030904647575,rest
346.778159700503,1051.68517580642,137.623108868026,396.267055407781,1202.85826558636,157.406168936798,446.693877309035,1300.58076545813,194.837385588167,307.099922468806,893.112328289754,132.194341169526,rest
276.047228072724,1030.0897551295,143.597232017963,314.061521657774,1177.33455855676,163.664534217873,353.113848986025,1268.40529619761,180.456230824533,255.353627014897,878.817178613924,132.673744830908,rest
22.863754012002,30.4549864085227,17.7596944246719,24.4625992861704,33.6382814417958,18.9090242099577,24.4812763304679,36.5546716129385,19.4747664836547,20.0772983774562,25.7578962901827,15.9151549567531,rest
17.7814732683518,22.4224079357544,13.8832269783422,12.3098729814034,14.3190493165863,9.48248367971931,6.17936235967009,8.14095997030661,3.45211206505499,23.7209671960228,32.096693874726,18.7879773389815,rest
24.5748525967478,29.3559029264272,12.0704112389959,13.7803751174509,16.3104464473437,6.64636543482047,3.47235442755371,4.22099491499653,1.21535459949652,36.437075465365,44.4085592170585,18.1338844344656,rest
15.4777806712129,21.6378878088319,10.6473386714019,8.55795703226454,11.9970801804935,5.70510537348926,2.65705356886987,3.39791168536682,1.35235891830208,23.5150746936689,33.2532858713557,16.1568051512885,rest
5.82536528504616,6.96336767819198,3.82281651501826,3.64305896305003,4.47114404336149,2.21908964516765,2.08523053000149,2.61564385507827,0.525759729137284,8.69532451423045,10.3875154496894,6.10097788738817,rest
14.5089878314386,20.8313076217296,11.2230788438608,8.33936454118433,11.6167538740273,6.21549368332938,2.56125516405987,3.51897673211659,1.17716400714076,21.6451818321251,30.7845343418568,16.6960287279709,rest
24.1336023810758,29.6063229857008,11.9707873542705,13.2629019371205,16.1957120065767,6.38800999280265,3.10689083883214,4.02507196180879,1.26155412739648,36.4613171607542,43.8842971559956,17.7655213809363,rest
15.5445496208087,22.2030705547245,11.4440288596937,8.8651114191232,12.2885327389389,6.39334070045275,2.36951141956387,3.03387407968139,1.14244869555037,23.9288172738407,33.0646489463144,17.1452302794147,rest
6.60619752722611,7.82943125579038,5.04746872749367,4.01076782031621,5.00347408483254,2.82646576537759,1.59892656725043,2.07356894181076,0.489842281783008,10.0374257030238,11.703890715672,7.84399628290122,rest
17.1146326536779,23.8282199011224,13.3342045882467,9.31891882809674,13.306626385391,7.17273783257395,2.13122099190807,2.81143366657468,1.3269555314284,25.0988707503326,36.0100043850955,19.9968092239239,rest
29.8701401394568,35.3216319216604,14.931880709009,16.2303483666335,19.4272078533403,8.10639069417658,2.95226000756388,3.66968489697139,1.40424563295978,44.3963305873828,53.5134844480606,22.4176949403503,rest
30.9306201129861,35.7662141554407,24.0503545341601,16.8166766155363,19.7144647905507,13.1588061340069,3.09599402758515,3.73844925861777,2.29314188785312,46.7811425239543,54.0754921431993,36.3033914164024,rest
26.3622501140413,31.1293829788025,13.0262213469484,14.6176866353733,17.5206492643636,7.30956891949009,2.7954476824158,3.45639252648492,1.32262946278257,40.5151738665507,47.0551400394313,19.8468235678684,rest
14.4719690643477,20.5843932414432,10.6463704548096,8.50837356746624,11.8237763816428,5.82128476561659,1.87460380479151,2.57786098888836,0.98195452989312,22.3107691288276,31.2079381532009,16.0687475429778,rest
5.32113869972038,6.27470661294069,3.72617604404835,3.33096030938452,4.07801034118666,1.92993413843076,1.03667961434693,1.36666627606591,0.329817014490126,8.38505209658408,9.77297582126975,5.81052992105669,rest
14.0514162031024,20.128374074644,10.9395173581417,7.71807883612883,11.3489324954911,6.02035516094312,1.76652574294699,2.39416827653792,1.0876424964636,21.6204600208377,30.7956169582446,16.6613236788934,rest
24.3012822659575,29.1359436640195,11.8893338461711,13.2930193797564,16.263520525955,6.49196009580938,2.69089784407336,3.29777331096751,1.25457260446845,36.907776720967,44.0540335752868,17.7266393071407,rest
15.6822330900745,22.0559915212054,10.8109977424222,8.66205418333568,12.2924579892838,5.86672312955158,2.15826487032665,2.75940598974291,1.08001836378717,23.8934833240344,33.0896613525987,16.469230040468,rest
5.6582623817857,6.67192150136695,3.90114387041021,3.43770890785537,4.19765736516216,2.15951658339634,1.44540001762167,1.74844374467499,0.41852351627996,8.39139237723489,9.96277951150952,5.81429044575514,rest
14.3987681720925,20.4484497427772,11.1322009938686,8.25471171783934,11.5776004609694,6.21122515187262,1.93745778814703,2.52893988806429,1.11902995411631,21.6442108396289,30.9914348814058,16.7100545774917,rest
24.1011088882054,29.118004339913,11.6873342863795,13.2479397342545,16.2666233337935,6.48525145158186,2.58427775816544,3.18570386364535,1.28876303415545,37.0228697135366,44.4238140877261,18.4026713445006,rest
15.3831263821581,21.8002743968803,10.9985650136638,8.6636179962824,12.2104222954274,6.15860277506714,2.08003031108421,2.59614622292745,1.11932360007552,23.9040418968357,33.4006337004524,16.6087205558367,rest
5.57091973610782,6.70996988735073,3.87292345322859,3.20387204787762,3.91002498311561,2.03508318859845,1.30618150272727,1.60831360294936,0.451762830655229,8.54029097138304,10.2377811024533,5.91870447488434,rest
14.525885759141,20.8574465952982,11.3313718483915,7.75282828762974,11.3657944110788,5.96151968671746,1.81332391194628,2.38149984124596,1.00815187519582,21.5185733140442,31.2299935215945,16.9601653533464,rest
24.1807962057574,29.3321490121585,11.9849744876984,13.1143626000783,16.1583600222522,6.58797224822419,2.5460089696709,3.02242815999969,1.19158771846711,35.9071653273486,43.8363434077174,18.1412765746854,rest
15.202314240825,21.6359733076469,11.2098712205076,8.54570858161376,12.1585337514183,6.09273446274436,1.96770905334446,2.45385710832067,1.04252369058008,22.9343963866522,32.4123046083082,16.8799024478798,rest
4.96596260154649,5.92443785156858,3.42163168362083,3.24029285320959,4.02068160251005,1.98583646407465,1.64757633788853,2.13543880523255,0.605163207808544,8.14340823866123,9.70526360373791,5.80993333191926,rest
11.9048460343522,17.1813808418038,9.13755028729406,5.72080388436175,7.89340612586833,4.18748381324929,3.45782197850692,4.53813022605124,2.32762804185834,19.3021497992355,28.0497331191964,15.1145472559802,rest
31.3479428604557,38.0332661788704,16.2995705547022,26.6104178690741,36.3463589575959,15.5803875333713,20.3255685736193,29.9093127715957,15.580101587124,43.4199445394771,51.8415271911304,21.3845275264887,rest
107.955670747369,261.14489161318,45.3883690481632,178.420730654454,449.456188201806,67.2863063344102,163.066964551019,425.935742747658,62.2753680714492,115.970332016048,224.357722093771,50.7212172809787,rest
252.44842060392,750.81722091444,99.8439781698464,395.163488441625,1189.96610831951,167.291547168422,399.714783960196,1207.3142670161,162.764970557607,201.943840927694,600.237920353729,78.9189966075823,rest
177.68216612556,705.048440241347,88.2917104238685,254.278712616955,1102.70377587442,141.643182907732,271.810421035438,1130.45900653973,137.381028873449,119.304959887337,558.551913417587,65.1629639509633,rest
15.803052535289,21.0636472254963,12.4380401048062,19.0548113230653,26.8935220016544,14.7354709431865,21.0255748578207,30.2471998974814,16.4096641919598,8.63161272536085,10.8339180839356,6.03409370733876,rest
13.2000048813589,16.4135126989399,10.2184028629375,9.52461409339089,11.4223897279705,6.49232424458206,5.04294203570395,6.76694138628054,3.75747583962535,14.2741412465134,20.28928338714,11.0692828123764,rest
17.4653603042397,20.7203106124211,8.67659915768547,11.0093072947696,13.2136591547214,5.4127652898211,2.22247187735571,2.80758058205669,1.02555194115105,22.6962631990736,27.8305857560821,11.2024670201925,rest
10.2902335519542,14.6105131609765,7.9380731549557,6.63187293475518,9.50854965974191,5.06460085735532,1.37934109718354,1.92794227600067,0.792745260963108,14.0979290707228,20.1559715187492,10.9797293374527,rest
3.98857197717397,4.69073110777296,2.69674881117167,2.84790625440026,3.47699812944689,1.8585049159241,1.13819127761989,1.50684683536302,0.301063389903271,5.31691964115037,6.30187191299771,3.63762117739737,rest
10.577352502387,14.7940252571009,8.13437659278722,7.06591300586803,9.75708680023443,5.23540810301433,1.6397149448467,2.22390889957632,0.838307355631191,13.9776772226356,19.7569611060452,10.8342991452707,rest
17.0465928505633,20.4647895888321,8.232078718515,11.0065990971311,13.3510190495191,5.2483087466838,2.03043901507621,2.5823436702564,0.879537311714229,22.7228786838842,27.4004528104321,11.2849528154068,rest
10.8090445318461,15.0165634945105,8.40624482099277,6.90482395315958,9.81832149729234,5.28723833871372,1.77438133113183,2.2258903016897,0.985672907448326,14.3945267065317,20.1231991567972,11.2759675133336,rest
4.50572162152968,5.29519736963927,3.47401745624381,3.12310777264621,3.79564131580808,2.20094032013601,1.33167400837774,1.67782341015305,0.388790043067266,6.06005728184192,7.15945158563476,4.75378822613745,rest
11.7700919121474,16.3039619055297,9.00574390586322,7.88723619068455,10.8243861673779,5.94262384753608,1.65881473315539,2.17390252458077,0.883801604265207,15.6577154487793,22.1967852775563,12.2682042163878,rest
20.8426545436252,24.3411518084771,10.0252368726814,13.4098533081044,15.9116911399222,6.64163839863688,2.32095428685641,2.85850649144953,1.08755058259049,27.7793130335016,33.0917173688319,13.5142982519747,rest
21.3627929861198,24.8482060025966,16.708228056322,13.6400552371177,16.1040066617407,10.7829466183538,2.47313405291262,2.95949158088728,1.75557719566066,29.279669729879,33.6794553492195,22.6052774977818,rest
17.6446883863505,21.3214202892314,8.95326980415199,11.3973580966666,13.8622000359421,5.92397099881737,2.16445203733161,2.66681369989377,0.912126032778729,24.6958508437991,28.8599740562726,11.9135083992949,rest
9.55304866413086,13.7376086560051,7.58700237148363,6.4099207106713,9.08255960475608,4.87215979197337,1.45779581193415,1.87887874760714,0.843995582890781,13.1291493847264,18.5959690352267,10.1403862271212,rest
3.8640415584935,4.58601215618595,2.68917557565321,2.84431072663758,3.35504398494494,1.69660629333533,1.015774233051,1.24267092610163,0.279680038822046,5.12372013456659,6.02568567778705,3.55089646998997,rest
9.89888530462244,14.3374170104776,7.82240437307492,6.89546564277517,9.67765610383583,5.11607435919934,1.31077975523234,1.68971809199651,0.727488623769357,13.7201199264478,19.3293085990947,10.5449774672651,rest
16.0351429851253,19.8107363660541,8.00975104503159,10.8874073249232,13.3016199157156,5.20026451399167,1.67994470208425,2.05642861184445,0.831975877828681,22.4581267101024,26.7221213968666,10.8684321190933,rest
9.99925094883088,14.4619165500407,7.86471160323523,6.68547655380664,9.6896697372327,5.05650882881964,1.40237372073482,1.76148784746343,0.751158564420534,13.8982546420041,19.4091185510209,10.5705980794283,rest
3.84496239069431,4.61145744554444,2.67186197794689,2.85839061682114,3.47789764518592,1.75491690124683,0.995810303246765,1.28834602256679,0.338722781649657,5.02608628996079,5.90278185026189,3.48094248234349,rest
10.1179915566386,14.3813948831152,7.88154516370457,6.9327747834047,9.62590375553269,5.23669817702738,1.28274393288606,1.75214523279997,0.779043930177488,13.6222596163678,19.3391474999257,10.5605959043313,rest
16.398515470029,19.8763120497549,8.17372981510668,10.6957190122628,13.0422056485217,5.30003599760402,1.76883244737906,2.2713799848753,0.779059921975598,22.3148794008074,26.7452694523355,10.9792835739288,rest
10.2106927407165,14.4837853786307,7.9104958231032,6.71529352194966,9.49025790086306,5.17358189267558,1.4738087845972,1.89306684771749,0.768159685444961,13.8761226713687,19.4428211563212,10.5825545400475,rest
3.97648684093454,4.7909451784722,2.67803685997942,2.92876088904983,3.69593236112183,1.66213789636447,1.06583144468763,1.25712957072418,0.367667190657599,5.16543163148828,6.13220652502109,3.58999014933379,rest
10.089046732811,14.4222585593138,7.87171935795276,6.92816197647332,9.55487936403191,5.20314638433304,1.50032374356783,1.9544234786289,0.754550655446828,13.4527237285623,19.4615152929243,10.5448568915394,rest
16.1411328498817,19.9011097337363,8.12299257023122,10.5747745403624,12.7310046563413,5.29560779514029,1.89046018241041,2.33768451124517,0.886255013220581,21.9866826473376,26.8829757599201,11.1829790659512,rest
9.98176367864203,14.5020639943759,7.87116608277455,6.80138175779288,9.27878943391156,5.20923919198321,1.46099758781234,1.84236943957701,0.828662601597504,13.493232110935,19.4762945103541,10.5802730767328,rest
4.09705368051406,4.8273235398941,2.70593545303526,3.17915593745064,3.92849959222393,1.81625231380427,1.14231535639362,1.41222331781062,0.316269697354687,5.07937533765486,5.94247284774541,3.50255880408583,rest
10.9818260709018,15.3234678064464,8.30987133096413,6.66416323036589,9.30483332800721,4.99837439825587,1.25915715596713,1.55357176696164,0.511235076962672,13.3510808484794,18.8955382491047,10.3626294924523,rest
15.6598602086511,19.3677788432225,7.44498629308814,10.74197705333,13.0761812980925,5.33892384893024,3.28749231069251,4.27930381739363,1.63297080594525,23.5994123367528,27.9422804739735,11.512853360084,rest
20.3544336527705,26.750235415326,10.1302597951309,9.34370169988791,11.3862860367102,7.06743618154956,10.9003169115173,14.6294491524538,8.38416596185854,24.5135623624891,28.6070824603068,18.7661400623072,rest
28.9933309244376,35.3224520636955,14.7345169192154,6.32471229454865,7.74378393206222,2.91804229536565,16.5702831513974,20.0148995506432,7.9825678119773,21.1890985364978,25.2954324768212,10.2260166393274,rest
19.6159071139378,27.0605442988641,14.8765740759372,3.32553578803834,4.90208990380572,2.41847426782939,10.6082532349013,14.8282338074977,7.9981282786988,12.1415274419612,16.8973435702203,8.95322102120292,rest
11.2854454746058,13.9195228791085,7.96155457194885,1.38461444869955,1.64805102407835,0.464206660370986,5.59431717841933,6.75082332880717,3.90016904805311,4.93901836927091,6.10647059219872,2.81750499826423,rest
35.6957252875129,51.3842404442056,22.3727701911986,1.93289176628491,2.46839520614525,0.921709622979075,17.0882930045788,24.8010723574274,10.8211408116866,8.06982865232257,10.8195684530823,4.60154005346214,rest
51.5910676514303,64.0832855818393,26.4690610916697,2.49351690658623,3.05798686595184,1.0579530258063,25.005550376755,30.854193051763,12.7130222580501,10.6872090658131,13.1420116459517,4.93479768426693,rest
27.9791362656191,41.0409550113117,22.1359486894408,1.83632285545658,2.38538376799339,0.890377311300571,13.9507889057367,19.7233158514906,10.6830628695737,6.29845286322455,8.75360352155187,4.1246156127039,rest
11.6015526599243,14.2968960745285,7.65590475441865,1.34560874783488,1.61817149214428,0.398360996094717,6.20166215730267,7.72659476063119,3.94828814532364,3.30719234274216,4.1842251215756,1.58812347557941,rest
35.9064612297492,50.2170804301703,22.7520078074002,2.0964022717093,2.7179459818792,0.950280625289799,17.2674872982943,24.5774223529591,10.6236573660033,7.47301599980179,10.1130588509482,4.11019511848846,rest
53.3686848553425,63.9271620942816,25.9562830856858,2.42335523913019,3.04423124849332,1.13831011871444,25.5057111955692,30.9476589362545,12.6137584285838,9.93059951394233,12.2573127640758,4.83061303835913,rest
29.606783398769,42.3097450903914,23.1182689129456,1.63986504264439,2.11002348963043,0.883179026802194,14.0575968015851,20.1884778675055,10.6109706823219,6.14355717992899,8.31309878508367,4.20427020509802,rest
7.34082627717604,10.1018373947771,5.34957352515925,1.08329431723648,1.34202558744346,0.308245713327551,3.70730204837487,4.75403593015695,2.2650799429272,3.08867630434305,4.00615221577446,1.06294739992571,rest
14.1226857280218,47.3666365182,8.0281250752253,1.96341458691335,3.2792426894087,1.08174131519208,7.12209156797895,22.9164603156964,3.69846988486894,4.44878123980616,7.80002862143308,1.40630206141237,rest
28.4746978789906,54.3017238115522,11.9638138211377,11.5383122860415,17.5660767859613,4.01410575501852,17.1914978110032,30.2118295569655,8.74564531846562,44.5506938294157,77.277361918381,24.0469430817468,new thumb
49.7596843507862,62.9908222150724,34.4443620695042,19.770429231541,24.2890930001102,6.00150402551045,28.0421308864932,35.1584799801169,16.0890106043017,94.8567147737323,124.495622907637,29.0349722107688,new thumb
61.9717722738705,76.6974362347116,31.7129611747767,17.1918817586848,22.1672102764526,5.25238231501126,33.5458327890095,41.0611722715901,14.7954991465046,98.8013683986893,124.460047905533,27.2736865425725,new thumb
39.731683385459,55.132947298484,27.27870278689,19.0816065494055,26.6586146911356,6.10966705186202,25.1717047761031,32.5982923193173,12.0864882595688,87.7489142446127,106.165762157513,36.3592617093992,new thumb
21.4939012645847,26.4549146287587,10.2841401102924,18.1762455168487,25.9361222563303,8.18328508784721,17.3887674605697,22.4574585073027,5.09208404865345,79.0610377559067,97.8182906202619,21.038144810428,new thumb
41.6455619244172,55.6069467750168,27.0176134057867,15.680236293691,21.3038035325721,5.486037847816,26.7643654781148,34.4025923371119,12.5824711445453,66.1459740366523,88.5898048512308,26.1172802806889,new thumb
61.8015621026061,74.6807849717127,29.1781230738923,17.3393638956205,22.3700079525236,6.30661044165097,32.1657228362325,38.8175731499429,15.5325497366674,71.9721027119182,98.1160768304927,24.503533663851,new thumb
41.3347704070003,56.199402251617,27.8127416323121,18.0792571430889,23.1005980268458,6.26572524282922,25.4348658263241,31.6699947062192,12.2744814713875,73.9774465459359,94.8007535285448,25.1832336449703,new thumb
25.7964917444719,32.6072340811276,9.98289900256288,15.5781041089494,21.1700135518274,6.042361422027,19.5853239143929,25.23005401737,6.78066037352896,58.8725901231761,73.8824540370413,22.6903803395896,new thumb
48.0948090912852,64.1011158193468,27.3184751923082,11.9277421351138,15.4534194101183,3.17384784592474,24.4955740168227,30.6515640805599,11.8554012150797,65.5918993536307,82.7406205518687,23.9736484334162,new thumb
63.9937483907171,78.1214378575136,32.170678437865,12.2462534634987,15.5493016274915,4.14605865737483,31.1320704342694,38.269266694782,13.4605285122057,68.5762423974306,84.2868061853507,27.6000877203998,new thumb
42.0734396627993,55.4436135649358,26.1451015773085,9.83228792735744,13.0181219984963,3.47470855464394,22.6283190076533,30.6648735463029,11.0825864636646,57.5120464254065,70.3623313941045,17.7930317491779,new thumb
20.0699966241336,25.5163895530419,8.16217241629711,8.00460999608876,10.1199875755525,3.01233901004635,16.4192254695658,20.235382548073,5.20274344588141,45.3126602828013,57.996594702902,14.1790384971147,new thumb
41.2861726016611,60.3923351485697,28.3138304815563,9.33720609715641,11.5325847535195,2.52936270782753,26.9602444398726,34.473221610707,12.2894131512266,44.3975428846671,57.1315603209586,13.5494875098881,new thumb
64.8804336736424,80.0191258832686,31.1936778397747,9.33468934878855,11.2602752461122,2.35077277993377,33.2553209784033,42.1100681335272,13.746688212074,48.1508566158218,60.5446999360465,15.8205387608755,new thumb
43.1830625584809,57.9215190073706,29.9575826767658,7.77689852613352,9.4928173124992,2.24250311252823,27.8812463217312,35.6039586836038,14.1820339592188,46.1494910111034,56.6949420653172,12.5495032165934,new thumb
21.0746044442146,26.1432767736029,8.54980639599227,7.10219628805914,9.14174795583697,2.25557717032219,22.1115498001563,27.2605402594486,8.53247477487146,49.26192915987,61.2654747652752,13.7861343227135,new thumb
41.4205531333055,56.0220292268961,25.7049432546674,8.5356319587455,11.2220698303181,3.83560196033564,28.1063841577881,35.2939989158201,13.7125294635277,51.6897676616839,66.6527166578574,17.8978641407987,new thumb
69.4733927284959,82.6319336495127,32.4136830693392,25.4135128855377,34.6417482056234,16.5571363624176,31.5044704735712,37.7064715978786,12.7571744977077,53.5256913613471,69.3625849711848,18.2072576681735,new thumb
89.7446299131601,117.33307704594,67.9798831268408,125.886075126883,249.272242103702,90.7247268872037,104.343484375534,222.298180433253,62.8630482125537,94.4045080325341,174.978193568197,40.2594349281087,new thumb
127.370875153715,319.597067882446,56.0766218441473,523.888591352397,1476.83925007854,242.227301571035,488.614879185177,1383.81665614647,224.064300385904,264.186278005575,726.292636112205,120.045853596688,rest
81.6222554161306,304.122956888471,46.843515944496,437.843451327515,1456.4210918654,234.65750500685,419.221444187064,1366.51992903861,219.007870302589,209.70499345418,706.977125863896,103.945587099667,rest
11.9654393296944,14.0648169280162,8.830869647731,23.290714199539,34.2190051973718,18.3529933406116,28.7267817611581,38.607387752897,22.4307892156309,16.4762155154341,22.9969843922633,12.779838982952,rest
32.338897659738,47.414088798557,25.8194434554288,5.1331412385512,7.10831009658911,3.21069219279524,21.0997120990976,26.6711312922321,16.4775352747089,8.79660368789965,10.6773583375557,6.57793496454273,rest
54.0658465492735,67.0226360986048,27.5305889531575,2.78357818710639,3.33958312598629,1.19923106089479,28.6815337495724,34.2592095783498,14.1229213156454,10.6694916610606,12.8151286422412,5.27761632968321,rest
34.5572666542768,49.7735820886611,25.2711598511803,2.14744179737367,2.85044912675424,1.27166898274574,17.5362692658514,24.7322632711073,12.2559261195139,7.11979340570084,9.55026733508081,4.50959907967722,rest
12.3250526155416,14.8869082118235,8.31826212688659,1.20140483634897,1.47997804285613,0.411240147034986,6.36303191790024,7.7004995451292,4.12934558548075,3.40929599489538,4.07569724705912,1.5661947582349,rest
31.6141989189736,46.4407169702079,24.8201135290589,1.90650807782992,2.55547887926459,1.06787864668363,16.6954387703635,23.636200997367,12.66479367416,6.57152679009028,9.19055336669572,4.84394370992458,rest
54.6606040685695,66.8082433843692,27.2201562368855,2.55754639116318,3.21572774800841,1.19064969297441,28.3879474824581,33.901275188506,13.7483684918898,10.2048289096298,12.6151154912962,4.85141452644175,rest
36.5531238843348,50.644719282384,25.8815413540301,1.90116927038072,2.53223608323095,1.1730032900009,18.6392111717164,25.6366495049648,13.0577956136662,7.2161259484822,9.65831508844381,4.9360219593669,rest
15.7641314177534,18.3362417382017,12.0992545618717,1.33006855539315,1.66246599735958,0.676875137672129,7.70785156288059,9.11550093830854,5.82385256063184,3.9292757187279,4.74708062076621,2.14187019461821,rest
40.2188580325345,57.5754040135879,31.827959314602,2.30333201891221,3.06696922239479,1.55743680360438,19.9803978105295,28.562888727269,15.7989241076434,7.78833082535417,10.8015477823297,5.62327004009806,rest
70.8893710013023,86.4119996938224,35.5056374246073,8.55740605601702,12.5023883732388,4.28694961481466,35.3976766118978,42.752950170225,17.909906476214,48.9853735454465,76.3232912757713,18.1269619885098,new thumb
74.3037972924559,89.2176189592823,56.5390333018143,14.3797471854029,18.1966065223363,6.93640861680329,39.4755217480823,46.9629595606316,27.595051957507,78.6432600482848,100.877751060104,24.7881506620272,new thumb
67.6137172889642,81.2301168275111,33.2248791673858,14.341781043095,18.3870676609513,5.59564358027383,36.1917613298855,44.5780018308777,15.2809186478785,81.4287301552271,103.5849557577,23.7667098549371,new thumb
43.0834394676243,57.932008399527,25.7397376740373,12.4958785044821,16.0572425716463,3.63739667308181,26.1714048007151,33.7015437465561,12.1690292946104,84.0195530660931,104.928527721381,23.8665358899235,new thumb
23.100923097705,28.4401811766742,9.7515766266648,13.8087598697375,18.140206303656,4.46027503758294,21.0322553505773,25.8128830334448,6.68653362232958,79.9012719708888,102.899376444594,29.255817925091,new thumb
38.7171107062767,50.5268501624833,25.1903408825598,14.4633734281498,18.588349919248,4.93927797771158,27.0606126354771,34.977503057461,13.4025538559518,80.1778154318477,102.841361848739,29.0808779818035,new thumb
55.676664394227,69.358893804664,25.7850247044959,12.4385567307224,15.2769799273664,4.02147892052727,35.2131966533937,45.26775703839,16.5376617042673,72.323932278602,93.9447878669918,28.0222117140567,new thumb
42.5729340524607,57.6811928865596,24.7716583177463,13.4143770934236,16.3358422973823,3.81926457049992,29.6613558474097,38.9834458203157,12.2437503431917,76.9132549016358,101.331548179109,27.374189354696,new thumb
24.8441786847421,32.3437014208142,9.84101605452223,13.0461187455641,15.8462251732935,4.44756793462457,20.4402527655738,24.8743532716699,5.99669809105818,72.9518573407674,94.74201500365,23.9295880525933,new thumb
39.5863558486813,52.8947221819251,27.7752222632811,11.8032537108004,14.7404405474461,3.93475390802598,24.1215305321204,31.2678939389301,13.0324152904178,61.5731826686929,80.1004080721155,20.7617589827985,new thumb
60.0324110043817,73.25116336955,30.0957582101023,11.8722700549859,15.0341697418517,3.89250225313346,29.193248638088,37.2145776905281,12.4319035976042,53.394224331749,71.4989783662604,18.2624196349929,new thumb
40.4761844088235,56.4745553994453,26.6728459908247,12.5281068811304,16.7783103737166,4.06906003459515,25.1201843228519,32.3321071676165,12.932726387685,59.1140652877055,76.9513070318036,19.3157008563401,new thumb
19.004288149264,23.3162685525046,8.07969820354014,9.90898774846002,14.4175686193595,3.93661975291259,20.3084350181959,26.1808984947829,6.84793253814854,70.0151758385432,86.266157465765,23.2849165609439,new thumb
37.7016817737325,50.9265731181537,25.5449633117563,6.89309145526375,8.5786323532872,1.8128988246035,25.2461946410288,32.8612679382359,12.428596894886,61.189610074269,73.8574796056673,20.3388839570196,new thumb
57.8230543021531,70.3350728222715,28.4178086554082,7.7333980151319,9.66014733762021,2.37862973893151,30.484811154841,38.7828045077479,15.2124312491204,57.3595832791716,73.0708553392662,15.8722884723888,new thumb
40.7119229004238,54.9607163865285,25.7830607232935,8.57651267087826,10.7780839105952,2.60661263348634,24.8325373333715,32.0788556266549,12.6062534260035,48.4269167021235,63.9825542599978,12.6011366775926,new thumb
20.0283116958164,24.5581153973536,8.98956241540559,8.32317368548456,10.6363923680466,2.66154722631087,18.7973536225118,22.6752350556384,6.1946148537839,43.7592233647969,53.7164685920471,11.3436108315831,new thumb
38.3289389449238,54.0430427854312,27.2490844357178,9.7758546736925,12.5618954458582,2.95819611652327,27.3566779429905,36.2526417332577,13.5827092077876,55.4544338131704,68.5778946857502,18.3098020490517,new thumb
55.1062308366673,71.5954412246731,25.0634756962649,19.663340871599,26.4095177589024,12.548218810123,39.8029694291868,48.8317300438865,16.0325098590395,59.0203096456984,72.8248540472809,16.6190545797958,new thumb
66.3612977469246,109.474619377671,30.9981903040439,94.3964259632331,201.421785398838,62.954778539763,79.6016100491704,135.686648929868,55.1384979822871,104.279809374051,175.63096814567,56.6615453661924,new thumb
141.646189829056,438.150334738924,61.3976515550133,320.241040443238,976.334010468235,128.798678185593,262.274644577918,738.09445946203,120.945578764591,324.040124025573,925.378131106173,149.152321294955,rest
106.36832556847,427.220517240893,57.9564979296472,254.955096930215,955.992955237356,132.865898208841,213.404883371751,726.575334518409,116.899791371264,261.477777915093,910.143189015951,139.014143158382,rest
10.2816229417535,12.6864052970763,5.35168375168739,18.7159092143417,26.5943077384788,14.4628688644291,13.5012029881391,16.526841645117,10.4088143608451,17.5010326226014,24.7664754496831,13.5729688896937,rest
31.5678560820234,45.5287778610014,24.4202056559894,4.94802668896353,6.23837800203794,3.72031352350422,17.5072239082617,24.0569293897075,13.9399197758723,9.38950534244113,11.4436105724115,7.09012135389861,rest
53.3160313122589,63.8313579140999,26.3741370276275,2.70445380691855,3.3929885844705,1.24366055969079,26.1865264092973,32.3744310301213,13.3158782685086,11.3527518242508,13.7231503772189,5.74279296752259,rest
33.7282426602901,47.0087560762271,24.4587750302432,1.81190165694057,2.4688591016813,0.927550682251496,16.5001689044581,23.5097195653268,12.1999203811892,7.11775584514357,9.89027771566681,4.68792529225746,rest
11.9650108892731,14.3246215361929,7.78345519984646,1.2730625530679,1.59880769054038,0.352524523210607,6.20275816111955,7.3123747213828,3.7936984090932,3.0196182833756,3.941243395644,1.41970889099528,rest
30.2339781044915,44.8318851074332,24.0145439553654,1.74080292115814,2.23680101388118,1.11682468324102,15.5159487866779,22.1832735956213,11.8192571262661,7.24941619747202,10.3621254416962,4.88313698116233,rest
52.7316116353673,64.7044364620904,25.9627255045797,2.38134899193414,2.92700954142416,1.15924339569521,26.4239766657677,32.0951377261819,13.0517237979398,11.6484643774798,13.9099643520569,5.44449679766337,rest
34.3121566570617,48.8009805563765,23.9530941795536,1.8451218296875,2.4300531383853,1.05322936735333,17.0232797372086,24.3422888987685,11.817559880368,7.20924881317911,10.0127357852145,4.70941813644593,rest
8.43041962678141,11.3644977118523,6.48269824471887,1.18343784331768,1.53693170992269,0.343162262603834,4.62836494287246,6.01852895749465,3.41069618066932,2.6545661574452,3.35831183056534,0.865732513331255,rest
6.91195703295259,8.87948689731621,5.2735803536666,1.45958157913177,1.98994896154258,0.770366940409826,3.67621124058697,4.83047545000862,2.51408388432155,4.25601767264956,5.51486237116047,2.39474382038237,rest
17.3751699661795,23.5121067523962,8.4906143383676,13.5997959335091,23.6820947945058,4.94593167503297,12.8779212723103,20.2306295646211,5.54789287534926,45.0424050962296,73.9608342811392,23.6877309676456,new thumb
40.4905230669056,54.6030894042875,28.7896652614253,23.5216352724045,31.1102442715979,8.10044901206792,28.5280676042576,37.82205179193,14.9867485759027,83.1494194465092,105.361659077666,28.2686201056986,new thumb
60.5001830003443,74.0045272699355,26.2332261530579,21.7681191425773,28.0457252980075,7.04580002846084,39.947192519979,51.5663826782432,18.8574481213746,91.2134479311617,111.335096530374,30.2215504425338,new thumb
42.958262216553,57.9664165398384,23.9428404068899,19.0025912091877,23.9663540624488,5.97219436174937,33.347566343949,44.7114783136542,12.8056564800665,95.4452000035422,114.768196176724,30.0170798718963,new thumb
21.8663792527766,27.6898713895074,9.38353003816672,16.4349885687748,20.8594013862658,4.62723026541694,20.3825642766691,25.4321498766472,7.63205316320183,88.7591817712414,109.294475912041,27.9126607354433,new thumb
38.8284790145215,51.2431477027334,24.8027438720814,16.940192347237,22.065860416135,6.55348083095543,23.6987097086022,31.820841629274,9.71465156227013,87.9654183745418,106.25717968173,24.8464743342186,new thumb
60.4081601403837,72.8595216094708,29.1993744933801,17.7143007994863,22.6058637946617,5.82487766196601,32.0120214613223,41.0171003673597,11.1742244945305,75.7981469593059,95.8448438362407,20.4416008592575,new thumb
42.3695274836765,57.730146568283,23.798361582248,17.5606243720409,21.4190455621955,6.07101794090519,30.3364719551668,37.902535093538,10.8791127986918,62.4581238539387,80.376686979566,21.8788511003361,new thumb
19.4595911716642,24.4137128556783,8.35322561110606,15.5821385461967,19.1380948777906,5.54881708654484,22.5384255790898,28.9234706956313,5.3297336819697,69.526200113695,84.0422857860139,17.2047512250037,new thumb
36.8086728222332,48.5283699480523,22.9347035390296,17.3348917248118,22.5831772943237,5.79035341936364,25.8439288046314,34.3849378062614,10.9403390110555,75.2016763844046,88.2133762826352,23.3896830257684,new thumb
57.5927575450447,70.429718769936,25.5542481450543,22.192765731045,32.4207859559725,9.83939051711592,35.9766317504717,44.6010418468572,13.516820300066,77.8603531062251,97.2906023457658,23.2404720011263,new thumb
42.4003069500741,57.4369298273324,23.3980170615771,21.8076813036259,32.5951625852144,11.4903156946427,29.7329959539263,37.765338523658,11.2284372943209,68.9609264327885,88.8105638941158,19.4294515965595,new thumb
25.1879165210613,31.9517666,9.4644879336397,17.6785153228446,23.2322868468276,7.05781180019673,19.5307357529181,24.6868879525917,8.14335101088563,63.6773358434757,80.8673092420699,19.5433598338282,new thumb
39.5282302012674,53.0772787698464,24.1885639440597,17.7246329731621,22.1284100703883,5.81760173303263,24.5486892722442,31.9750109421043,9.68132291700758,77.6296575603025,97.7276958828528,20.349824779783,new thumb
59.8392297023761,75.2321554128283,29.1164340720791,19.812437816213,24.5067323176415,7.04743351789393,35.0877415447056,43.9113564470356,17.806236892971,75.6222678257684,93.2440632969727,26.620408010227,new thumb
41.7251923983018,61.2933266094695,22.9400166033559,17.1657204653894,21.3004509286716,5.00099281041541,28.8107165694933,38.595094654195,9.85176917069439,58.454447699327,73.9072428787485,15.1401691809249,new thumb
17.0867278643928,22.5494629914652,7.30397942823232,13.2991837034587,16.4369187486032,6.16048953514274,17.1804210204477,22.2098385893634,4.95294628595017,53.6579058954514,67.4332959239473,15.1323548927423,new thumb
34.3915719287348,47.399748070949,23.092033058346,11.8647334803999,14.8899309330834,3.87759557049316,25.7170437469264,33.6428654208612,13.5533692956166,67.6340240253364,87.6659265024379,19.6632036991398,new thumb
58.2530654439838,72.8837800556635,26.7461666749982,22.7409239824507,31.1492558460208,14.9427577706608,30.2812954443621,38.5357353083127,16.2839528717061,70.4521451120649,91.3074526845415,26.925905714529,new thumb
99.6013387094128,185.057887152078,55.6425806433478,116.443511818989,229.547525997736,77.4817917904558,128.348096730177,305.453404097766,76.3761846702722,141.432036409951,242.57114250769,85.1548941093689,new thumb
299.034449286102,904.697656347038,121.93379242203,399.079527205206,1191.13894104026,171.978939318853,490.038298747267,1390.07048792802,216.908934642835,415.712666593749,1206.78431606835,177.261849054662,rest
251.587916010553,888.03406462172,122.785841887349,316.082861581273,1169.5272582532,171.389344711226,399.410267474363,1357.00564246985,198.942910303148,322.166755494354,1183.84920780294,175.733784217437,rest
27.1649043897863,35.0660274313466,20.8907444046631,19.7230621714476,29.0251587901029,15.5070730805714,32.5129420426674,45.1849572631076,26.0721857367811,19.4770126517152,28.6058204533441,14.4094584057752,rest
34.9778208854176,47.3753937363658,27.0171462798979,4.22890531727799,5.87201421079817,2.39854782848521,22.5910711250673,27.5423910944277,17.4417490931655,8.29134726920466,10.8256153505239,3.48613656825062,rest
53.6571078121391,65.1225336735039,26.7547251317732,2.31930500645645,2.92582809228428,1.03694102374303,28.8571084525205,34.131369187965,14.1234026436222,11.7289814701312,14.9892290430127,4.79566441097048,rest
33.1411954416371,47.7620769338643,24.2882498207427,1.93647496142161,2.62632799796305,1.12929957593777,17.3232547160542,24.4987962668278,12.3935005133411,8.85469695998325,12.5760872784939,4.5871652048055,rest
11.801934008184,14.0336987485907,7.59412309137372,1.0843211941102,1.36700631962926,0.293166021746955,5.81506000251224,7.20366848619589,3.72648693076082,4.89581321459835,6.6464925880791,1.7610251175399,rest
31.4814081886877,45.3632229538024,24.3083428651553,1.63579494553637,2.13324697041908,1.0175996106202,15.6548558866596,23.0603282503452,12.1973168005529,8.31975403015513,11.2627137745222,4.87823860436996,rest
54.3537899377066,64.844183959859,26.213967562484,2.36633875754901,2.88796861284689,1.08600171181273,27.5185086247987,33.1809381420225,13.3666727074198,12.0948634701555,15.0687802322915,5.21494476137999,rest
34.6559192395765,48.4565992483419,23.8146996612049,1.9010410859367,2.47533393172042,0.978459519862089,17.5642937156123,24.8551853035843,12.0611135137235,9.43796685499867,12.3954055604151,4.82825234855466,rest
9.30176721403818,11.8946447781806,5.29295324450535,1.32312280384075,1.78852984606717,0.482172719217398,4.72785743029576,5.97244983485981,2.73284214226689,5.82938444313287,7.78163773351823,2.02845234675194,rest
18.6454297705994,27.3751368876516,14.327034567603,2.0236531519248,2.6946114681582,1.11960394408319,8.51735895137563,12.3363000049985,6.47286970061747,8.98735818660666,11.9134286200932,4.81554656055846,rest
33.2409167748067,41.0061001295032,16.1553186840285,10.1418861224075,16.0906733247696,3.55274685121171,19.2175320879889,24.8668751196863,6.59433184297469,42.9886952913376,67.6054048181188,17.9207438239874,new thumb
48.8558655758521,61.6344187979544,28.2697503083719,15.9472876017919,20.2535394845994,4.7439372216209,31.7422248603303,40.7933225527487,13.1926185663859,73.9745872462202,93.8474857100938,20.6889051624676,new thumb
64.2427288857376,75.9575647452862,30.4190941531823,14.3740794782819,17.8230799450181,4.30578943510324,38.2374892998451,47.2823969084471,17.2519650992208,85.4588889847818,104.357945937005,23.6553125105222,new thumb
43.3001554125975,57.1092380775802,27.5165464510386,15.4363110774677,20.1373191955585,7.1389535379008,27.4450601192439,35.8399603744238,14.3919859525215,88.748158001792,106.732816143783,29.7939186803921,new thumb
20.9609339942781,27.4537523543172,7.99706475437307,16.6020730271565,21.1597361824951,7.15528644730756,19.9795364170522,25.7702369265712,6.02197306953896,71.8374001579439,89.9713851394462,20.2493861974863,new thumb
42.9870803947333,60.0366433726001,28.9931718339267,14.9187986533813,18.7241975618853,4.37590718750512,26.9501129692397,33.8079291491018,13.4825451531365,67.1330137279892,82.7415093513145,17.9594425139793,new thumb
64.2732278832903,79.1017573543637,30.5603970284835,15.578101455187,22.4721357124288,5.12905043434307,31.4543028713717,38.4624490561341,13.9612198911144,61.7510695406607,75.9093463224406,17.3119091430217,new thumb
41.8740864098965,57.9943270675824,28.1216081564049,14.6215381632002,21.2091021021306,4.41470983073156,25.4865119744846,32.1552782346327,12.6934743339533,59.8269274596491,77.3230175094247,18.4504734974966,new thumb
19.992201534991,25.1527302188459,10.6242199556272,11.8558442366949,15.3363189669435,4.14523806097629,18.8761856979788,23.3902275696267,5.64913376834754,60.0585153647513,77.8266599963261,20.6000652714274,new thumb
37.1641297649903,50.0967002620107,25.4822489224334,13.2166541043822,16.8944386237031,4.94134223882635,25.9182603788999,33.334045327549,12.6940900749062,51.4996975219361,65.0030756021156,15.9432202499718,new thumb
54.3702727202861,66.9832605301475,26.72523871296,14.9327888726193,18.9841738258826,5.88035160753018,34.7305398099348,42.4798115109133,14.0117212714683,55.3521352211654,69.0605362906605,16.5623418982732,new thumb
38.1570208285023,51.8290933912725,26.2528434514122,14.8933439042326,19.445754016014,5.7596577050723,29.2315376650439,37.1301992139474,12.8627273243889,60.614077003968,74.0526067318403,21.0285415038588,new thumb
17.6359110536314,22.5699733913458,7.52580886618069,13.5020567388899,17.1037901890187,4.80908589236044,21.1269948603943,26.2819881495468,6.91760539260351,58.2767895122998,71.6973995165632,17.8765410358622,new thumb
36.6802190338707,53.4266270721968,26.6232031744423,13.2840570477819,16.8839619105853,4.19177344366969,27.1697098264483,36.2562458421794,12.7093875922276,51.3914096247498,64.414796771292,16.245749028379,new thumb
57.2080649486273,70.5875627690907,30.7378855763317,12.0484665682407,15.5636715053917,3.95538353384579,34.4531643762735,45.3723218194175,15.2042086415642,47.4309902718866,58.2797237124743,14.243671548276,new thumb
36.7718303723437,50.655325635828,26.770447665955,11.0074045113515,13.5625183803321,3.65510682664932,25.8868217253347,35.6466767966821,13.9543557228437,45.9717513378589,56.508966141275,15.8507625705949,new thumb
19.7401807989402,24.8560899078652,9.56167049484818,11.6071575792803,15.7215990796383,4.02845407200264,18.9041593055458,24.178375669253,5.92547728934429,43.2862066117474,53.5664031045944,16.778307292147,new thumb
37.4240930763456,50.3568343948695,26.699454172056,11.1724331083375,15.6970437818463,4.02960491614474,21.4011168457843,27.1217824899771,9.50021496421866,42.91462891201,52.8397162745232,18.069412691813,new thumb
54.4879305555641,67.8490387518615,26.9821864175058,12.3356755499937,15.828237775949,3.73363441625258,33.7427479337965,43.3144013100123,14.9412486292689,52.0616812008534,68.394092184428,17.9486046268933,new thumb
55.3935299030776,95.5404167623197,22.3507640976542,27.9122409966649,49.3881006101218,16.0279812512327,88.3776916251927,151.790382369082,63.7160307414914,77.1037333365638,112.26486746939,35.8087157425892,new thumb
159.947002594825,446.881251175512,61.0743962131803,76.9823643179803,229.641064170051,32.2263759355995,301.931856829241,830.254166395807,136.680782302186,144.967465116835,378.503730752213,61.3136822871255,rest
146.60807592942,439.971537891065,61.3363186313486,59.7204617242958,224.696836631095,31.5772088709407,247.592429878906,817.389048565143,131.821391756698,103.763455766565,366.08824420063,55.3889151845106,rest
21.9388022669841,27.2666461659567,16.4152065477377,4.48089685010342,6.25180160522204,3.37619898347476,16.1216301974218,20.481745077474,12.1829031632764,8.02432524949877,11.3560444080955,5.26014461576111,rest
33.0493165203875,45.768016654308,25.569892370944,2.17207167173573,2.74988124431754,1.3114297348919,18.5159550213518,24.2764860445306,14.0678096778087,8.07909342263241,10.9354098705727,4.76244695688302,rest
51.9748748579853,63.5746242088097,25.9272480125144,2.35446916829436,3.00501325701719,1.08338460665134,27.7874046545234,32.9951514963659,13.3851779253341,11.0060720308175,13.6370707036157,4.96897611489393,rest
32.6062402278983,46.9108203685361,24.0801589458189,1.60154329126408,2.25914308569481,0.963782232690435,17.2071977303708,24.1749949976,12.4074075455288,7.52940979453875,10.2372347790501,4.89435976209877,rest
11.610960076812,14.0285492574059,7.72066474443067,1.03431771386133,1.24218731070241,0.322281709999895,6.23923094203092,7.48634845620955,4.00282170746666,3.83136250769232,5.67031261860051,1.7484038741906,rest
30.4003338046737,44.0934730863891,23.6490551280715,1.66416006085568,2.13209581749241,0.925867510320609,15.7855955296172,22.6267077579551,12.1654064166738,6.7075973806574,9.67783929103825,4.6732914955535,rest
53.0089147957141,63.319785679599,26.1136209064676,2.28030248775088,2.78394800536171,1.12219886381353,27.2931826812184,32.5512767319891,13.0391049437517,10.4827408953119,12.9571227210019,5.02274448520608,rest
35.2083385034177,47.792566680528,24.7003314630648,1.76623540377132,2.2812394788446,1.06699008441733,18.0574755165538,24.7033230978046,12.4370429618785,7.34389376821944,10.1093029934388,4.43543273111944,rest
15.2694847062663,17.7255290504831,11.5358851414372,1.1959112221113,1.52974966849788,0.56527497358824,7.41483711976207,8.71204988008873,5.62777409100923,3.85627357190589,5.5482277920215,1.61777999759171,rest
41.0173025830359,58.0445349528298,31.9826803003083,2.8197882834816,4.08400302635971,1.59817217043576,19.4770617953436,27.3065816666645,15.1517106215159,5.82714229776292,8.63332943967096,3.14814604204314,rest
72.4493399017951,86.3414813339793,36.6625940129813,13.0967652942836,20.2603019905251,4.24434554867285,34.4617263147083,42.4337273982857,16.3176866512391,34.2054475932608,56.0831201268974,12.156055117188,new thumb
72.4285581117008,85.6644571623342,54.6830817570299,19.7478208597517,25.2455627431356,6.65089231436044,38.176146131694,47.4137901985175,25.9090018066759,75.1839653892426,94.0130110109102,23.0278749116049,new thumb
61.3346413708379,73.4797897436475,29.5919985399344,18.0316295483358,22.94982931893,6.39496152667023,35.1915126996902,44.679461546858,15.1300517355614,78.8585610320506,96.1268651655182,33.330098567685,new thumb
37.0420237147391,50.4399576453285,24.8176092757631,16.5771380881544,21.5818471245514,6.40680814650005,27.8439097313614,35.9834570793147,12.717569196421,70.3165891297995,87.1545365797339,23.0121669348024,new thumb
16.9870152337268,21.2198447969118,7.90516959540992,14.9943697087133,19.1160007724588,5.61384019902125,23.3121009720119,29.114519954066,6.19936076428216,69.7853970924355,91.3163444083502,20.7749313821677,new thumb
36.993010907808,53.0725609206493,26.4834633889379,15.192237820248,19.2708416725476,5.02729088448015,29.8048855224763,35.9572195958144,13.8411589583081,77.0301063187592,97.9979634531852,28.0291466187654,new thumb
59.6418391731269,73.4037407641113,30.5438394972819,13.9835187920525,18.0101595634948,5.14417095752127,35.3171650178676,41.3394600046056,16.5358830691028,74.8463922939175,93.249439387157,24.1637201738795,new thumb
37.6073408381073,54.258531027365,26.7921758578565,11.1319245981501,14.3522573992415,3.19161046934541,27.3116300849955,33.3077697672459,12.0319870108552,53.4430311611869,70.0736796927823,14.4683640165524,new thumb
16.0337472404914,20.0122992400644,8.17909807940676,10.5290515875245,13.1661467802945,3.14048170963209,20.5958003933628,24.9777002794271,7.8809557155548,56.8924800710776,75.3586019247919,18.7209953671952,new thumb
37.8190477098784,51.3975510021175,26.6618819744607,11.5390503644979,15.0431427531172,3.19863895118641,24.3707296117483,32.3000933341001,12.6172760045618,68.0818588044371,87.5284129593179,22.6773043804192,new thumb
59.6463337757767,72.0630712955143,28.5804620279663,10.1046217435927,13.4143529596604,2.71954883164203,29.8382998951655,38.1859998933893,12.9769035083705,62.8316189193941,79.032242602548,18.9377670661483,new thumb
39.3615138877145,55.5018528729445,25.9641299064874,9.61060625145154,11.7594348070299,2.7754946034639,24.7641395628193,31.9937943203687,12.6213993939188,62.4283515213684,77.8922250905349,18.4212115534881,new thumb
16.9547246382016,23.1417564283636,8.64978256378691,10.3874198695357,13.0340498184794,3.74393513272751,17.9919112479655,23.0241668941995,4.84563958271964,64.6994975294502,82.9875676005859,18.195885360086,new thumb
35.7382642962525,50.512816115713,26.218444377491,8.82853125095777,11.4783865664184,3.00852763476401,26.7277527377244,34.0964176811821,13.6613796250395,72.8371364123538,92.963038764256,21.3937707038697,new thumb
55.7275965906246,69.4098863082983,28.120762509021,8.42276585194052,10.3215695389064,3.51339656253193,36.0382042142493,43.2620109389754,15.4434223864792,66.7666295973957,84.36999047158,20.4738494561568,new thumb
39.2748930043063,53.5427530442475,26.9149137061761,9.74352686723733,11.5000746341797,2.91461346758634,27.7386863384798,35.1958353849743,13.3737459696605,50.3127259054261,63.3103969214771,18.2347888848151,new thumb
18.553791640275,22.9428383217587,8.61206294371987,10.0502169891771,11.8214029189966,3.33133418005462,17.5242819193712,21.8983173243651,4.96762459739198,56.3926033042257,71.2596236994106,21.2520730643663,new thumb
34.6349815152801,47.4042231718574,25.2151866452543,10.8362125767593,13.3297806476508,4.61477865989475,21.7969999879998,28.9547419301009,11.4987085052954,62.3842791123003,75.1044203228676,19.5554543977691,new thumb
57.957693009061,68.6543059972729,26.9979778440426,21.3655245474073,28.733642002594,15.4734036033398,35.9548616693667,45.1634756025771,17.1986905727706,63.63875448024,76.1333192678564,22.7045992313472,new thumb
50.9024506612422,62.1753602616498,32.4069669064445,120.551226636792,270.593970628366,82.2025202545844,52.2883838478697,71.0149846850679,35.1817366718488,96.967474717806,137.397529996816,45.8944725129575,new thumb
69.0931218766697,153.360344751609,22.5024259059629,417.460510775749,1244.62940397715,176.739898238614,79.104187090658,226.701542351284,33.6584856772777,231.884811897341,628.948866140194,103.929558628957,rest
56.4705318218103,149.807031702096,22.0222953753605,331.7467318607,1215.61376679852,168.299996811581,50.2584555123703,218.528291229638,29.9853011876005,175.946563346897,616.504896372971,95.8356575832222,rest
13.2382864274146,15.5473199041794,10.4978418665639,23.5454982912147,34.1622981540406,18.5989433844658,3.86163764839292,5.10578538950845,1.96895256965111,9.76642114176932,13.700901396182,6.94897033474242,rest
30.6384405284553,44.1725551466392,24.5280942699854,5.96941863828909,7.6824052869138,4.59550104253356,15.2813717190569,22.4836628576811,11.8045533649398,6.6219080798894,8.73550008577647,3.92451490979024,rest
51.758922529944,63.2017080673627,25.5115795961186,2.79415451765803,3.38166499133259,1.31457727540937,26.9115934642082,32.6981665871605,13.068837035163,9.96289641341278,11.9638931294913,4.65487694384404,rest
33.412934597945,47.5195584345862,23.1559838218631,1.72210110231548,2.2072710514234,0.764440015761528,17.3402871180954,24.7886726438339,12.0080275768556,6.81875459034477,9.25076141710168,4.39006364188246,rest
11.5697934105593,13.9571276496628,7.34116243689365,1.291570943223,1.55983260379902,0.38258161210865,6.22911590801191,7.47791705045743,3.87667998724795,2.95349374472742,3.71306039783191,1.62651303047655,rest
31.2377168400666,44.6737799013767,23.9932993344653,1.76452899135092,2.20615490694367,0.922519550669562,16.2735852700842,23.2664910385729,12.5085030881663,6.09148843125689,8.78625506814767,4.58207835361912,rest
52.5170272443377,63.010827817743,25.791092738595,2.22331499361894,2.7446786714544,1.0111796878055,27.4235993029205,32.7532025829349,13.4605119565037,10.0762997002908,12.3865095122774,4.81459865240769,rest
32.8136256694079,46.5682128785863,23.9741236664117,1.75214536516081,2.2782359855321,0.999494881051896,17.3157426219969,24.2269038092783,12.5278581414546,6.94263759888839,9.48571610161784,4.63789388348978,rest
8.38788092998816,10.9934975106575,6.60485771866135,1.37906850213682,1.67375490751603,0.621268326742534,4.30314941557121,5.85226973714592,3.19886160125045,4.31269677840105,5.22348693290299,2.91160323574927,rest
10.0657932714921,16.1319622576441,7.19625427254839,6.84326649666336,15.7119195126551,2.91141607161103,6.36347379001352,11.9823823660004,2.66930919183079,41.8772463842126,84.7969238214351,20.882603697044,rest
20.6210246190601,26.8540326704218,10.9222965121714,15.2343213484627,23.5476600462127,5.07820227426795,17.1408452755951,24.6785172990865,5.29997792453964,73.254815589906,105.536455284399,24.2705222620063,new thumb
40.2881301130071,52.2356839542655,29.9736768706548,17.7811371970984,23.5564323641153,5.4532076112396,28.71112779936,36.1313347320429,14.2622796269496,65.631299848158,84.559016641215,16.8464060893172,new thumb
61.872738065315,75.143109446656,28.7365892384971,17.1630251127233,21.6863390975903,6.15925787561684,34.5742600356402,43.5459142030121,14.4316512218863,65.7768305296943,82.2872691951254,16.555123402393,new thumb
46.2811493807875,61.5858020194824,22.8521320689994,16.7977574747054,20.6525463800942,4.86475307661596,27.5904720910517,36.9375698325509,11.3214105019518,78.6591802290504,100.094601012716,33.0851077265098,new thumb
20.5475377553675,25.8607603273806,8.24799561210151,17.3396878311977,20.6700843397971,4.48141991782267,21.1038617888464,27.224318151467,5.77458267626113,73.0237559211128,93.8571223346686,23.8784961227382,new thumb
37.3640933487267,52.4366067746293,24.9326339937962,16.069156951056,19.8318784816243,6.24728143209951,27.1990087193747,34.3720936632251,11.9672710270092,60.5717176857379,74.4919293024366,18.52408770148,new thumb
61.1298673577183,75.6474331502627,30.4567603210197,14.4658317620819,18.7073715348439,4.42043305657475,32.3333491202595,39.2576037043041,11.977181754923,61.0041379848848,74.364048847051,17.5266836193897,new thumb
43.4890572588968,59.7869006506149,26.5006320683046,15.9237388929972,20.788949062599,4.72488921918408,26.1688983483606,33.3842981247377,10.5090855643304,64.5433623766881,80.5787852775918,21.8918110979899,new thumb
20.2579537048769,24.5833960380174,9.23670616492946,14.5238062040907,19.3581778645324,4.52496804438772,19.9987647124097,25.0152554490022,5.24306817717548,62.9283522505307,79.1479695141983,20.4657796343835,new thumb
35.7072521195248,47.0055738727942,24.2095897897407,12.7826619843549,17.091598958595,4.37444111490051,26.5411006668888,32.9925481107931,11.568105824774,64.3047776172095,78.1022034537021,22.5037798994268,new thumb
58.6216688270159,71.5777259227494,27.4926598292965,11.8829320901564,15.7300057559613,3.29115924386153,34.7269990002575,42.2410928516881,14.5056424439165,63.7658928518057,81.6881382781878,23.5874089632821,new thumb
42.8572744722731,59.5089126353415,24.2100164284904,10.3315815272078,12.8558457309771,3.37953754781674,27.498709215753,35.6344264697984,10.8069236415308,62.9983563975332,82.6869028755679,19.512117197756,new thumb
18.3984706522669,23.5536249835514,9.43837169395059,11.2800096446467,14.1283426184859,3.78130640865464,18.9038545610081,24.3274088709397,5.35781277607881,70.4283864301885,87.5902279876135,28.4172038585412,new thumb
33.5735906812551,48.2075039579076,24.7919238785058,12.5177750922073,16.532296809662,4.52354882286962,28.4325316350044,36.2525288450427,12.9869685697147,57.6672556307293,72.7310832210334,17.857863611172,new thumb
58.5629359466745,71.5483043758961,27.9452642881291,10.5619191360673,14.6485688833462,3.04045999783544,38.5310189872827,45.8696686007853,16.6822015640132,48.861395742639,58.7292870303016,12.6724031583171,new thumb
40.5192816231518,56.4720076383915,24.2497369113791,9.47736897639654,12.1968067904318,3.09547760712318,27.9811349146439,36.1785050794844,12.6074323416989,54.840508725492,65.8761570453514,18.1669705376466,new thumb
13.7383147470275,17.4680249689772,7.32493861205925,10.4350093316855,13.4231865708608,3.30071701127148,19.6984684526353,24.1853281670443,6.07114807045578,64.198357785277,81.0223814198273,18.7909884542378,new thumb
29.8712682861511,42.011871490261,21.1516661890105,13.7015864864521,18.7434541479854,4.53918029991373,27.9686595757739,36.5473946095399,11.9757555426596,69.914995003023,91.1954177986231,19.9465307279377,new thumb
66.8347783756544,80.9834392228432,33.6555454635516,21.0687189706223,27.1013983578631,9.46838884824179,38.505728414432,48.0293425047093,18.113798606533,61.8480880775707,82.8174884546094,17.9469773184517,new thumb
123.003072111164,190.928710940234,85.9806292429023,81.2257475912947,169.039651793019,53.9919099049268,77.0390902131238,138.110305342423,48.4846570241765,117.343594205471,203.834053325844,51.1010002483768,new thumb
255.954366768173,758.881496141796,101.823197027872,269.277971515745,817.071298916544,108.634759938606,204.453220029442,607.852941503581,85.2525211349046,303.635467229898,829.321215057198,135.917607590744,rest
184.405963444607,737.956963092481,101.481406479547,213.211482775556,799.977829160679,111.575925224149,159.430927197252,593.34273013605,81.344489901018,229.303218691062,805.898705978136,117.698963240408,rest
13.3955258167183,17.2423011166586,7.7029123618016,15.2138141506374,22.0134791844535,11.7839851091292,13.8648114686836,18.0131155487478,10.2670768672183,23.1475420717236,31.186696836464,14.8682936834752,rest
28.2057535796626,41.6914975651615,21.4021026949347,3.48881541915733,4.90181831864643,1.85347146782382,16.7692741584839,22.642552764278,12.6336884918994,14.1044454682813,18.6488065367661,7.38853807041054,rest
48.8504778048026,59.6912800017542,24.6852529486289,2.01642761015406,2.48797593653755,0.533781565455059,26.5926173736742,31.5733831224732,13.0146819774036,12.4643091776975,15.6720330541709,4.9453729370806,rest
31.5197471966186,44.6662809004999,22.3809343918352,1.72397924795194,2.18018345755865,0.792460275626991,17.0026441495616,23.5850233370588,11.7702643692643,10.2891081269999,13.6431985595122,4.33821753419678,rest
11.0915825426168,13.2221225211977,6.95176885539101,1.2906206925497,1.60094208681957,0.377046554972296,5.97581230564425,7.2638311554196,3.69677259328875,9.25127837159836,14.1492250471456,3.64742853191062,rest
28.9679200189618,41.7241907680224,22.222773841986,1.56237581432354,1.99151457242778,0.782931717115922,15.2813804700272,22.2901433509147,11.908741592699,9.46631459386116,13.9916290544451,4.71385463736402,rest
49.9843687319573,59.7924782549307,24.0517868814046,2.09629701451825,2.57007563226287,0.912596201122921,25.8454752566301,31.6445510676926,12.7039883106597,12.1162196896497,15.1423550889606,5.68271579202459,rest
32.2303863519312,44.8328950697838,22.477111364089,1.68086409915728,2.17938379656425,0.775118436449758,16.8029666835703,23.677497814032,12.0548334412974,13.7029196517364,17.4204865397778,4.47975005101669,rest
8.4646935829154,10.8641589206746,6.55629272951044,1.19901799161705,1.46257169729117,0.317055922652205,5.02219739731746,6.32393719314128,3.6322259926262,12.6111449891766,17.176216313663,5.44256151767112,rest
8.36566513044284,11.3430074794878,6.37133336687906,1.90597162715933,2.63774477237849,0.587748243975741,6.2429734474228,8.77182143973442,3.88251800452106,29.4741813235591,48.8162143996625,9.85950402983406,rest
19.2429681596759,25.0694015463691,7.90365663519419,6.89221947664608,10.0881187824939,2.33188344477868,15.1351129057897,21.2691575611573,5.01692978865429,55.0319719317507,73.8080000937286,18.3984091231673,new thumb
36.7199736819674,44.4975875007423,24.3469236428479,10.6292628900506,13.1177730853476,3.04255487620948,27.0570474991527,36.0250513311658,13.1591711362266,72.1829933542574,93.6343460408694,22.5365467402465,new thumb
47.2612521810446,56.9315672454054,24.0754871651661,8.8477368147368,11.1902723960064,3.14385034595719,31.3604005428066,39.2827368653598,12.3362990260581,81.4587968004841,107.394231676872,21.9293824319361,new thumb
34.6674966416753,46.415121978032,18.449968461663,8.3453508721234,10.6202566361456,2.83324722391694,28.5973753467214,35.381687768175,9.87568598690402,77.4571647976568,107.350910377098,23.1452651816521,new thumb
23.6509206260539,29.9095138771348,8.00994604071414,9.09903019726962,11.5328914329866,3.04636291252812,26.517808642296,34.806376845379,9.24219372126298,79.2415391912949,103.344490773273,25.045668187611,new thumb
34.9918904714876,46.2948137317134,20.3330961857964,9.45935770109719,12.1123091028258,3.68462032198484,28.5029891522728,36.6291939024468,9.33133008335757,81.279928367946,98.5850389824703,23.2228238542787,new thumb
47.4720823653203,59.3049908885582,22.7229042555452,9.82155817803647,12.316760448711,2.58063795498133,34.5275827732195,43.1041246835162,14.0057831598416,80.1885682751735,98.6410891303961,21.482106205798,new thumb
37.269859973388,48.4992792536516,20.0594299462245,9.82719558669549,12.2137775427748,2.79502018215288,29.3091092183087,37.72578342389,9.01065895108083,77.2740407708299,94.1318741435961,22.4636364958313,new thumb
22.3422032947026,28.5622206126636,6.56680845951644,9.87584033828543,12.9985197193783,3.51786544469819,23.3920191176606,28.5475897481112,7.23008738230376,68.9263298975173,84.4114201535977,18.8704275446409,new thumb
32.4118542525416,42.7304276505001,20.1910543774429,9.37248727169698,12.5418314070932,3.78713665870912,31.1139021557612,38.8850209626423,9.6239303013216,70.2240615873407,90.0973859778244,22.5946529365101,new thumb
46.6106411987135,56.7239189909177,24.9093689009477,8.39159362863838,10.8798743797408,3.13939408104984,34.6193084300983,42.7323207365976,15.1049949830831,70.8279581957893,92.7223148002992,28.5923277213579,new thumb
34.1729214486421,45.2212708108923,19.3832833937844,9.52652055297999,11.7929122826592,3.70033147437777,27.8837634302633,34.7962781766945,10.291657693826,62.9759316267444,82.073807684124,21.260481132627,new thumb
19.457864648895,24.7645556600591,5.99209930110757,10.8469220235896,12.8892363942875,2.85502780728551,22.520167383676,27.9034288464607,8.01026990325546,72.3440588323011,92.287479727424,28.0734884952347,new thumb
30.9295340693899,40.7488949783739,19.7384464532304,11.1486507877427,13.8466369780312,3.00479746774254,25.9482050560712,32.0138369112676,7.12804670581552,71.1948706597799,89.1914437210544,21.9566572788936,new thumb
47.6155064179749,58.5432486992659,22.7674620449381,11.2613190240532,15.2463395147965,4.51300157571478,35.1023501883663,41.4091839771913,11.037120407646,68.7286832161887,92.0407065772384,20.4550844769325,new thumb
37.9992459293158,49.6116425225661,18.9364745439035,10.5922063995212,14.1188714474457,2.67806493219727,33.3575545511611,39.6106740059369,10.2757457048088,75.0568830078833,98.6029836788758,19.6532762980043,new thumb
19.2962376952999,23.7644871640827,6.49543003940173,9.74062305244485,12.1211939532769,4.1348892393581,24.229868993585,30.9123903647034,6.27802525025182,78.9993511176376,100.470891253781,26.5677485076693,new thumb
30.9480139668585,40.9066855964615,18.2049193561968,10.658603093463,14.0899423969925,3.261425538843,26.9321242985858,34.539231670235,12.9158828833075,75.836915621256,97.9042752825086,19.5465687414931,new thumb
49.8985433008145,58.8608555805424,24.9044046927901,22.2315364465127,31.4294461408366,14.3617994422518,32.3167622730836,39.7306763243568,10.4805460620373,68.112657364447,83.5230693833597,17.8876195125947,new thumb
48.2053442814822,58.5101241766245,31.1463300702013,115.399700201629,223.446478683181,76.7099329109492,71.549865672514,146.579786386346,31.257424181013,154.890841220305,303.575863590835,83.0098156944083,new thumb
70.8047087956901,149.758350480265,33.3427775880959,428.070906466405,1236.23649992991,189.546820734007,244.835795275113,743.283286638172,98.6084284884184,467.273226747084,1335.30580341813,206.714784434098,rest
56.7128042481346,145.365979028349,23.5547597653743,345.847222383276,1216.57212833234,186.496419752371,204.057397079882,729.658368853631,102.079887902842,370.751477968237,1302.42300908767,186.601148087903,rest
13.4873572118084,15.7905146278412,10.4563264766111,20.5580697281967,29.5542173234999,16.0040432721195,19.8119722965455,25.5564087082387,15.3287362410471,27.8472956388943,40.1780366649117,21.6987869092833,rest
30.0798831712327,41.9349516517576,23.3107730652954,4.60881161069773,6.390358668342,3.38040251918085,18.1714058948849,23.8127514029571,14.3174437204787,12.808089473758,15.8301336915979,8.78177855153221,rest
49.8695650877525,59.2008297189255,24.0310508518299,2.01206026200955,2.39347105983965,0.824274624621382,26.2891071765466,32.0444278681145,12.8258511451955,13.1133659048497,17.0745738754678,6.54579830429134,rest
31.7488494311732,44.0477686290432,21.7867345540387,1.56211811360755,1.98136766927979,0.548854064781901,16.7610599124719,23.7958275181372,11.5541572010338,9.67185915675907,14.3555010845066,4.35332578691582,rest
11.0386082730104,13.0317691032269,6.80384991830266,1.15362792005634,1.42412887586361,0.392523591598761,6.15197761700375,7.52754389402039,3.78005107735875,7.54136619891447,11.5783669045833,2.89302073862017,rest
28.6121729351633,41.8691005856118,22.3363893341861,1.42074082074921,1.81460733861238,0.584570388667626,15.9441577291214,22.5141348264232,12.2265876664514,10.9274137495576,16.1878780253527,5.38863249790758,rest
48.7470309159484,59.4722689948645,24.0706432756813,1.83235754181181,2.34868900776142,0.76521322890473,26.3639241327865,31.6430512389157,13.1578363095031,14.4975299296189,18.9213547557117,7.67262973495533,rest
30.9992443798793,44.166447750839,22.4160979174605,1.70254541996611,2.18651478715831,0.698936517987732,16.7133672915682,23.5498728386398,12.2843439748363,15.0343070221276,19.0786007533564,4.96153792092187,rest
8.28665442038531,10.5456902116705,6.41443022377412,1.31382421126912,1.64308827331628,0.372074285966302,4.85319934578114,6.3984505865047,3.60930122299539,11.2361515181479,15.3711086381825,4.1592795544688,rest
9.33140322069462,12.3973631830322,7.23228919049955,1.15593419573502,1.50392674207512,0.380914713094084,4.91393024108327,6.55958804034042,3.56374015455138,10.6016541107575,14.3038596544093,3.34493142018183,rest
19.5411227678772,24.646415678425,9.13288258100179,6.7459236741161,10.996591309904,2.78758188200834,17.9744914276725,25.9184426113313,6.33204191733585,41.7276158242478,67.1362492909771,19.583899893019,new thumb
40.3611071982232,51.3672267336682,29.102690773653,13.600162599419,18.2399197081303,4.99657216064954,30.7666655277696,38.587379987482,13.5702200056209,69.1572713765291,87.3400447853585,26.7528786448443,new thumb
57.3683254693469,68.6188248464523,27.2711362883436,11.1900989741242,16.2927444865961,4.53578499812708,35.1945370774159,43.284018598408,14.9076909347919,60.0991681467846,72.0404035044624,19.7360012211754,new thumb
38.9136238984149,52.7125888050323,20.3546025954414,9.25513493267812,12.6293018468772,3.8609360610918,34.528005881388,41.1937404813387,11.0310561804762,52.2379129767756,64.5614375121895,14.743463157184,new thumb
17.9905502136125,21.2878876194436,7.71956391749571,10.5719289714508,14.3279571541434,3.42745097589737,27.1672156880966,34.068830791849,7.98825731036998,61.1216268856422,77.0387728259544,17.8396126289374,new thumb
33.6325744269314,45.0938797559104,23.7067765815478,9.76703407349989,13.2041232358945,3.66246124146634,28.4725176918462,37.8004912862564,10.8035774255804,61.7071404741695,76.8632771037051,21.1530697684476,new thumb
54.9880021554829,65.9661879198392,27.4944292565672,10.8857993207906,15.9617753969308,4.50063316767401,35.4946323937527,44.3358091541536,13.7579974689742,55.3290517421654,68.700372502748,16.0974622513767,new thumb
37.3812576309065,52.1687585794383,22.3718130504309,11.3162342957603,16.5337969933823,4.10109540774086,32.6917245417955,39.9608768700228,10.7334209301422,57.8024887297604,72.6320393861574,15.6950260946892,new thumb
14.4309729135725,18.3504583246856,7.3670733329342,10.0564609883928,13.074443047197,4.36546927918169,28.0971486613007,33.5373755348216,10.5860705152377,59.8890461011839,76.2782619510168,17.855892007857,new thumb
31.3556167941718,42.5273666548944,22.5198598906429,8.95086401716291,11.7772911804462,3.12472722860528,31.1603893281814,37.9636822134894,12.3012855424715,61.4023521641223,77.0317654691203,18.51857134602,new thumb
51.9589739068963,63.6548639451074,25.7590229738015,9.47839185415531,12.4176739243982,2.86017961937267,37.6676549091718,47.0932798019635,15.891130596183,63.5447879613398,79.474510996333,21.3894187546283,new thumb
36.6067189444596,51.0726200374368,21.9276340117066,9.77370964441484,12.5260160668599,3.0373082899458,33.2555376633636,43.8527112262203,11.0527587103276,60.3422814106483,77.2631948895652,17.6762150395513,new thumb
16.1189977384061,19.8049213583426,8.78576515654173,9.16487399663108,12.0574924023603,2.68205661949135,25.1684580942998,32.3439355602825,8.24825396554539,53.6344018755969,67.9213594559861,19.8809849248331,new thumb
31.5488440301087,42.5716930779104,22.0764512418676,9.88971021426031,12.7674426459505,2.58218737543343,27.9712024403056,36.406333319848,11.4004659731932,53.4550180398358,67.4750737818187,17.6399755278163,new thumb
56.4295291485579,67.4973607608188,28.5424402376955,10.2661804000939,14.0542420455542,4.05985586681728,32.0404727341089,41.6158152328565,14.6907373245121,56.3320963432166,73.1446633846419,23.2585616946141,new thumb
39.8732445083076,55.4870449752438,21.1120802640421,10.4928164420755,14.0947782629587,3.88001633119216,26.1618454903442,33.7681725222026,11.7503378137849,53.8874548220057,69.8005740007857,19.275572263887,new thumb
18.0647161299884,22.3467657640012,8.66507153989357,10.4807134700471,13.0779879765664,3.42907637682217,20.2838119014695,25.2382929794091,6.30466175146614,47.2209017309809,59.6331068552394,13.6150248904184,new thumb
35.908968714535,46.7023217561826,24.3622399805466,11.2821313135225,14.8603102338292,3.93499761981372,26.576930127138,34.6968646281147,11.5313007359252,48.2656058888328,63.2800609326822,16.0813116349422,new thumb
56.3524297809752,67.4468219664525,26.5457654786925,21.1394815702146,28.5691148683783,13.6745953490198,38.0273359163443,47.623367621575,16.930482889444,56.7119830142039,73.3826514506944,17.0863415455122,new thumb
83.2679776629624,118.493234082653,51.5891847527003,114.662264494843,226.741007768779,76.6164440147259,73.6091154306487,120.842045137315,46.7734449987015,133.004597731786,257.626478883492,68.3389619246772,new thumb
159.774733124684,462.956012760321,65.6577293928935,408.030833525848,1202.00178060209,178.723067697375,178.450394032934,530.789743406045,71.8439387714922,393.991907830433,1080.1301009098,175.988365151704,rest
113.652622941165,450.672838577878,63.6251615502476,324.579018928775,1181.04851881921,175.6731335057,134.350636806677,518.37503639411,72.683055679599,310.983703066893,1050.87621752913,156.749006595005,rest
12.8448279926201,15.1224566140285,9.67877873553556,19.5830871316779,28.8682387486388,15.5349398249363,11.6684022046345,14.5026678184623,8.77547347394303,23.8949670162935,34.1215649251796,17.1526588335219,rest
34.9794781473092,49.8717563955713,27.3089575055754,4.87971321448159,6.5602003380137,3.04608008527512,17.4401666951526,24.0604278062838,13.7421260812067,10.1080894349073,12.3528167610824,4.78013501324362,rest
57.5193055051532,70.1391885036536,28.4314065227268,3.14627161679442,3.85125847520901,1.62401680357376,27.0350596653493,33.0992344492406,13.3827543107192,11.6545420876729,14.5021989739996,6.23951375422057,rest
36.1708989178992,51.82559819136,26.9072207632738,2.30179755101406,3.13635732017021,1.34490191751253,17.2303222216931,24.4366291498122,12.5368293406545,9.29400917662701,12.1090727387933,4.88017811607409,rest
13.4412153020521,15.719795976729,9.78153906464003,1.21646966792461,1.54049666360302,0.462727513579775,6.62656962430656,7.93866998412865,4.79649904162612,5.78862003220683,7.22788028879379,2.11783001177079,rest
34.5081006194127,48.74590920246,26.4199491849882,2.09584578868917,2.75544096476072,1.2992901333597,16.632040619286,23.478362263188,12.7002918236587,9.06996336496635,12.0914742950488,4.73485101789866,rest
58.9485061866322,70.3720915040523,29.1330489948158,2.98403088447259,3.64513747993959,1.37338362428265,27.8662745249862,33.7756972172174,14.0033589352171,11.623143954324,14.3112411520782,5.32670032676607,rest
38.0363447877476,53.2001450278855,25.925019107368,2.23724751857089,2.90171627947303,1.32161521088723,18.0944034097947,25.6262988087478,12.5596115780726,8.43045989137975,10.7983311738484,5.01696423114217,rest
12.6173028062459,15.0211973023073,8.79377706228979,1.33278549629815,1.6104731259064,0.494248391903602,6.44538256954455,7.90057261977118,4.1265004298853,5.36860669438978,6.95821309054955,2.05718561985059,rest
29.2179715266558,41.3924703410229,22.6081053862166,1.98187916913461,2.48561382626716,1.21136107335262,14.0635209336551,20.1568380438516,10.8295841560833,9.66483163311582,16.7685412685797,4.06045141947893,rest
51.0384369622555,62.199571863525,24.1834244106815,7.66769566494042,10.9211074994113,2.45694493801835,25.4649926911911,30.8527733762626,11.056563443164,49.7726593167137,78.5949127405489,18.4551516765705,new thumb
57.2932185873807,70.5146615083658,38.7457536460434,10.4884428715898,13.0940628843872,3.2336492182529,31.5690047542954,37.922668498574,18.3069023694875,84.2214265403065,105.275345840869,24.9442373827454,new thumb
59.605990393265,72.3189927922964,26.5925737148472,9.85454229605779,12.5528926305382,3.79937523755533,32.6348917776967,40.6954904946535,13.531732213406,71.6177042056976,89.7432732566153,19.0307457020614,new thumb
38.5110466282161,52.3561810965939,27.1618557808291,11.8879332796798,14.899347390965,4.94786214658448,22.2855711006009,30.4165740373458,13.2561381235931,58.9432995051999,74.0624361940928,15.0516933710394,new thumb
18.1030306881154,23.1958329063714,9.34926590714162,11.949340076505,15.2714091801847,4.9884553660869,14.4124453632846,17.7296898937216,5.53588608770486,61.46394181747,74.9206782009226,21.8038525631627,new thumb
39.1574622974741,53.0716662871681,28.3144379561851,11.1306995097887,13.9485923991824,4.23039935591921,22.3861310190376,29.3504617104442,14.0874543330961,59.3911517740956,73.5174607692101,18.754347822899,new thumb
59.3946499086644,71.7521727698296,29.8595589047325,9.4331398252779,11.7548712621017,3.40020557654965,31.1419501939265,38.5924880026064,13.6430869773097,51.2728802355106,68.4835133858365,16.7113733070435,new thumb
38.3370697349028,53.8615674321523,27.2598590086275,10.3051289590024,13.3397074788465,3.16506446251917,26.2998454145865,35.4195943358397,12.4956248781848,51.0642735095151,66.9447286264801,16.1540820775513,new thumb
18.6292753012635,24.0848753653943,10.6248241635626,10.8374871977418,14.1018835087089,3.7512036016003,19.7777277967926,27.6637912120412,5.85124792599787,58.8156902183703,74.9586161593485,19.3708982717732,new thumb
40.8360734040124,57.6599195960284,30.025413492362,12.4789275152083,17.0592353836199,5.71456011007591,25.0567472000868,32.6881462403927,15.267920040539,55.7794142701667,73.7852675346654,19.4295433654958,new thumb
62.6994407379453,76.673695325146,29.9867743943278,14.1848629010044,18.3489578446879,5.63833402618515,30.5939950027119,38.510026437983,14.911452893708,48.699722655417,64.5288318798696,16.3417900232688,new thumb
40.8111252112888,55.6741098423646,30.0331505612017,12.2539696983624,15.883364701873,5.05391293603591,21.5775430349868,29.5683186661612,13.6632198353687,51.4316232081988,65.1523012049456,16.9892730691288,new thumb
17.1001872394403,21.4136532830839,9.68345598059202,11.2727074359405,14.6333811107493,4.79882918260202,12.0405780202864,15.9523105572202,4.65719623671736,49.2568756971855,60.4051934060815,15.5090805133459,new thumb
38.7423366731341,54.9165005626567,28.6148561420049,9.96200485603891,12.3601840961111,2.61825709555461,18.3551816188347,25.3140598054876,12.6989537263026,44.1960985328695,55.0404420366709,13.8237299751259,new thumb
62.0639503500122,74.1656134399095,30.365913733228,9.88920981797393,12.8272383015184,3.46227329764718,26.7139944022011,33.0614172102408,11.8221011070739,43.8812804442782,54.6606562145895,16.3651070945791,new thumb
38.4141376021018,53.7327381345054,27.5007206017904,10.3641317629161,13.2382497153449,2.83596244545869,20.3799552877401,26.4344057577128,12.4299600491861,44.1013966724764,55.3197436788436,14.0479947971722,new thumb
16.303241766518,21.3412032427095,8.44219814095296,9.55538414747214,12.2739000366991,3.63648974246233,13.6443850246897,17.2625562373495,4.85242748630936,42.5996016150595,54.77464045882,14.257875297243,new thumb
39.032087807542,53.7004288510408,28.2869910568389,10.7021179040095,13.6721077690829,3.62568733296602,22.1876878361315,29.7158926058652,14.3920388999678,40.1517650397411,50.5292567773372,13.548594071508,new thumb
66.7931242336141,79.0070422940079,34.6369136135844,29.6049653330787,41.7413685154682,21.1561616979405,35.3507261807081,42.978388051062,16.6568829709882,43.1225845334339,53.6985259171938,13.4920930153222,new thumb
70.2093507557129,81.6549501593846,54.3183951323277,182.034254709496,394.114816846544,117.525473487174,91.349731064348,179.805121226694,60.8509799898877,79.8074492782268,123.066856290651,32.0855548413525,new thumb
63.9784766107031,78.2267482462933,33.4744266954943,620.142307022151,1691.11530399577,272.913433412234,285.282020893941,867.533764124243,117.401580338234,219.062098842315,608.504998740687,94.634360700517,rest
37.6235710143728,56.7441876329256,25.6138529134264,489.595304708532,1645.73601428462,245.50941442665,228.856547442023,849.727077031198,117.596886328656,172.463357815217,597.641798524882,90.7886389190436,rest
13.4991031192269,15.8213417492743,10.5152035169504,33.937991808898,48.7040688186345,26.3267615429288,19.0800975003307,26.0231463424392,14.2960098535838,12.2789914382758,16.6976004545638,9.26348721435604,rest
32.4184759325662,45.0884304192442,25.0081935710298,7.34938918132113,10.1396889719978,5.4251604955714,16.7631455597563,22.1937094520684,12.3751978638528,9.1472961279871,11.5125216668226,6.68253724091279,rest
52.9330709792501,62.9225327587144,25.6933706601033,2.70917269195367,3.36190932865549,1.14592463723202,24.7345001824575,30.098594091689,12.5570982289994,12.1942134883253,14.7602755022842,5.95019307367606,rest
33.3640839649543,46.4000358322826,24.1060717031307,1.8212475667811,2.39552320626702,0.950108599972211,15.5007394362035,22.1427607784494,11.4229178521733,8.22560649987787,11.12172772166,5.38397983321295,rest
11.7546090024057,14.0369287542461,7.82860411802395,1.29431964308232,1.62111081204584,0.42745762456815,5.39250230740574,6.63989053752831,3.62493229068621,4.29640752314575,5.19248223446619,1.67347725946137,rest
29.9787414356743,43.6025991735472,23.3463237314695,1.55329140070942,2.00006470719324,0.738230771927035,14.1006273089877,20.8431216506572,11.0362209474079,7.42892245220621,10.1454330363271,5.10465172834302,rest
52.4122480339305,62.9897128822602,25.2573943812415,1.95834345529521,2.39982230584269,0.87732300365628,24.4285840524664,29.9096169169507,11.9118609599536,11.5132616582739,13.9850948640802,5.73664873007452,rest
34.0258229424237,47.5201147900071,23.3883836426665,1.61308103117196,1.98162966123286,0.815076936512843,16.1233501417553,22.6315918469369,11.2352289494732,7.96510668201495,10.7464151970241,4.94950249863769,rest
8.13659279563894,10.9970264201515,6.27209063347607,1.14685739815843,1.35149420826867,0.331589640484963,4.85928661971491,6.28697962702215,3.44304155856722,3.07040050247389,3.93103449258106,1.18403129289327,rest
6.05935531061648,8.02085051758392,4.65638185698899,1.51396548049581,2.64769757945118,0.557807875500437,5.66062559284368,7.77029035594616,4.07897267526805,5.8369769279279,11.1038190201745,1.99634220246155,rest
13.5885067991456,17.8835491115581,6.37390224193027,9.46086651237665,16.6389187067212,4.55851851149326,21.661468978565,31.8825658648697,7.75490852761325,41.9141936248462,66.913707799008,18.7416053373193,new thumb
35.3533829868719,46.4384372765561,26.4463310175641,16.0220386565887,22.0402929338802,5.72235874734324,33.8772558018453,41.9980409194886,14.5950060073506,74.4207106716884,93.8474418432093,25.1588704305301,new thumb
55.8575135630501,66.5231883040352,26.9890613281638,13.3832926649697,17.8298924088152,4.93865993624804,37.487520663519,46.435076957031,11.8712388531803,67.8727034803699,89.3717493297224,23.389420904155,new thumb
37.1970714166216,52.0908779840857,21.6914722727789,11.9622739884395,14.9065922524627,4.25007692113719,35.6886107881393,44.7110827097439,11.2843869969197,69.4998154359994,87.9136607869804,21.6431429842857,new thumb
14.9929715429368,19.2329433749494,8.05127925230717,13.9822030644684,18.1671997203321,4.02513642238895,28.189278412488,35.4409548355218,9.86582592938507,71.4662507245362,85.0371624250112,21.5576650347042,new thumb
31.5171206560409,43.5785962987464,23.3201393461229,12.2713315247605,16.6397099598908,3.80471186795354,29.2831695714785,37.6344718096398,9.01581091579874,60.4322387243669,74.0285573749506,19.6077288664838,new thumb
53.5757546009546,66.0878410054612,28.2938907218952,11.146818762804,14.6920280618524,3.21130346644868,33.7500628509334,43.4229884294893,13.4849297455208,52.3859009557667,68.0983547002645,14.8705348302416,new thumb
37.5386248522887,53.3669225787411,22.0864976925929,11.4587669154166,14.744814334633,3.45998589135342,28.6549772993562,37.8409996165631,9.70233380036127,51.8189551510202,65.4539044499275,16.695428517489,new thumb
14.5590555090147,18.3110484506553,7.20189632198903,10.1683351612183,12.9484337594194,3.78353637662782,21.3205139551905,26.5966303013985,7.56669720747758,51.8072937836886,64.7843650259002,14.7868994463411,new thumb
31.467812751595,44.749344700562,22.3658593240604,13.2746628993898,17.2773058567756,5.30417118705411,27.892764461235,36.0140499905701,11.5303720378952,53.3561943386306,69.5143898110845,18.3949629463034,new thumb
53.8093617958028,66.4639333157399,27.1644351132572,12.8511456798302,16.8275707300238,4.1782340939839,35.4771806458906,46.3295827477662,14.209207017907,50.8404090728839,65.2279909576387,16.6411031926947,new thumb
38.238920287448,52.9089859359643,22.8065484449757,12.5629814316273,16.068445781333,3.35311965873133,26.9759272285882,37.81757740455,12.1483156569504,47.8161141657148,58.3767812130879,16.3230739550865,new thumb
15.648367410563,19.1258505853434,7.61721188111229,13.307220516996,16.7832913741073,4.25524364811383,18.6231671739949,23.4126417502967,5.65673672983871,47.0976213420826,58.6111688782449,13.9384493186305,new thumb
31.9666589494442,45.4884656342866,23.4412970250815,12.5834707611642,16.127775817569,4.66060155084865,26.1546113484847,34.5700608213576,10.6547220757148,48.1730766733329,62.4629644018215,14.2257558579028,new thumb
54.9055300424091,67.2509469662409,27.1996108209461,12.2438069621304,15.6350340194007,3.59631738928755,32.0683530647269,39.7457356861001,12.8528247103288,50.8017862088075,64.9042565991713,14.0970968072731,new thumb
37.4859893656522,52.5304611527888,23.388675391874,11.0714111487107,14.4234910016392,3.93151968930428,27.090567043036,33.7857542579702,11.1057517206754,42.6663631005068,56.3695391285969,13.6314573698725,new thumb
15.1289031245621,18.207875778717,7.37441507865877,12.6826677281067,16.9493477183942,4.34469354715583,24.4715943032708,30.8121784896273,9.29717158049011,49.8453980918803,67.6324082327053,19.161341131235,new thumb
27.8318816853765,37.3548541073915,19.1988408243769,12.5098446763268,16.480574458706,4.56425132410302,30.2139207371022,38.9062277410638,9.62636363083832,60.9288379971697,77.4150681168136,21.2673054392588,new thumb
66.3994554038293,80.4936186156575,32.5218946117901,10.1491620494661,12.969564571195,3.51244948057388,40.4275451299685,50.121480672884,14.2613471301823,59.7622434965872,77.6973929501267,15.0386336189602,new thumb
154.320674925886,241.751617266297,98.4184728500832,12.8321340278022,18.5538334026028,5.77351717515016,107.987089620982,210.316903825091,78.7718422672046,105.234600882712,176.803284706424,50.2140480539433,new thumb
361.175414197538,1044.32260440428,144.506951961989,25.8181533071096,71.8692098782033,10.7180846623616,403.326155673786,1132.74699103133,179.923497082056,353.671260155184,989.114755761591,157.278258610289,rest
267.545524846443,1018.83587726069,142.836650236652,18.9858383999423,69.9585772662428,9.94312505496536,333.553268231025,1114.03512581499,174.391593806394,293.510023905988,975.207541945118,154.598487069767,rest
22.7503523180057,27.9199779207488,16.8344950948009,2.0069504582896,2.53432059467507,0.933655493913753,18.0280731569175,26.5987558743886,12.9128385350394,19.9431949009881,26.4134516540198,14.0006638372597,rest
34.6536959849733,48.4157576165376,27.1457309752142,2.07568822759188,2.65006889089493,1.01193076646814,15.6749830118856,22.6014835282225,10.7663313199125,11.1546899351971,13.5986067724077,7.09967460840174,rest
54.1550635033878,66.5004902078282,27.8235328477795,2.73300171173041,3.36403972558549,1.39304836706171,26.0244188329731,31.9900591671237,13.3968048401794,11.8330416675203,14.5051214107374,5.69682421846723,rest
33.4963736469046,48.4460355607411,24.9474086750301,2.17808925610318,2.80674034542683,1.11480160497388,17.1329607255272,24.0383351645029,12.293952122655,7.79293452097865,10.494052538752,4.75284462983274,rest
11.9416295649908,14.3311435935929,7.63000613929243,1.45567222438844,1.85224531682582,0.387029302873934,6.26155369750721,7.62985954578852,3.58053696169863,4.13116969517078,5.58452172677788,1.80403477201161,rest
31.9230029952506,45.3558340679233,24.2166084188888,2.05743843985387,2.59284492390044,0.951515922581763,15.4521913555133,22.545505158855,12.0012684771829,7.54685488722841,10.3514429774325,4.83314877764808,rest
55.2754055721224,65.8966421732592,26.6836163224797,2.72450039414036,3.31511165990245,1.14334978813181,26.5240986900676,32.2406813311094,13.2104881109605,11.4130089998885,14.0334619726934,5.56406371008244,rest
36.4049187583192,50.2523525789911,24.990168423295,1.93033051978251,2.60981472950435,0.892845329413798,17.8257801425529,24.4101276937929,12.4768937838989,7.57113161412539,10.7594707953974,5.07813342922214,rest
15.5578563129534,18.0357392150717,11.5600047837497,1.09372560069054,1.41391609644303,0.303836976241952,7.89807123799829,9.13373698019009,5.77531628445835,3.40801983049363,4.21315858276815,1.73050237683193,rest
42.0617199692496,58.4545408783221,32.4986538622694,2.25790232261037,4.23288714142297,1.40603143488595,20.8594484277566,29.9513710493761,16.4079199976284,6.0932597523246,8.23230346979171,3.81021144382266,rest
72.1919899563249,88.125602443074,36.996620247174,25.3539771824243,51.4049084168774,9.65076728608551,39.0162679620781,47.9485243420654,18.2492970551567,35.9103829950032,58.6454208400484,12.5984110753065,new thumb
76.9305629991129,93.1500697232629,55.1916197473839,35.7308657255826,55.4578198010946,12.7290476797074,40.5914027303254,48.9597605807913,27.3443512377677,63.0439181348128,81.6694541970014,25.512423413127,new thumb
71.8729785554214,85.4199704551575,32.1583337659007,27.2059673353444,34.5013682344316,7.50608350717959,36.1396200311147,42.9358600487685,14.5477244379681,62.0964069869176,77.7066942309898,24.300541138631,new thumb
45.3111556672579,59.8483481095363,26.4989489083364,24.140349996532,32.3377114315936,7.66689133846606,27.7443917161556,34.2968927497432,12.7177552785619,51.6968843238545,66.234359621464,17.2988389968814,new thumb
21.6078787739099,26.8356692073569,8.70524134165412,19.9617320258971,26.4406024482039,8.87115280106516,18.2862158964055,22.3549729871755,4.4503454803429,48.1728156131512,63.6719478230803,18.0893254202894,new thumb
38.5603293640925,50.8409315260247,25.780425389749,19.1199667656555,25.2933639540416,7.2866450013374,24.6841362239888,32.8874764693342,12.9760274868316,54.6140328783611,69.8087838796145,22.6626929567761,new thumb
60.3854377657329,71.8675416931307,29.153564719006,19.0627808308958,25.1722683019337,7.66687401890889,34.0954068769215,41.8580398048031,18.2050429069611,58.4959792148504,74.5550243755645,19.1852100741009,new thumb
40.5074907716141,56.3296779295492,26.3802922337766,23.2986991476815,31.7887156793862,11.4843029060971,29.137782151176,36.1510874944456,11.618245823831,65.9444102610526,84.6438182108351,23.611018300826,new thumb
17.4635939195207,23.3616260613152,9.58970275338805,20.9159812439253,29.2664030598103,7.49699734464533,23.8708160474021,30.0800975999465,9.332844609566,59.0591212710506,78.7006657413041,20.9587391036206,new thumb
37.9858748708576,52.5730555462124,27.462417420294,17.395994967127,22.7150993479815,5.26460828546397,29.7510877981196,37.810731810509,12.1682473797336,50.6597169387944,65.5275869498071,15.8275181606056,new thumb
60.4416088065246,72.6019885464882,28.9616577107807,14.6534960707386,20.837936085182,5.69272142191193,33.1083618553696,41.919259685149,13.2815016068491,47.2386271431234,59.5884337253695,16.1005982955512,new thumb
40.5448943000044,54.885451845156,27.5541642527845,12.7130316469639,18.1330435118286,4.21831950479805,26.4303484106504,34.1546918913311,11.4943216236643,50.7732072744796,61.7095683173567,13.5924962790202,new thumb
17.1387928581972,20.5381328037112,8.73127967055501,11.4818398019897,15.4823845165084,3.73106318192393,21.9960144968456,27.9891969033546,6.96086214857096,57.3044893600589,69.0288332306953,19.3046569111743,new thumb
35.3511424070216,50.8762072035099,25.9743648928347,9.3796995968765,11.6583717944486,2.34562072368476,24.8077888489086,31.3868968692814,12.2015519551649,48.9854791192524,65.2318770368728,15.8909142653815,new thumb
59.3216160625599,72.1087075852775,28.3496931327865,9.70104797223791,12.3349012500332,3.27003067185997,29.628450242734,36.6977316889467,15.0611399123338,49.9456896245535,65.4813576816909,16.8822947759144,new thumb
39.7513731529511,54.3793908189944,26.2623380819296,9.73848321195907,12.4116697477922,2.8990317371802,23.7051827856861,31.4891166786294,10.8151850430639,51.4620010644731,65.3108520551492,16.8489858050564,new thumb
16.2466913104455,19.6008941600785,7.50832147203231,9.45272923018059,11.830998904193,2.87643051043426,16.7302657067766,21.9191172148014,4.98852229887988,45.9228044536241,60.6931344999049,15.6392474801403,new thumb
36.3775144877103,50.5403295127359,25.856882494027,9.34164865067978,11.9248048932319,3.1826096032031,23.2054520115535,29.695963879114,13.9057873648381,49.978852963501,64.5903646050651,19.9778706377225,new thumb
66.6351871216678,79.2021202860277,31.8972161807028,14.2427524102143,18.7628389921684,7.33586309370831,31.0073471470748,37.7819716825793,16.150443501197,52.9966498781222,66.9378391628622,16.7484295065291,new thumb
113.838812779204,184.017725262343,68.1528646859706,59.948836981667,122.793640705783,40.514146580899,134.119073979044,291.786822278513,84.9260390006559,125.172423439296,257.729483918287,70.415525442954,new thumb
312.783663559669,898.432881370448,124.627927567446,195.316318476954,594.196151241242,79.554745079679,445.765348246027,1239.53794100956,197.243139068766,400.734409985193,1180.52090173791,181.977007107028,rest
256.099990440318,882.22102676726,125.211567707942,153.787693956574,581.811156440254,80.9260293454513,347.954948912233,1205.50961291114,178.781964798967,321.659791735906,1153.49596128837,160.851662510472,rest
27.695963772571,35.6686931776435,21.7276726670346,10.9114356698784,15.7771516221385,8.35509357302844,22.3580946650715,33.8319421330924,16.5082781808971,25.8281384487841,36.36587331751,20.1657932212372,rest
33.3930712015013,44.2579126078165,25.7995374530785,2.88920446610202,3.60429976068011,1.63461973330874,13.6244811084417,20.0539522618545,7.15877768593369,12.1669959911462,14.4856322549104,8.93580594928186,rest
51.1476633854101,61.3762296002751,24.4499245144774,2.03726530026357,2.45511352942738,0.833710799239138,23.1934071331915,29.1534456756709,11.7001857316065,13.2127463909698,15.8948181668353,6.62967556278113,rest
32.3551405494512,45.7848954642652,21.9841319308956,1.64043881245324,2.06250513688894,0.701376029819686,15.6566724650367,22.4996367305235,10.9545641768652,7.98959886831253,11.4120454722039,5.825286813309,rest
11.0832556688299,13.3630107868779,7.31823160226765,1.36434755798375,1.71848280727478,0.448103236597307,5.79920580857801,7.03531739202542,3.71717175644688,3.78296786335939,5.10818944773196,1.87981218976344,rest
28.8013478066104,42.8167078413944,22.8144069031731,1.58049098163418,2.05660715354672,0.642053227934887,14.5284066181776,21.0625012987664,11.262826398867,8.15342439536851,11.1023183148539,5.62437986801642,rest
48.3181992771,59.9793529081406,24.9761538319361,1.84446463892461,2.36871989063729,0.789717656894773,24.3272127887001,29.687770422611,12.4462590016894,12.3174019978512,14.8422717807809,5.75849730600306,rest
30.0012998529295,43.8840729264856,22.5343386499283,1.53404988341759,1.98400283686256,0.569702341322709,15.2065737280158,21.9285274831523,11.2111017846679,7.9957841677306,11.066646113651,5.26154803826786,rest
7.79878422202892,9.94396361210519,4.44498073091791,1.23649880511862,1.50835629778139,0.329540281203084,4.5042810311182,5.56440915757234,2.38466383567091,3.20525016048958,4.14626534881244,1.22841138328682,rest
15.8661759721521,23.0522588947905,11.7691332200027,2.04523786962566,2.87002458643831,0.893554622251157,7.79006549662895,10.7234982381677,5.58435280245773,7.92647042029932,11.8115675142611,5.79768641153899,rest
28.2650748320203,33.9551357429846,12.8129276230805,11.8692948020047,18.8305100520425,4.95988753015845,15.5373273198049,18.9950474635883,5.3698526310121,39.3600156148116,63.1956457253387,15.7566348566996,new thumb
45.0219710411901,57.0386712517344,27.2798557383598,30.8895397772796,42.2901403046132,9.48123917675121,24.6425991474036,30.5705293566671,10.1033524605411,55.7834723614575,73.8726941463641,16.7785278937878,new thumb
60.207174489671,71.577365812631,29.4276689412692,40.5046643395661,53.3480130944907,16.0574603261406,31.6407841908353,38.9846529190136,12.9407414911134,52.3637403757277,68.9808950915647,15.8874815113158,new thumb
40.3292730944829,53.0491245004908,27.3613136734463,31.5693553796914,43.0579663744415,10.4475758984162,24.6291119543873,32.2692771669157,11.9786041010322,61.3693513335645,79.5521450106952,16.5425946984082,new thumb
18.1329222737888,22.6313662347984,8.56037609764718,24.2507593008707,32.0977634999894,7.80039497917824,17.5639002089311,21.3511313003624,4.78606490505396,64.3898526302348,86.6467509798858,23.1756393562811,new thumb
38.2616996620015,53.2567755805812,27.372025639231,24.8653621969071,32.5182075968289,7.71282031600608,26.1592109148483,32.3780242069824,11.0353891278828,55.8344284309119,76.8286982915677,20.6757932261917,new thumb
60.3823322753837,72.4372968098308,29.0584008195492,24.7969274653963,31.5426924660807,7.53829349878687,31.4365291296707,37.7936779261834,15.595405436527,47.3673255171201,57.9324387442438,17.2484102976974,new thumb
39.06706306891,53.4209069012895,27.3541342761094,27.5931617305919,35.9871638536871,8.1217507298521,25.9829965999236,31.7225089332816,11.5112981260715,44.7963475393301,59.7274240600918,13.5754492459119,new thumb
19.7021223433039,23.6759378810622,8.26630329761168,26.2266172019244,35.6071834026944,8.36516392573247,19.2259150099655,24.3935540678275,5.70342413099871,48.6231533650477,68.1751193514787,16.1085577072553,new thumb
40.8131604640735,55.5033943127846,27.5215312589732,23.5573100452134,31.7908057760117,8.27539166159686,22.5762206438365,32.488578410387,12.2317398640366,58.6713394973351,76.4135947898097,18.9762955921765,new thumb
60.0677623999306,73.4750024942238,29.1719419041961,21.4038842383354,28.0289318299186,6.37443622923714,28.069703933436,37.8708456537163,12.9963357459001,56.6874818455751,71.5584378376576,18.3603117919899,new thumb
38.0188759961398,53.5976703133176,27.9153590714574,21.524463652985,27.5088776291437,6.48441671437331,24.3763868215015,31.0327566801842,11.1203292960168,54.4081209702856,68.6628334925724,15.3058006163097,new thumb
15.4744479750389,19.7177439552483,8.27002845620805,20.129531041137,26.5689339078538,6.43220836764232,18.1025051944874,22.5555292501803,5.39115921682402,51.8947256216534,65.9256593312745,17.0245956448967,new thumb
37.5695031376725,52.2392710298865,27.3702127781592,14.7363916268952,19.5518496010548,5.81805780682568,22.5352440516316,29.475173625298,12.8695570469184,43.7579813394375,56.0295531523329,16.8987386367762,new thumb
59.8949004018557,71.8251881805791,29.6575677296284,12.6738003652739,16.5445363025934,4.3621023222356,31.113572005126,38.2639356490484,13.4728275859656,43.2344374350369,53.9821138694437,12.1917931574117,new thumb
38.6797520555336,53.0041304305296,28.4332384722735,11.6170153628625,14.9958427027524,4.49354843461965,24.8701593884994,32.1425285897818,11.7960750788888,49.8922035634891,63.0965125658892,14.3556389934568,new thumb
17.4459461778564,20.6075637703796,7.01237045294752,13.8688201900158,17.7785070805381,4.74147397650048,19.0488815593869,24.738155477261,7.02643561612727,52.4459193030702,69.2821211021242,14.5932518499026,new thumb
38.3583365446602,52.7957814466222,27.0985084741119,15.7346022924988,19.2824429870153,3.8230762948488,25.7629154273914,32.3541329966169,12.6862812038671,50.3535114257011,66.7150517499134,19.5719616375062,new thumb
61.8772484191634,73.5001256792547,30.7549636320208,19.8384418748006,24.9970435022571,9.38272521851917,40.3089080170677,48.3787291565783,20.3420853640048,56.9765319451788,72.9237857972281,17.5327288266048,new thumb
63.5138775827804,97.4705618959628,34.1189518013754,77.8972679728804,168.362186682645,50.4405992668383,80.0093283122945,145.14323230184,49.4798255695436,138.522439551464,256.626648473729,83.2554768295846,new thumb
164.390674965491,444.734393736039,63.4076037377205,266.999195013768,814.599635677555,107.636031141967,223.127092308893,634.042468073258,94.5940024508913,379.851320713396,1096.65889245959,164.861213235164,rest
147.747114213056,437.877254044043,61.858993202804,214.41686757439,797.608678356567,110.615623383328,179.938801432093,618.866163207725,87.9002671018695,289.235736887849,1068.09963634607,150.059562290616,rest
22.7035816552322,27.9566118316972,17.1409854551603,15.9085556142775,22.8695337413483,12.3268309283567,17.6487509040131,22.5343556978231,13.7758057400494,19.7900421193337,28.7799772521688,15.2668393510213,rest
34.1860998958472,46.5081813217122,26.2194112171182,4.24504846960341,5.29165099513788,2.77743862288465,19.0134523021206,24.8411717046625,14.8093484142304,9.20446425164685,11.5577172027666,5.65158660442365,rest
54.6689932024416,65.1993940895943,26.2525112355929,2.93411884395533,3.41148523809399,1.50490351411514,27.9247662155583,33.4454720856452,13.4280788206549,11.0377922397462,13.673009395348,5.55896833357061,rest
34.4998162409445,48.4745415989003,23.9294239634069,2.00204795550508,2.55112942583133,1.11989893434242,17.6320112013631,24.6016439823237,12.361203236397,7.36272072515143,10.3560654078584,5.13129840644778,rest
11.9114853106343,14.1113187772666,7.75108784267123,1.09876854832619,1.38563014015647,0.328885780619723,6.18482042755088,7.53129344690697,3.84008316161208,3.03865640971037,4.00884616955713,1.50679672395735,rest
31.6148023477065,46.0741724695924,24.7063347063393,1.76923820070129,2.47609994583398,1.05832935467378,15.7189888780125,23.2372099571646,12.4030447896445,7.39189508475587,10.4238971469217,5.23905023768991,rest
53.2436262423954,65.0647654737824,27.0649439088099,2.67573819482595,3.86887860447809,1.16779245177622,26.9538143486554,33.2371680851725,13.7269236317476,12.2522498850975,14.7493851622086,6.00693790485101,rest
34.6446056425047,48.4857629205397,25.641921825851,2.19815445322432,3.80389808954485,1.17094681005781,17.3622536503439,24.8795671094195,12.6823007415535,8.19888106141981,11.2262346353026,5.45264063985928,rest
15.6639327200604,18.5036770336764,11.8660825254453,1.45423501359845,2.52056126327602,0.745919900558993,7.16695867369472,8.44770469181514,5.36770582605111,4.28814355873256,5.46084766238805,2.43621317715835,rest
43.8366160949591,62.238523541876,34.3530442601983,3.0475768775015,4.34234143722473,2.22757205040259,18.8258588820272,26.6171105159824,14.8055036135889,12.1435319387838,17.6442211043063,8.85617203688291,rest
75.96024891347,91.7013382946754,37.8437975783442,11.3215151284019,15.781701922763,4.1763535129719,36.1696043267316,45.9098479908674,18.0550312576199,40.1282154165073,55.8858887562462,16.2811293535849,new thumb
77.8836265204644,91.8827493889103,59.2708282121569,23.3710555661657,29.1778235855218,6.44240008093386,41.1756429215468,52.3892323022998,24.241094246608,60.9297267115491,75.5274866427505,20.3153015780642,new thumb
69.4013776914707,81.5143504348617,34.2206730947161,27.7098962970225,33.6051504615269,8.45085718114993,40.0344972924825,50.9050570307499,14.8045707218911,57.7314212491199,72.5761894179243,18.7337645332361,new thumb
40.9990977851308,56.2955733440555,27.0857311885458,22.9321402899059,28.5518602073279,6.11873683928513,33.8968205186743,43.5574108750436,14.2309602012029,52.9105877636152,68.6392546657261,17.061233544444,new thumb
17.7028328959255,22.1280700802402,9.30407256757763,20.6746620470081,25.3763232228029,6.90809257501128,27.7764624037899,35.2360849611107,10.5213441721419,62.0247062953468,78.4375241126921,21.3285461763653,new thumb
42.1526523435934,60.4497621937278,30.9576716860029,21.1261395902469,25.9624780788548,8.53264827489784,30.1055070734816,38.6846302466047,11.209694775992,72.5574065419404,89.9014511671119,19.2197249466166,new thumb
68.4460593988613,83.1492986016382,34.5261375672916,19.6537352824218,24.394958451793,7.73704912978236,35.3519398848257,45.2231441584676,10.798492694156,69.0035360791459,88.7569604423271,27.0316777334327,new thumb
44.0448334801997,61.5403623841352,30.8172323445969,20.3662645827237,24.2877915963627,6.2918769770256,32.6326892779646,41.9212181239621,10.1944495400428,68.3829517653887,86.8162942189005,19.8328820252095,new thumb
17.0689648572278,21.7985620626663,9.38902100204584,20.6011992798226,25.6546393952449,6.05392620501289,27.7977048445108,35.4110197897772,9.53518573964178,67.9965197929185,84.8485379543522,18.4340300588357,new thumb
39.9183223485563,55.9874302350313,28.3577961423209,22.3066111923853,28.1485573537254,7.41723486944706,32.7042522367107,40.6468638463153,11.0256926374688,69.0550258312798,85.4351657462987,20.9567125363587,new thumb
68.9780556924055,82.4690070950189,33.164723566611,23.1437546029214,28.3054314505153,8.26529570873102,36.8308564234294,46.35757098041,11.7114574193103,69.3888603407304,85.4475551461801,22.6605759370177,new thumb
47.2515188670777,64.5088640659979,28.8871513108989,22.7381621629726,27.474616328039,8.05753791918308,38.2263935386996,48.7978056238756,11.5090387715877,63.9798239819946,79.7181408742515,21.9558014452856,new thumb
19.7593817909186,23.7578522219477,8.89753640484917,21.6513448834375,26.5304726656736,7.36161141979654,38.2820445193192,46.4010789738321,13.2527628097349,55.5518447766087,71.2347894684855,17.2832493408148,new thumb
41.4903869595589,57.7273564554042,30.0362936731014,21.329664180527,26.6045910328589,9.01437913557105,38.1269797768615,45.5853351268052,13.3441647302283,52.5373767011928,65.8540882332702,18.3000284609684,new thumb
66.7210831902678,79.3196768411662,34.3311188695499,23.7822826256486,29.9352917774074,9.51361669973586,38.8851887910357,47.673340987395,15.6086623550504,57.8723886478776,73.1939960486919,18.7140901434073,new thumb
42.5311236933191,58.6804403722947,28.9116087594821,21.3328366801071,27.2336834643842,7.66070067783497,34.8635185859552,43.6256997567562,12.6639404601618,51.7252913604092,67.536589249223,16.6654200759824,new thumb
17.4757310587911,21.8095199965657,9.24995192215254,20.3472705961077,25.7062671979551,5.84044933916594,29.3946528101033,37.0531637955731,10.5480252813927,47.2271418834747,59.8390636301749,15.971094834165,new thumb
39.491334827921,54.0583283345335,28.9232432494913,21.8212159386575,26.9573697504467,7.22341917152145,30.0421928825669,37.1546973129217,9.01913072812115,55.8532967957856,71.9224691131439,17.1963463223302,new thumb
68.7959056255056,82.8686334926065,33.6473224562253,27.5120862018588,36.3612101213202,14.9960016215111,39.2081736167947,46.6447442099469,15.4061331657906,57.6149946786573,75.6778058280345,19.8929202328351,new thumb
77.2959983653694,102.100700698963,55.2904751999367,116.771217403645,222.248848058377,76.4374035467007,91.8835938589567,169.443325978484,60.0610012850922,88.7365296769046,164.515918251815,53.0426956423581,new thumb
111.196416513419,312.311309098155,42.9329258505784,441.99375089891,1262.21297091178,197.494508504137,262.266746906893,787.992044894383,104.757144823196,236.960361852203,674.000088537347,105.295130160577,rest
77.3839314731091,302.276932956516,41.6919357274007,359.390691241989,1243.23914512692,193.062293849386,205.324785592488,770.752021983482,106.551703639178,186.044409796082,655.882582704884,94.7433766710404,rest
9.90063267356417,12.3650749336383,6.53022090929674,20.9937964361946,30.1093987487891,16.207824116736,15.9269684738345,21.8146080397256,10.9552017255696,13.2007851637892,19.4250107063985,9.97389334726838,rest
33.1844301929647,49.6627979832174,26.5452836944601,5.26259518620947,7.0033461159939,2.57347063809519,18.4667596736715,26.3177697143201,13.3526668067731,7.8521061405013,10.6781581591896,4.04039012384458,rest
56.5323197405051,69.6445123492414,29.0748438110647,3.91050923762491,4.99284635386333,1.7381874705197,29.7765940973311,36.517032590336,15.117315926147,11.1853957242356,13.9589936795944,5.26733201627558,rest
35.6237281573679,51.1175842866202,26.0497389505828,3.41631386673105,4.55989512470698,1.63499400297511,18.7337665326402,26.8034006077947,13.6270746654404,7.86389663762458,10.5982728377932,4.8876261686917,rest
12.7342483944627,15.1046605765434,7.89295205350529,1.88562825631576,2.7979373510435,0.615943551072636,6.63737015045866,7.9916253865985,4.11191380938899,4.04251005837278,5.00307882064738,1.88609298144332,rest
33.8351145691627,48.3312395675079,25.8201827605278,2.45402059479781,3.42009116832952,1.61914692059831,16.8175747422701,24.4306392511874,13.1089180897512,7.19004879737066,9.92289336176138,4.96211261136539,rest
58.3879801087607,69.8137279209336,28.2687709078532,3.75745048415267,4.5649315363003,1.75162378882742,28.9315309016489,35.3330352146413,14.1905414020983,10.94874318892,13.4305629109247,5.51216878651987,rest
37.5725642530751,52.6981711822462,25.7059887948534,2.74046532655084,3.57569158073439,1.73532538200576,19.0334845674412,26.8717900773019,13.2864383177289,7.54556600736223,10.1101180155287,4.92962238206602,rest
9.85841776703425,12.6762143744526,7.33276420268702,1.48121840317953,1.84173729750269,0.568124240106681,4.92709937759426,6.71142262340962,3.63115682468386,3.59653052890905,4.48195623493127,1.40763863355933,rest
8.86802532644326,11.4906949358861,6.51618428388051,2.03155853773101,2.72183595169625,0.995723181241369,3.68430579128688,5.06611011416366,2.67668252118298,3.66900171475479,5.27198303874977,1.19450896315813,rest
21.91954556906,28.4134086950267,9.1817877141354,18.6677482488528,34.670543493971,8.63598066895262,12.1861005508959,18.0952116924067,4.83587920835345,30.5926785206675,49.2793567108557,10.2385319155006,new thumb
49.1303616274695,63.3589233679091,36.561836730429,30.5667453608352,42.6872056089984,8.3987529549984,27.9883056052989,34.8756081276285,14.7791069200691,59.4496550315495,75.7569906786717,19.9348028066421,new thumb
71.5150516883109,86.7562317622005,34.3209350708389,24.398394400725,31.8489108562883,10.0824205803057,37.4076810561612,44.0126302475704,15.4549062827527,60.1274717959438,79.385054884953,18.1377663684175,new thumb
47.8577764553004,67.6527475554724,29.1698484942111,22.4748717004498,29.2673033132298,6.34104964220615,27.7953291925991,35.5278550998037,11.8974695919778,57.6342041137446,75.8829156204929,19.123661825649,new thumb
17.6625217301925,24.0652263355451,10.1020057463262,20.4728928919642,28.1864596034424,7.38739933062385,15.9048618711557,20.2862001420028,4.9813426509435,52.8512297456379,67.9906604136306,17.958220230667,new thumb
36.5459462127959,52.4449897976953,27.7624732542532,19.2542103659212,26.5207257097724,5.73646247420273,20.9169949894796,28.1206243318088,12.2114822633734,49.4439131035653,62.5293259462567,14.8168447963617,new thumb
65.7032716366515,80.3194083390291,32.6323090914559,19.2449533735206,25.3802295487945,7.06817694723997,31.5286623300916,39.1140013500178,15.3534083286734,61.6453948814317,76.1717765700565,21.2484059649774,new thumb
46.1697216103175,64.5007826331661,26.4480409943903,14.6438733768357,18.8802117609472,5.14165472897366,26.5700132245517,34.1166692668808,12.0310449142556,66.0320309936897,79.4532440905109,19.3428603290056,new thumb
17.2695028278631,20.8615990748193,10.222309019501,10.6347150459102,13.0009401236674,3.38883713181659,16.0393398767501,20.8525426144464,5.15440330860983,56.0141622648908,68.3716081878363,18.0532378783378,new thumb
39.2106961811846,55.0132177775184,29.8038655213651,11.5084813927149,14.5638104328362,3.65585645565061,23.6584976643817,30.9319827306465,11.9741191692356,53.2368272528409,65.4994050893904,15.3760783783228,new thumb
66.9005593342801,81.1871650543123,33.5271762681427,14.7656126387474,18.6306009415212,5.20555860181694,32.2166138611922,38.9227766298755,14.8157096467064,52.2858927838767,64.6438145813958,15.9436279957313,new thumb
44.6720533586063,63.1385388001323,28.7688111804036,14.8335173094858,18.7579556561354,3.94679862691038,22.4048445661123,29.5495692680387,12.2425868213431,43.5102226151726,54.8866311381495,10.9058396261012,new thumb
16.787522076951,20.5392612091965,10.0707497541393,12.2470426642214,16.1163229028759,4.32887830496179,14.4006345712614,17.6481581048781,5.63366211948965,46.8468149865835,61.9443204712178,13.4550438077849,new thumb
37.2921015362004,52.3985096894971,27.389787444561,12.3133671762433,15.5943054687824,3.80604012616248,21.5079586708316,26.5385733040792,11.538230021413,54.4887982859968,69.5373100314716,16.2745697203437,new thumb
67.0012863439333,80.9682842987166,32.9014296791853,12.8270542355011,15.5134102591515,4.1879546898724,31.6025834432389,37.9670467635383,16.5708834764745,55.4662690163851,66.9535577572198,17.3750664534023,new thumb
47.3294300267255,65.6780450079522,26.6588615342028,12.119410792959,16.6851459699278,5.16320214528277,26.1519863609204,33.6593713010826,12.0600390133072,55.7504339585969,65.7925875992901,16.7895777211629,new thumb
17.9389578050932,23.0202175422084,10.5817011696744,13.1540185332865,18.6678628114923,4.04466124667483,14.9783211593778,18.5189888997308,4.6429690256625,51.983076872726,64.3836474285222,17.8347949608361,new thumb
38.6221474748803,53.7030982458013,28.5036213303412,15.3971293015019,19.5782639560961,5.48726960081496,20.8866102521975,27.7699661056954,12.5714649887321,52.6173330730193,67.2109995691848,18.535044242245,new thumb
69.2816127529663,82.3138191216716,33.6625171008892,29.3382027070476,39.1689387459892,20.4614844361094,36.4760608313537,43.9418416297219,16.0185976727281,58.0700892212609,72.539566293162,15.4259826781867,new thumb
73.0667009433521,84.9119944482005,46.2650056217648,169.174115628266,371.226761291417,110.851499828511,107.466232118938,226.424688885563,60.7301297993428,81.0838562440655,111.024785562445,33.0332985912058,new thumb
64.7364188215159,76.1792884891405,34.4419060131149,579.070083390117,1589.85538552933,254.672446763781,380.581615095443,1154.7886664173,151.414023200502,132.537462636951,359.720034871545,54.3991109913178,rest
38.1648730191886,53.4412313266468,28.1315192534704,456.897355388537,1546.96617824491,230.215375480306,317.424719479422,1133.54646064967,157.992823024168,87.4426890866049,346.616524080576,48.8787261361572,rest
13.2299532093004,15.9480468023126,8.8172567470136,30.862062488509,44.8659102992339,24.0952284670796,28.2612131711835,38.3481882389195,21.4166086274627,6.56303415362831,8.44462952950047,4.69771691114989,rest
32.0606459992062,47.0301400017578,25.2578211374193,6.91479892807668,9.44881775819073,4.47041375216895,20.7192466573302,26.3668563492176,15.0739689304591,7.88379205755795,10.5027331880283,5.79367038635913,rest
54.1270240200214,66.6317014192974,27.2032637041707,3.65820697000606,4.46353268540083,1.47081770441503,29.0459431049438,34.8247013431867,14.4510842113235,11.4928902098577,14.0694489182098,5.8856474866037,rest
34.0530264839795,49.3978717709274,24.9421977446194,2.59895868976908,3.51968876818397,1.63651864538539,17.8435406613174,25.4461165648199,12.9708703665858,7.46291309265656,10.4752272811664,5.22690356640932,rest
11.8342503919611,14.3350113963631,7.54266049805782,1.36433993412898,1.73006913302533,0.415415203398715,6.26883364086069,7.44470994107305,4.00683155788483,3.03842488447746,3.9088580296839,1.53085962757744,rest
32.2898186392526,46.4471349221349,24.9577477486962,2.18072540553624,2.80667424901456,1.3538448269613,16.6134298842837,24.0458039512857,12.9043456869304,6.82040617762816,9.81740403757113,5.05785234439174,rest
55.8676104925254,66.567430015917,27.3572743416661,3.19651077592741,3.8461467754825,1.51838761313473,28.8783972891493,34.5849450992724,14.2807675847588,11.4372672131358,13.8991711730267,5.51020980870994,rest
35.7352841529798,49.8521032788403,25.0286419472078,2.31088659547281,3.07651036199515,1.35499138382985,18.7275922272623,26.051449123922,12.9254249249412,7.65249059844807,10.5041244778444,5.15297161798542,rest
8.91315781870296,11.7323447164357,6.77854097880902,1.2501662549323,1.56623222881782,0.353495934915093,5.00958657185506,6.43777896633826,3.84845274736732,2.94563099376755,3.51822742940984,1.93371804956835,rest
8.59711010330691,11.2361023829368,6.49938647533958,1.61375079204493,2.26066204783312,0.568915562339118,5.57906417641045,7.54364405626049,4.09894941171935,5.79922070495634,10.7573008387217,4.27958482914682,rest
19.85648571458,24.6939161593471,9.20077075504017,9.15357309548828,15.6605030326045,4.08885674479174,18.0663491884731,25.4757766108838,6.9096144580914,35.5252541412524,55.8746057307327,15.9463917050236,new thumb
44.1712802797583,56.8960723668102,34.0392415478971,15.2811155896369,20.3562997421824,6.51613206059067,27.3101601802956,34.2322571787114,14.7190001211029,52.8611937807723,70.0553398684284,16.1271265934621,new thumb
64.2074238367405,77.1471162136859,31.8311811049621,13.3446404772981,16.8794039410104,4.41050120656015,29.5267479760537,37.3915230977956,11.7478832909963,47.2674212803572,61.6310220348222,18.0086739316266,new thumb
42.3805331117129,58.6191172591468,26.4713879967652,12.5882221470055,14.8102836526646,3.03780790792487,27.2719958820571,34.4103109847654,13.2858830823695,50.8097214386425,62.5450728339831,17.3353876951363,new thumb
15.7808733324019,19.227766376188,9.44783603161592,12.5712952582556,16.2475938128456,3.51703775390403,19.5059260191703,24.4601878300801,5.32974012461942,48.7376347932801,60.9990845613765,22.2601772717596,new thumb
35.072635198009,50.1937815097717,26.2150296386351,12.298742349186,17.154229160051,3.95888390041645,24.0301633330804,31.5634968648032,12.4081052872979,43.8856004705984,55.6667535017549,14.1575794207089,new thumb
63.1051552004241,78.0810039506434,31.1089421089381,13.3413846596479,17.7721188287188,4.938647718491,30.7459669175428,38.1902141584038,14.2982249498838,44.9393609092314,58.6598007299242,19.7065575591663,new thumb
43.8833183800312,62.7312212060378,26.2233850140435,12.2294392918821,15.7452011490037,3.79314036205615,23.7611493412454,30.2336441387817,11.2685000880442,44.7969013547429,56.4234020081059,14.9977601855116,new thumb
15.5403596690012,19.0201647335538,9.02210158704693,9.56726974185816,11.6813835882803,2.82098518479792,19.9104155387244,24.2471033999423,5.82222900783773,44.7730581002012,53.6648930877404,10.9746938963085,new thumb
35.0601402929867,50.2487119909005,26.7147374186136,10.6393124494,13.3148528398905,3.40286253864393,23.1273994422479,29.4456138041933,12.0280331222227,45.2092232358959,55.559035632099,12.8291146256522,new thumb
63.0262586923264,76.0742018064975,30.9489250056074,10.9579264505184,13.7122982000054,4.61432821032308,27.9025017323627,35.10245418523,12.2735312635489,44.1139278199854,58.4520874314223,17.2479350343191,new thumb
41.9430900578266,59.9511958009852,25.5182662770938,9.47973897590849,11.9655408047289,2.77366095352932,23.5529342695515,30.6219321771269,11.9450655143746,48.0917864682736,62.1674160077157,16.0181137733374,new thumb
15.902336740719,20.09083273732,9.20649146372999,11.321786549536,14.2279428122767,3.7402655750746,17.7645644264869,24.1263563750571,5.41218934075735,44.6171182815021,55.2977426705458,10.6618650605072,new thumb
38.1441698884721,54.3702454073288,28.2614049717997,15.7337779213285,22.1995858178636,5.81137988917918,23.7333768246861,30.9460372484029,10.8894682360297,46.5570615106553,58.6525494893844,11.7172128663638,new thumb
63.5476064007361,80.0435496712626,32.0466360475067,16.8625697381902,23.3786738690711,5.59674439154411,29.0604900273742,37.2038375918691,12.5451028445494,51.3885281676157,64.6123508748678,13.1006383345583,new thumb
43.721156106547,62.8427325183029,27.4357890408656,14.8661072337596,18.7722768734926,6.56488476955686,25.8421780113991,33.6105773364248,10.7909868310163,52.8482735474344,67.3879799755444,13.4990010654154,new thumb
17.4998438053918,21.5435562810532,9.89538881701387,13.3680720081452,17.9542330014743,3.67316624640509,21.9417994837196,27.3954666025943,7.29222234208841,58.6536239222437,73.0943826322995,17.9530139101122,new thumb
37.5734260224328,53.9583852842559,27.5551751968645,16.1071051415917,22.3868344379101,5.45061081913872,29.4873697564615,37.3341791521998,12.501461093429,52.973368773595,68.0868937063195,16.5949524102811,new thumb
63.9571964639762,77.9566921999994,29.8214513831877,27.7238003259545,36.4142734667908,17.1326822407666,38.8606742656935,47.5480610724137,14.6426277786053,47.6461656381188,61.1495997210878,13.6276506764182,new thumb
111.574940088137,211.968263025655,60.5136905439661,122.605804520757,254.4107261867,88.0121421694691,75.1223213465798,135.139613931417,40.7037849834601,88.8007073321731,157.376804326936,45.313332269594,new thumb
345.910467416429,1056.89838854489,140.266617732161,537.927562364403,1519.59158921683,250.024010163624,291.98020756609,824.215521340895,135.205822195291,222.620194996176,605.524963163002,101.918830875964,rest
289.470220342736,1037.63534639351,144.338156282581,453.291780573847,1498.88241840046,242.228451734508,249.848606402446,814.103361287396,131.998794374898,168.407531050075,586.58081094889,86.5681271672215,rest
30.2740106349893,38.1245162300225,23.462001779122,24.4539274608821,35.891354879078,19.5883013513427,16.017618408536,21.0244747539209,11.816680701668,11.6708461444074,16.9486393852131,8.58289376542785,rest
36.4758177317781,48.3843257911045,28.3665042076879,6.97205727842923,8.63601629845076,5.28255364333429,17.9510976017303,24.4727075082708,13.4294366786209,8.02398907449901,11.1666324953769,5.2915722446009,rest
55.7889676777078,66.972467077848,27.1721897370601,4.16938936122949,4.91762153752534,1.90946180663154,28.3727208439993,34.0764012653907,13.8721087599733,12.1245391368249,14.9350112155861,5.93019690942868,rest
35.310719356019,49.9209526184327,24.4952904699408,2.62092178898588,3.30474019704924,1.48616485617889,18.3078374970201,25.4072722334686,12.7745976910499,8.71373177855012,11.7496204146306,5.79184385758471,rest
12.507999547894,15.0701553306202,8.04603619093492,1.64842347125992,2.01765922988332,0.481452181914405,6.66069403547889,8.01043458493711,4.14254960101863,4.61252345960975,6.23649054479088,1.96642389619382,rest
32.2754294571375,47.2338156033741,25.1833777159128,2.47516869348233,3.23948509487485,1.47762579108713,16.0837773647828,23.7789921882372,12.7479119048836,7.94447451580224,10.6198881513395,5.15761453586205,rest
54.6768812382887,66.8006331676041,27.9610931875898,3.63633473110846,4.34753481933642,1.78483065362056,27.3441741390693,33.8345869173194,14.0203494818079,12.3217656443377,15.186594485486,5.81286251521767,rest
35.7234800206425,49.8023302290197,26.398050426821,2.51072007094164,3.3516526876712,1.55057415547979,17.9529118691207,25.3999855072307,13.1592549983297,9.09596005304299,12.2747432571595,5.34546911792588,rest
13.8556072338193,16.2515377838018,10.7595632668076,1.32766234141974,1.62863200277116,0.722431508398785,7.07499355168306,8.39585683399818,5.41802403559031,4.04052968209552,5.07854352620897,1.77884235512136,rest
31.5456307632961,44.9755093095768,25.0810290771767,2.56779790550602,3.42651037876445,1.64592544729938,15.5599800618155,21.3503491303133,11.9367780836074,5.05156034642282,6.73150454102489,3.34749322835989,rest
58.77982293607,69.9029857922282,28.9543266545803,8.91040309126437,13.067845982784,3.04300735192136,29.6310137797423,35.3026143104978,15.1302532522066,28.2298743011425,43.6147446095662,10.3810866893693,new thumb
70.8692229805777,82.7253501304466,52.4528077466171,12.0453111233059,15.7463294892283,4.09199771205859,32.8333882747847,38.839963976547,22.7925246640112,55.4212099435588,68.7150280408994,21.5891119154379,new thumb
64.8297253158386,79.0853297722896,32.6693613174324,11.6342440378292,14.7943698096134,3.42244378635492,28.3612085957881,35.0193360329299,12.1757192959355,68.8606830302508,89.9531317967213,19.9713460657299,new thumb
35.8839631663041,50.9212174308886,26.6346470169291,13.3185957237711,16.925977355151,3.35871417846076,18.7378997600315,25.4831045892636,10.4687158073204,58.6032591517263,79.8459764021631,18.6070931800071,new thumb
20.6293617623856,26.7207658784915,8.46097995662585,11.2861701999058,15.1039210029547,3.58218198083244,12.8679186860885,16.6513970017754,4.03997959636334,41.9523550479889,50.4743055540481,12.6318426887545,new thumb
44.8119425413963,61.2700987198219,28.0601825226083,9.69782571033227,12.6764325960911,2.68833932122405,21.3259235230602,27.8838667852021,12.9166042864851,44.5902066541171,56.752437472484,13.8023295244609,new thumb
62.9621205875641,78.0748444119431,30.7417155903176,11.5529893920519,14.6401401009996,4.42393570308237,28.7610212388926,35.5272969097761,13.7277067736542,47.6442406983331,59.0517696592576,14.870160021655,new thumb
38.7573386678233,55.3943697415731,28.6848316918171,11.3215979988635,14.0398466938794,3.60804638190671,21.97248594872,28.9145066468801,12.5108732908633,47.7346945611208,56.2556226207626,15.6740239249825,new thumb
16.8658597720727,21.5742645927493,9.01284766219617,9.76797374772797,12.4726439695839,3.98670285360397,13.5461903408787,17.9806032117291,4.43340846970216,46.403004682108,57.7484730675999,15.9479856912236,new thumb
40.1864233707428,56.3123296604905,26.6070201647391,9.93445563187888,13.3057709417121,3.57628422875379,19.7113639331826,26.3536087646581,10.3471876458123,45.3248390851572,60.29361028613,14.0454815057258,new thumb
60.3412668426937,73.6372794919698,30.463595699059,10.8904345053781,14.1465021675799,3.60658442596598,27.5980012824992,34.2634663346016,13.5184144683983,41.89459052332,54.7698623445213,14.9251918467232,new thumb
37.2334434461888,52.6235667624643,27.4785404202095,11.7845821781565,14.8065526735084,3.57360086525509,21.8044812966551,28.3035320836795,10.5803567356711,48.3110127042585,59.4445380673732,17.0234826884537,new thumb
18.0656592928788,23.9049722449752,8.68718561383772,12.2073684733207,15.4135207435086,4.20237436850625,15.5590824233992,19.2457866461087,3.84790682609438,47.5415576061417,57.8874015988672,14.2675804884904,new thumb
41.7185541828268,58.4842855145049,29.1294998368337,12.413760072762,15.5626988718619,3.83956528326986,21.5515713420818,27.6502546865588,11.7892452983804,44.9778143714472,58.8770754392766,14.0502328773856,new thumb
61.679204513236,76.5212703446142,30.8126351364244,11.9236608604173,15.7065524316839,4.17104682540934,25.6206561713872,31.6543938118453,12.4218361361731,45.4737160479992,61.0845698071638,12.6160377817277,new thumb
38.5353813518172,54.38230860845,28.7369589618862,10.5594705540341,14.0392296757823,3.482520099545,20.3618273421847,25.0294089336185,11.7459738816657,37.0536180963724,47.2252863200975,12.1960799996385,new thumb
18.1704108701464,22.106738436597,9.68981436857168,10.0818173515599,12.7908062082588,2.68176354570721,16.374893476271,19.3621470973582,4.69905663380921,38.0578128268927,49.8841857797383,13.6652144891002,new thumb
40.7248867381616,55.5716525068999,26.5209591615906,10.7611237898921,13.6989687744396,3.2253321071831,23.2469849330526,29.5624255729333,11.2114401040335,42.9090265455238,56.148653957271,18.705398988163,new thumb
69.716791986326,81.8671545294857,35.8312690005917,15.7284408715019,19.780046890027,6.91237381856947,28.8464036545953,35.0727272903644,12.1057090537422,50.6271983172166,64.0364709929663,13.5064471924869,new thumb
151.397253885443,265.655952702202,100.181794658514,61.3759783951036,125.893239586836,40.9262589508869,72.0029811482541,139.078599272621,42.6661262869102,99.0380905670001,179.151615322248,57.5453977125659,new thumb
401.961809472977,1210.83046916573,160.354749938655,199.659592128458,605.656298528829,79.885112225514,199.507629287323,602.488880532565,82.2929485822257,322.242775454774,927.811176529477,138.481481123931,rest
305.680713917324,1183.31196564077,165.115801984424,158.039815560774,592.896759733341,82.3659644141064,148.338438680094,586.799970181504,80.6917090104403,266.052366976287,912.075630063894,136.93741991197,rest
25.5806159825417,31.6743101117219,20.0633987085407,11.8392456722196,16.4366068327237,9.11883597603837,10.994516135948,13.7759923601781,7.59277031599496,18.314560435458,26.2011772871804,14.1669053120724,rest
37.0373915475281,50.3814009234309,27.4085613253896,4.57576139712337,5.36216943189751,3.34557040228061,17.0722105124604,24.0396662249266,12.9843294790834,10.0579406415868,12.1873350949135,6.97049458055024,rest
59.1508497301953,69.9930777965302,27.5055047210965,5.86986906516462,8.81859434530287,2.10815936719929,28.5723687556287,34.8726629520467,13.9997982096889,12.6668509331542,15.0044031967236,6.48103018057952,rest
37.4569094383189,51.8452754930314,24.3353031510338,4.3200386467625,8.08642385595556,1.99041951504437,18.5420079287202,26.6681399480283,12.8030845123672,8.36057295163305,11.3673440270729,5.11932936869585,rest
12.2182533008763,14.7698295518236,7.51881105178103,1.36166256776228,1.58918700373803,0.411753361666602,6.63029443405668,8.16418777583134,3.96037764524984,3.9122362659295,4.92737753016049,1.4366929307649,rest
31.6729884933252,46.1991345367078,24.6234332437363,2.2989774362581,3.01432105028097,1.40374441463121,17.2769753282682,24.3612479032281,13.1304953208029,7.53985111498855,10.2755447962093,5.37253051538443,rest
53.7698539107476,65.91625181297,26.6225755692837,3.23824012038283,3.98525651393888,1.60263514005622,28.9711576435908,34.6306794168026,14.4064274218283,11.5836210177379,14.3573884927409,5.70795611401462,rest
34.9039220586262,49.4518348875602,25.6314349360604,2.31830815914808,3.08845333832264,1.48452903078755,18.585871559736,25.9402874422727,13.5107323621126,7.62271171826797,10.9487621640319,5.30101755489947,rest
15.3987412257963,18.1876161046443,11.5227053015545,1.51411618202769,1.90056332125824,0.832243929239407,8.17300619325598,9.68743572259296,6.02511699479206,4.24789775517111,5.60639320785663,2.58888142000917,rest
42.7547638874894,59.975734526252,33.2012179227371,3.92062667645266,6.2126555646093,2.44370857757351,21.4864984832554,30.0527521500802,16.6537066904438,13.623116664141,25.6271699616826,7.36111911825633,rest
75.5119256894383,89.1989387074907,39.4643993474663,10.8489793981394,14.9804461170482,5.28237443679022,38.4457382205961,48.2680757056353,17.7215148773945,35.214781233064,51.7671253098891,11.9683602938461,new thumb
74.4381887805329,87.6232834123358,56.506997055489,18.046257335368,22.7798492569492,5.54297931311294,40.6813281787078,49.9403257871165,27.4982468381097,54.0840485561912,68.7881040936851,17.6152883136006,new thumb
65.3187758558631,77.599664780517,31.0299291607048,19.2644134853581,23.7866781217373,5.95957861872579,34.5593562251963,41.5097955726504,14.8857433738491,57.6752556737741,73.5875318922098,21.8764374783064,new thumb
40.6191885262828,55.9931314892317,24.9833476953788,16.7556058662022,20.3574824848526,5.40940165515009,24.2938836027822,31.2023839949765,12.0411106444665,47.9695319380211,63.6464221800517,15.4833802307664,new thumb
17.7032473801694,22.6477784348143,9.20070504354469,15.2905649819302,18.9221694903852,4.27723574141292,16.3778066791172,20.6893946399462,7.05757348150395,42.3755059428486,54.6433601190324,13.7163870856526,new thumb
36.4926637845114,52.0505083346004,27.2538154118736,14.8035231582561,18.6248017972602,5.00137403244982,24.8696102383631,32.5227654254779,13.0715132822966,42.7744418812401,55.2431362892351,13.530361616578,new thumb
58.3551717128058,71.8277195765992,29.0143731850054,13.3087688421937,16.5830815684136,3.67728142978009,35.0636009638377,42.5123123960385,16.7580975188758,38.7710733056363,50.5600811997793,10.1430944806812,new thumb
38.9791340943022,53.9658132965069,26.6233913764955,12.5710431211934,15.8373112401356,4.25369218789431,27.1912766616389,34.6512752922335,13.6845613314627,38.8212957979261,51.6212587748407,11.9268267555262,new thumb
16.4272197831651,21.1042697653396,8.07209472605873,13.569375329435,18.4159709615875,4.6786017956716,17.2539429406876,22.1821775809743,5.54863123903008,42.7260409222202,55.9752508835338,13.3840326916958,new thumb
36.4374599362835,53.0686540478624,27.5107116709606,14.4704135307592,19.0692495113717,4.26086953757915,24.1175087162224,32.4904069804641,13.3749284211808,40.7357012623566,53.7703385533069,11.6060870254204,new thumb
59.3976094581311,73.6895374575544,30.3458066440505,15.1364933788355,18.2227356342828,4.7161525695291,32.4162265019202,39.5923797769571,15.3460590925303,39.5152941411231,49.3526310848275,16.9356908143594,new thumb
38.3483136885721,55.0137176709337,26.5078588391908,14.7195267565302,18.3802921337606,4.51111089656016,24.4689175410306,30.7440770392034,13.5104104702684,34.3151500711223,41.6450398846558,11.6807752277713,new thumb
15.4275985748926,19.1068563409988,7.972005843403,14.1491053055645,17.8867333293314,4.12825728329898,18.0820583715901,22.4681164422502,5.47770714172204,31.9784036429181,39.2198583422039,9.46191666546006,new thumb
37.3909278395895,51.6947839926432,26.539627630077,14.8433722129462,17.9356365436334,4.50397496399208,26.048090808115,31.8936514595251,12.7994716463724,36.2111055984573,44.4666121528916,12.4976775883965,new thumb
61.7193256301679,74.0163532058712,29.7806350587555,16.9165387430179,21.1867952557609,5.38470658436459,32.6016012536302,38.9683719795788,14.9482781821192,35.6584051023287,45.3259660922149,12.5338592558244,new thumb
41.0240612377122,56.9436567957975,26.6539222190444,14.6266055405999,19.5898071995749,4.33991329263803,25.4709812954962,32.8231629923353,11.5617131695998,39.9847485811251,56.378575302766,12.5202515728436,new thumb
16.9251859299794,21.0922031872183,8.3023080593675,14.2443278329498,19.0571934743355,6.01925826611331,20.2640419345589,25.3833215294834,6.65283021958893,38.7074318008549,56.016130614211,13.4658441019359,new thumb
37.0693923454843,52.0692606931412,26.7325203936272,15.3698657719465,20.2386905615563,7.09675648218148,25.8612938968987,32.2009144632035,11.3680150134535,38.5101762820769,51.3552933090535,12.30743879686,new thumb
60.7301361589454,73.8662518236137,28.5104881686484,17.549402921732,22.021910647502,6.45296466222586,36.4829887441272,44.5407107952311,16.3278192785065,52.9752839618571,67.504130980853,19.6933923042932,new thumb
90.7807841700427,155.389934157946,41.4458064238361,55.7075894946842,105.703780797,35.9842888244672,82.623517046598,133.879320713311,53.0479456513057,137.729142282678,260.193343467869,86.4165904841535,new thumb
247.175407970578,732.785149720646,98.850996911008,171.632329169022,518.63020501219,69.5022526579378,196.297849022371,584.987113308989,80.6546362325346,399.383289074829,1162.08726479772,173.428319205376,rest
202.465861700176,718.576128100749,100.901446126037,134.822000885526,508.245459990547,70.7329220061495,141.72706599348,570.711027224959,80.7066462753818,310.072743513396,1134.28825128002,159.827870903001,rest
21.6763458137628,26.9215462119974,16.498034337248,9.48890778660095,13.7808442563226,7.23548052187849,9.31827952369007,12.3726922186103,5.41070195907464,20.4837589835584,30.9721363736273,16.0129672905304,rest
34.5312942394189,47.8252402268085,26.8850332669395,2.90743929526687,3.73709466191507,1.29082186604051,15.5635020827848,23.1099872203359,11.9275765217133,8.25559068057782,10.8084528760394,4.09393568370323,rest
54.4594228389957,66.1624319659517,27.7690039582553,3.08752123645304,3.81800660565165,1.52864414525556,26.6101725660776,32.9198876983502,13.5682911937294,11.5694406012414,14.1838464940445,5.68053147876417,rest
33.9818640752548,48.5802227747561,24.9408728706111,2.45127258883868,3.1621443411371,1.40008882312,17.150140815417,24.6067483686414,12.57341768445,7.96812402053682,11.2715444783648,5.18723836533376,rest
11.8832707818529,14.1729929908809,7.59394681445065,1.25327564562377,1.60493736785965,0.465188679699484,6.36433764104893,7.73970559606686,3.94379605032105,3.00045984389698,3.5922814258872,1.53839201576546,rest
30.7792240441337,45.5081161660647,24.3801878457533,2.17989544974963,2.98931413248281,1.48273463505219,16.2322596063334,23.2599869267871,12.4676565878748,7.31886377420027,10.4047303074463,5.47576217569986,rest
53.3908451439626,65.8791907537057,26.6755447887419,3.39941904434404,4.13540326302947,1.72739762253772,27.6659221261013,33.4949503950614,13.3947318794213,12.1213942285514,14.6197299900862,5.91028178788763,rest
35.5410813121237,50.0444968485752,25.1199217371768,2.48633010120981,3.27591969940156,1.55065770729477,18.132946550652,25.3814000908307,12.7813207956214,8.11066389446271,11.0189944451939,5.69728946334766,rest
13.6609865489232,16.0997625210864,10.8306584718877,1.41267483703875,1.72523540654519,0.773771743423292,6.82942556253174,7.9783282264371,5.28299911366257,3.39358366503159,4.00286546631474,2.16957734306336,rest
30.7791481698255,43.9175197691315,24.6258246892512,2.57311329591021,3.38122257825892,1.72222195985532,15.3033730367962,20.8635053493553,11.7281427849159,7.67342438922042,11.073492867368,5.49531485980792,rest
57.164534943731,68.5445922482763,27.8012050012626,8.21320021623464,11.5705721248715,2.9087618231373,28.0109985645467,33.1698010518341,14.0343515939726,31.0690237963064,49.0097228528444,12.9662519709536,new thumb
70.7058462242632,82.677063141058,53.0645265116275,14.0207410625092,17.5654365877364,5.46936717538801,36.4243037696364,43.6345432964583,25.1148403436433,49.4378977331297,65.390962894253,12.9381790240553,new thumb
66.6238212671362,81.0999065765173,33.3341290007225,14.6117956057182,18.4644074508994,4.70792010315462,36.6480102700544,44.4760214452916,16.8926159708543,49.4606510736423,63.3032891125504,16.3040431882014,new thumb
36.590294384109,52.7991828500899,27.8882394435697,11.8330356813077,15.5180562379813,3.53539662046474,24.4565173629415,31.2800565684065,12.7330403781861,43.4147205808538,54.0795076833234,16.6407128597849,new thumb
15.6004155527852,18.4676531904614,8.96265457837878,10.3999131885023,13.3156751674763,3.31745453681025,16.710896921268,20.964143210664,5.51011577872686,43.7007295807876,53.5068772968922,15.1337596113911,new thumb
40.4108114469401,56.0999092396276,27.8832414162022,13.1637281397798,16.0279154508149,3.95624145367701,24.0987935797064,30.5488624398156,13.382497725611,47.011694992873,59.3217105866916,13.3274996168364,new thumb
63.1535601721026,75.4668398099645,30.4975617161245,14.1095315483966,16.8376966046253,5.28140707981183,30.6877570246562,36.9304389217106,15.3269030972453,44.8560987224031,55.9008028012249,14.7187644449324,new thumb
38.490167393544,54.0480692581472,28.1472259549751,14.1738046267977,17.7084209505815,4.60136677516847,24.6249486119494,30.3397672578457,11.5876767841076,44.8864613276556,55.1465221176458,13.1705540289758,new thumb
15.8386121526026,19.0145017826419,8.62592678000267,13.4047663802382,16.9703197474173,4.52497922104764,18.0070636646857,21.3465711141255,5.89356405865798,47.4145300317329,63.5772466682769,15.8855910178725,new thumb
41.4435483853884,56.7612791992306,27.5855634309259,11.9310318064048,14.5836128889084,3.33655683106358,24.4058892297657,31.9226612120575,11.462598268196,54.0453588427032,70.9987540291237,20.3479441872825,new thumb
63.2723037182832,74.7641609687472,31.1125693813555,13.9762563762995,16.5193657807754,4.23384435126213,31.1846783410329,39.479634492666,14.0163956564374,54.3536320163482,67.6417214941757,17.1401239201202,new thumb
37.3765868514546,52.4337341108843,28.2125881535586,14.4613941696363,17.8846340626502,5.0508970311585,22.1878922966744,29.8641359175169,11.6970070718459,49.8740312000236,62.5380883965882,17.8257551014527,new thumb
16.9815930968039,21.3065408547452,8.36179669689378,12.6544411583573,16.415809638133,4.69249571180802,17.20752512778,22.325487612118,6.52615152502829,53.942863682428,69.8718803190702,19.1963086581864,new thumb
41.0102776589581,56.7816594487181,28.0545703746565,11.3551000837282,13.9709680645313,3.63964153226866,25.2239673365888,32.0339690982109,13.7334951254147,49.3463887556542,66.1265891066548,17.9759456017302,new thumb
62.5855219802413,75.9752153432182,31.2252514384615,11.3753645685183,13.9726020137669,4.10956387707885,29.4086430546982,36.1824475176827,13.8403894297671,46.7273443167624,58.6998897215251,16.5601257768389,new thumb
39.3485833784641,55.4627857933528,28.1283819131696,13.4921339052922,16.8352224762447,4.01790615063036,24.1338887275697,31.1162573895468,14.015100375778,57.5744840732116,72.7556496523669,17.6783667006688,new thumb
19.2177996485181,25.1577751259037,8.52553600072786,12.7013556332566,16.2652025471575,3.68983543018935,16.8112924157183,22.4869253700825,5.93535608169749,62.5244529315937,81.6218942498953,22.1668039965624,new thumb
44.4646029494843,60.6348797303246,27.5190028888038,12.9833272789136,16.766616649468,3.37058477532109,23.1960562385964,30.540111047191,14.3567704493219,54.5353523125745,70.694877772882,21.7587545588822,new thumb
69.9668158238864,83.2306060542215,33.8852448603706,28.617869074051,37.5348526336215,16.999213106575,35.8684424526155,43.0615351546777,17.6994736039481,48.2449545688296,60.3387255807002,14.2637384852186,new thumb
75.7866186408729,97.7096309132514,54.846077472345,129.288655611689,264.331932215594,94.4151395184274,121.24031541885,235.487297725325,79.7863002960052,90.8395993635888,153.127805335623,51.5351696611795,new thumb
111.665089769692,312.808315259829,43.1258565332681,554.520022266282,1567.63570790824,256.859796603442,499.678889275471,1407.04597562315,228.954980167577,321.897116424958,873.296580767255,144.288393417085,rest
85.4163709474718,304.130976681668,44.9387139646266,475.849729207889,1546.56759472065,254.9259728941,421.331837715188,1388.17052497588,225.637013913479,332.510415745185,872.51244563434,144.215014551625,rest
22.5478175747301,29.1207576084749,8.62419142400263,37.2445753714033,56.697095889608,20.2982424737283,34.2554838920261,44.8178954752344,22.0104766712896,110.083698466983,152.832824341905,36.9749213259186,rest
38.5842394055572,53.8999260262257,28.9571669606583,15.0267992753307,18.4645595200179,3.89534194758356,25.6600476874461,33.4972941331236,16.9278706382727,56.1724758609794,70.1900986403556,15.4527461484442,rest
60.5626884343407,74.80148868587,31.4424942862362,14.2893996207969,17.8426566243468,4.61449149485969,29.6842084665337,37.8651815876303,14.4109827577818,44.2929189864501,54.1933777526211,11.3439580995482,rest
39.8792545487035,56.3804683343807,28.3940691575649,13.248822162439,17.2254350441182,3.97278787876133,22.6250357408507,29.553341762212,13.0797498840454,49.8246411402558,64.1315029300617,13.7331653251519,rest
16.1412743906164,20.1188477984792,8.96190851419078,10.5071368509668,15.1215832996696,3.87394903953478,14.7653686829857,18.0141464639676,4.07112405549695,51.9558714998509,72.2027196983782,17.750891569139,rest
33.862448525096,48.4258233990093,26.3390206889011,6.04379692944692,9.4466536402049,1.67356406008587,21.4192538291999,27.5767862833541,13.5579306308882,36.9418020504317,54.3372940884677,10.8566326032141,rest
56.5878255522004,69.9130744917034,27.8673554843473,4.14117090489062,5.10961332553982,1.95202199527148,29.5760507328485,35.9018866104406,14.3905723274472,20.5033514361693,25.5600202664489,8.68006464511573,rest
37.0536085278751,53.3784355858053,26.1368554802814,2.66271923485235,3.71679305305915,1.71984154521993,19.1134886664731,26.9963506666296,13.4115982657114,12.7477923405584,17.4710593722759,6.25232717552255,rest
14.0035203300826,16.8866638297928,9.29633558464045,1.53417259461002,1.92785700303649,0.70550848633029,7.07083329846117,8.56385520603171,4.70858595549891,7.95274738393237,10.3041481954863,2.07196738635833,rest
38.8273530452402,56.029146419476,30.4461823796523,3.84138248751584,5.40626382819821,2.74807124242336,17.7597702711107,25.0309172611664,13.6803829500509,12.725495704658,17.0132637968492,5.39810114272168,rest
65.8232047571011,78.9203546217709,33.6147618362707,11.207261417203,15.8152088957564,3.40138851511871,31.1503992600974,38.1143174308817,15.4931775638258,35.7065047308904,51.7092139921168,13.8727218317394,new thumb
64.4165449610464,75.922111755896,45.0177950013698,18.2333666791903,23.1575776355714,5.38378612872273,31.0037461236918,40.1491262015578,17.4281206975978,77.8901237767525,106.174554001568,29.6662647192125,new thumb
65.4500302446062,78.7707932543434,32.7729253822096,19.1248125882554,23.5446667470539,5.42017156413322,29.40471956342,38.1414383345229,13.1474356950441,89.2274882065295,116.606642341794,37.7146754842398,new thumb
45.0169201904436,62.8843998380012,24.8870177897158,17.8867283683422,22.1869392285173,5.62465508794281,23.6699535556774,30.3766050839241,10.0221512568894,69.8270129975076,91.1636816365848,24.0883162628014,new thumb
17.4083039935366,21.2162432308055,9.32372605104948,16.1713218891267,20.7153831649588,5.67774917347556,15.9152229257833,19.9529870906998,4.99269639615887,62.034261695593,80.5495746318347,20.7998348899424,new thumb
34.111638998062,47.1336211632042,24.3668446055659,16.4077360909488,21.4292369970139,4.20140382129954,19.8031374613038,25.6198053209318,10.4771269435645,64.4589597922005,81.6201115992355,18.002271321274,new thumb
64.1224213962286,76.4251571786673,30.652925786264,17.8140086576405,24.2656458744905,5.70297309930983,28.2727166510562,34.8195223601748,11.7776008907134,54.6846937706317,71.4650119408295,18.1747109992558,new thumb
46.4445846485678,63.4309126252542,24.2009129612299,15.2145884465564,20.8139233542647,3.85829727463741,23.8239341751548,30.4798419109382,10.4057337651624,50.0196255391982,63.0794717395926,16.1945966802591,new thumb
17.1130946348099,20.7472709288314,8.75831477821146,15.5740078615169,20.7119628842919,5.48756035802726,15.4882328518726,19.4125033276805,5.23867955940078,50.239776267984,63.5798806596209,16.9346419590277,new thumb
35.3033190728307,49.0303250690422,25.8834564260186,15.148762891292,20.3498755341775,5.56420742368234,20.6636909976117,25.9937986465926,9.26527127629826,51.5682411316022,64.8417865901007,18.6064184504317,new thumb
64.056993076034,78.0388218705579,30.9138916578404,12.4626003489826,16.8437690055579,4.50681732593004,28.7829869155038,34.1877066370195,14.1292774425792,50.8549447420257,64.3321876199457,14.9226343342277,new thumb
44.7024585591765,63.9875896030147,24.7434451382067,10.8059775572559,15.183887583499,3.04186937482527,23.674533725097,29.5058225304352,9.71560202914056,48.880749086025,62.7643043076747,17.1637475433618,new thumb
14.526085563255,19.1517329005835,8.84474564303363,9.2864001351547,11.4430418167824,3.13498456876205,15.7750686583881,19.6655008006542,4.10376901810749,58.7241796549194,73.4676768393837,17.6207876481289,new thumb
30.3802899061898,42.9821859361607,22.4114162418735,9.27922066051923,11.5027532356809,3.61354092593853,19.8996450124081,25.2964569907127,7.79276758900583,60.2516478252426,77.2279902535938,18.8875619656927,new thumb
57.3755673386909,70.0740245243393,27.9095379341358,9.56984996260923,11.9888698698076,3.56808271130526,25.7943838346785,31.651024558911,10.7354228429165,51.3838846561628,67.1041744613188,16.3064021205586,new thumb
42.273644283673,58.8950024726339,22.4977781193949,8.32012659605154,10.7362082908333,2.92287025091585,19.7721931715988,25.9241126966846,8.90655409214931,31.6473466820435,41.4656657607688,9.49667866968434,new thumb
14.6080676340326,19.0399067806318,8.86226727047103,7.20401011775401,9.34939640012888,2.18342998752282,11.8559961109773,15.4902233966023,3.85944778248728,34.6535000002319,46.7476649610485,11.4250135506982,new thumb
28.5846316730066,40.2344598520593,21.4276825587653,9.42497580831296,12.0186988368997,3.00944874981105,16.3575702235999,21.103595778898,8.74491288337544,54.4314208148663,69.4904200735465,20.098393269642,new thumb
65.3814791278121,78.6938281487898,33.6381844790192,22.6869070171615,30.739580075637,15.0169634304855,30.4798806367918,36.9458671790045,14.0533665273921,51.6472558469952,67.5452258340824,15.9236820065926,new thumb
124.731556997992,198.765895139184,80.1507031721231,119.963137594248,228.979968682164,80.7660881651091,120.237672810758,238.209225910987,77.5424693120496,96.9614243317155,184.054788463948,49.6556684179196,new thumb
307.656796517298,914.537119683282,122.528614801361,467.048853379949,1318.45352240635,211.756687238842,387.252271310663,1191.06351207276,161.24678651552,286.189746076042,777.985145233467,129.247568906168,rest
241.412130611104,895.680059513878,125.497114578522,382.4332912451,1299.09672497192,205.500164482003,305.319912027109,1167.85444460814,165.28403521949,223.030598814738,757.242611650746,112.198882813457,rest
23.4415885521285,28.9970685497406,17.3208725331193,21.2706787033394,30.6915061774169,16.3029650364861,25.190757670128,32.6444372620852,19.4735710050297,15.3848311681767,22.0828705218849,11.6795269891654,rest
34.8666694555745,48.7342750677593,27.1276054468519,5.0591936347227,6.83107258466233,2.12479134436106,21.7776532886043,27.2162404048282,16.7604881226802,8.4667772742496,11.0776197978505,5.53797314009452,rest
55.2653391810906,68.0842488705443,27.643454740239,3.69397608846841,4.9045416019555,1.60612800584604,29.7568133342834,35.3496209647302,14.5744684845927,11.9096514789761,14.6486759001247,6.02424259364492,rest
34.3578456214898,50.2903993235002,25.3403384042994,2.60097870811293,3.69524955716316,1.80403261866512,17.9969893004986,25.4738066541543,13.0220704468652,7.71627181888921,11.1343777669726,5.48205300328241,rest
12.1412570102887,14.6837882142588,7.77209539911006,1.21174306824221,1.54832336143713,0.4854572033136,6.20749305752936,7.3814308768198,3.9840630312581,2.8547676357001,3.61239703652586,1.57492822038326,rest
32.7435216934124,46.8188329255888,25.2176340374503,2.30611913166891,3.18698908502162,1.50869448220525,16.7431868268062,24.2751632720597,12.9280443482473,6.81211389626538,9.89817935287596,5.15605508525317,rest
56.3169038303486,67.1124436227141,27.4586183626301,3.55434287717409,4.38436779163086,1.82252364632479,29.2803152690722,34.9404714749176,14.2328999304248,11.5325800542527,14.129990128694,5.56562653712904,rest
36.0587993562763,50.2911594901876,25.1465780313129,2.41661598498077,3.35590275413444,1.46972354542105,18.9412697062771,26.2845748624541,13.0381282276631,7.67848723306905,10.8058788957101,5.12777196962833,rest
8.72048527576976,11.4364631553805,6.63169579830862,1.11701256373812,1.38615141875259,0.365760125693386,5.23306724165172,6.57863932987826,3.90598732364794,3.94327071438258,5.7390146884838,1.48030295090317,rest
7.425530751538,9.77617450310165,5.70381011002245,1.14802229984517,1.47650746340448,0.453222444809859,6.14352211419073,7.88951041716179,4.66334487188982,4.4066151215795,6.30444320869594,1.47294478460875,rest
18.4138033272209,23.6498850797614,8.91593920537758,9.82579916013077,16.1000790814994,4.22940979195933,15.8574314344682,21.0109745085013,6.77715279239682,46.9445065090433,78.9653820521803,22.3791647958132,new thumb
44.1237072650851,56.8886471889736,33.5075282314434,18.4510989943516,23.3446914133272,5.33670450012676,24.0224223036043,29.8524618792096,9.92998246175079,75.71897889667,96.3334988809059,27.6650438466653,new thumb
67.3054247031417,80.9142274674359,31.7467690785678,16.8699071925765,21.6512194695507,5.06106712090568,27.2770592085075,34.1055204908735,10.4552845031769,62.7248269755122,77.5447919981602,22.1833927146243,new thumb
45.7518162071402,64.3897141872166,27.703023594102,16.4878954790998,20.8181964243207,5.174348194616,24.0892487431059,31.1729491942233,8.11479735388997,54.4526814670209,67.0757547718853,16.4811938609459,new thumb
17.3296435661445,23.5844318851846,8.01485509226738,17.1783645068229,21.9412556329344,6.0593043985955,18.9195052146988,24.2081327790203,6.93881914271123,46.3392710052453,57.4610144068011,14.3259846117123,new thumb
36.3351547983908,51.2039518095035,25.6517407481605,17.5227620718407,22.6027904748316,5.71130949215123,20.7359552228377,26.543072101254,8.621500834493,51.6235130761657,65.040725140641,16.0424590106681,new thumb
60.7768138648989,74.4829163711249,31.0589095279012,16.9185063286113,21.2048537507602,5.72197025646195,24.3576722978197,31.084653374288,10.7620012906034,61.9191420794274,79.0370511519675,18.8235398348697,new thumb
43.1081310356133,59.0121937659367,25.7728580845363,15.9649544775552,19.780432605802,5.21346608611553,22.7351070172173,29.251703744694,8.34801406777222,62.6473602263308,79.5331706481899,21.0001641967931,new thumb
17.7838547142891,22.8859743486366,9.84310726418485,14.6415271921411,19.0783906036895,4.52507744163531,18.0788722768119,23.8314243422646,5.00214547663299,56.3011726047977,70.7583350485965,18.7941458834817,new thumb
33.8119519386661,48.2413435434638,24.9122546456117,14.0226772165411,18.2190288150592,4.48312959595734,23.4772757877402,29.9214619684748,7.76692545881631,60.8739559171921,76.2593822049433,17.5662003119963,new thumb
60.0203834997549,74.4744297356601,29.4923679083605,14.9511717938951,19.3201361155329,5.33951377911162,29.094913449994,35.2724590291316,11.3049740708306,63.818977843338,77.8736304619518,19.523862792245,new thumb
42.6987452768573,60.4035324213353,24.795516144591,14.1034257929862,18.2198684083734,5.25814640351658,23.2925379983216,29.09506741435,8.37298804387258,54.5592214324571,65.379853051708,17.7228977962739,new thumb
17.1862801858613,21.2037024591424,8.70710111923701,15.4157688409125,19.4410604882531,5.08455111792184,18.6407415736713,22.6405969056438,4.32168582046353,47.5231170373125,58.3733880820062,15.5232816732562,new thumb
35.433165675808,50.2041648251874,25.8747075629172,15.995521473469,20.1582008795012,5.70435897330005,19.5621377866842,24.6180932067775,6.59457146858735,51.4703436336361,65.4398214552024,17.5007740531324,new thumb
59.3261375703002,74.1516626632331,31.4529186903591,15.3373420008005,19.7727142285462,5.09810285205824,23.7436964255511,30.4776044018109,8.967056849188,54.9098620558632,69.3387895201575,22.4107800733691,new thumb
43.0699407507234,59.4545397371434,25.7217878272697,15.8118511795926,19.9296514528038,4.7147560796257,23.2461819925218,30.0723289534278,7.2525423060326,55.8135763482802,72.01232460506,19.4304345131935,new thumb
20.7603911571048,25.4384170058257,8.78044560163098,13.9441217576423,17.6655016084037,4.36600303882852,19.9554314308367,25.2713893514785,5.36150126355078,55.4718148329496,73.2569158505328,18.2276978410546,new thumb
36.1805220842573,47.2336827938398,25.4119254868907,12.4335234427325,16.2989017926963,3.75838292705561,20.401266589376,24.8316572761369,5.8730813884777,50.7867396049865,66.9172348687302,20.3153795742174,new thumb
61.2030693837898,73.2893957496833,28.7001918919552,15.083479352984,18.9474620296042,5.24392397776374,22.8086636595874,28.2319461177878,10.5215978749341,49.3726911634573,65.2115871883499,14.1744215309718,new thumb
52.5143959073564,65.9406285838577,31.2008061428045,15.6093235827442,19.5789974037302,3.95882285966732,24.598770492198,32.2810669070822,9.11378521172158,51.2614007278413,66.6766291965269,13.9979190390463,new thumb
